Activity,smoothing_type,rep_id,Metric,Score,Species
1,Bayesian,1,Precision,0.909685207249012,Clemente_Echidna
1,Bayesian,1,Recall,0.939617203186735,Clemente_Echidna
1,Bayesian,1,F1,0.924408972153189,Clemente_Echidna
1,Bayesian,1,Accuracy,0.794339547012471,Clemente_Echidna
2,Bayesian,1,Precision,0.427557090769526,Clemente_Echidna
2,Bayesian,1,Recall,0.45032844871147,Clemente_Echidna
2,Bayesian,1,F1,0.43864743810602,Clemente_Echidna
2,Bayesian,1,Accuracy,0.681474548476596,Clemente_Echidna
3,Bayesian,1,Precision,0.878596668349319,Clemente_Echidna
3,Bayesian,1,Recall,0.58494370694001,Clemente_Echidna
3,Bayesian,1,F1,0.702310097851306,Clemente_Echidna
3,Bayesian,1,Accuracy,0.789141797115205,Clemente_Echidna
4,Bayesian,1,Precision,0,Clemente_Echidna
4,Bayesian,1,Recall,0,Clemente_Echidna
4,Bayesian,1,F1,0,Clemente_Echidna
4,Bayesian,1,Accuracy,0.5,Clemente_Echidna
Macro-Average,Bayesian,1,Precision,0.553959741591964,Clemente_Echidna
Macro-Average,Bayesian,1,Recall,0.493722339709554,Clemente_Echidna
Macro-Average,Bayesian,1,F1,0.516341627027629,Clemente_Echidna
Macro-Average,Bayesian,1,Accuracy,0.691238973151068,Clemente_Echidna
1,Bayesian,2,Precision,0.978082315422107,Clemente_Echidna
1,Bayesian,2,Recall,0.641206694214061,Clemente_Echidna
1,Bayesian,2,F1,0.77460283421791,Clemente_Echidna
1,Bayesian,2,Accuracy,0.772191598037387,Clemente_Echidna
2,Bayesian,2,Precision,0.0648105493493032,Clemente_Echidna
2,Bayesian,2,Recall,0.230022481095442,Clemente_Echidna
2,Bayesian,2,F1,0.101127633766117,Clemente_Echidna
2,Bayesian,2,Accuracy,0.462751319112922,Clemente_Echidna
3,Bayesian,2,Precision,0.715681144252573,Clemente_Echidna
3,Bayesian,2,Recall,0.888479861411867,Clemente_Echidna
3,Bayesian,2,F1,0.792773645058448,Clemente_Echidna
3,Bayesian,2,Accuracy,0.936952148248475,Clemente_Echidna
4,Bayesian,2,Precision,0.0419646613378208,Clemente_Echidna
4,Bayesian,2,Recall,0.619565217391304,Clemente_Echidna
4,Bayesian,2,F1,0.0786052009456265,Clemente_Echidna
4,Bayesian,2,Accuracy,0.770453564181167,Clemente_Echidna
Macro-Average,Bayesian,2,Precision,0.450134667590451,Clemente_Echidna
Macro-Average,Bayesian,2,Recall,0.594818563528169,Clemente_Echidna
Macro-Average,Bayesian,2,F1,0.436777328497025,Clemente_Echidna
Macro-Average,Bayesian,2,Accuracy,0.735587157394988,Clemente_Echidna
1,Bayesian,3,Precision,0.991120636864666,Clemente_Echidna
1,Bayesian,3,Recall,0.377784585758677,Clemente_Echidna
1,Bayesian,3,F1,0.547050435701083,Clemente_Echidna
1,Bayesian,3,Accuracy,0.666670070657116,Clemente_Echidna
2,Bayesian,3,Precision,0.0533180728615544,Clemente_Echidna
2,Bayesian,3,Recall,0.894565217391304,Clemente_Echidna
2,Bayesian,3,F1,0.100637903275114,Clemente_Echidna
2,Bayesian,3,Accuracy,0.638594732852426,Clemente_Echidna
3,Bayesian,3,Precision,0.917417417417417,Clemente_Echidna
3,Bayesian,3,Recall,0.539514348785872,Clemente_Echidna
3,Bayesian,3,F1,0.67945510147345,Clemente_Echidna
3,Bayesian,3,Accuracy,0.768987965140048,Clemente_Echidna
4,Bayesian,3,Precision,0,Clemente_Echidna
4,Bayesian,3,Recall,0,Clemente_Echidna
4,Bayesian,3,F1,0,Clemente_Echidna
4,Bayesian,3,Accuracy,0.5,Clemente_Echidna
Macro-Average,Bayesian,3,Precision,0.49046403178591,Clemente_Echidna
Macro-Average,Bayesian,3,Recall,0.452966037983963,Clemente_Echidna
Macro-Average,Bayesian,3,F1,0.331785860112412,Clemente_Echidna
Macro-Average,Bayesian,3,Accuracy,0.643563192162397,Clemente_Echidna
1,Duration,1,Precision,0.890945511576267,Clemente_Echidna
1,Duration,1,Recall,0.929075717339206,Clemente_Echidna
1,Duration,1,F1,0.909611192580556,Clemente_Echidna
1,Duration,1,Accuracy,0.750630694926913,Clemente_Echidna
2,Duration,1,Precision,0.386421319796954,Clemente_Echidna
2,Duration,1,Recall,0.369277412834765,Clemente_Echidna
2,Duration,1,F1,0.377654901555475,Clemente_Echidna
2,Duration,1,Accuracy,0.642150020622752,Clemente_Echidna
3,Duration,1,Precision,0.755329008341057,Clemente_Echidna
3,Duration,1,Recall,0.547807091245169,Clemente_Echidna
3,Duration,1,F1,0.635044316742963,Clemente_Echidna
3,Duration,1,Accuracy,0.766592652669011,Clemente_Echidna
4,Duration,1,Precision,0,Clemente_Echidna
4,Duration,1,Recall,0,Clemente_Echidna
4,Duration,1,F1,0,Clemente_Echidna
4,Duration,1,Accuracy,0.499993556867091,Clemente_Echidna
Macro-Average,Duration,1,Precision,0.508173959928569,Clemente_Echidna
Macro-Average,Duration,1,Recall,0.461540055354785,Clemente_Echidna
Macro-Average,Duration,1,F1,0.480577602719749,Clemente_Echidna
Macro-Average,Duration,1,Accuracy,0.664841731271442,Clemente_Echidna
1,Duration,2,Precision,0.9500245432957,Clemente_Echidna
1,Duration,2,Recall,0.706206053194742,Clemente_Echidna
1,Duration,2,F1,0.810168686148729,Clemente_Echidna
1,Duration,2,Accuracy,0.727936891562815,Clemente_Echidna
2,Duration,2,Precision,0.0710149505158981,Clemente_Echidna
2,Duration,2,Recall,0.13784998978132,Clemente_Echidna
2,Duration,2,F1,0.0937391425196303,Clemente_Echidna
2,Duration,2,Accuracy,0.486201838782169,Clemente_Echidna
3,Duration,2,Precision,0.348262336951564,Clemente_Echidna
3,Duration,2,Recall,0.826764833261152,Clemente_Echidna
3,Duration,2,F1,0.490084076760157,Clemente_Echidna
3,Duration,2,Accuracy,0.881436891686688,Clemente_Echidna
4,Duration,2,Precision,0.0222262215423378,Clemente_Echidna
4,Duration,2,Recall,0.383540372670807,Clemente_Echidna
4,Duration,2,F1,0.0420175214765672,Clemente_Echidna
4,Duration,2,Accuracy,0.644855113583795,Clemente_Echidna
Macro-Average,Duration,2,Precision,0.347882013076375,Clemente_Echidna
Macro-Average,Duration,2,Recall,0.513590312227005,Clemente_Echidna
Macro-Average,Duration,2,F1,0.359002356726271,Clemente_Echidna
Macro-Average,Duration,2,Accuracy,0.685107683903867,Clemente_Echidna
1,Duration,3,Precision,0.979193022171916,Clemente_Echidna
1,Duration,3,Recall,0.429092447517762,Clemente_Echidna
1,Duration,3,F1,0.596703352436983,Clemente_Echidna
1,Duration,3,Accuracy,0.654680323375739,Clemente_Echidna
2,Duration,3,Precision,0.049457060630245,Clemente_Echidna
2,Duration,3,Recall,0.740942028985507,Clemente_Echidna
2,Duration,3,F1,0.0927248407354508,Clemente_Echidna
2,Duration,3,Accuracy,0.593709568438139,Clemente_Echidna
3,Duration,3,Precision,0.554338668913227,Clemente_Echidna
3,Duration,3,Recall,0.581015452538631,Clemente_Echidna
3,Duration,3,F1,0.567363655960336,Clemente_Echidna
3,Duration,3,Accuracy,0.783109331818811,Clemente_Echidna
4,Duration,3,Precision,0,Clemente_Echidna
4,Duration,3,Recall,0,Clemente_Echidna
4,Duration,3,F1,0,Clemente_Echidna
4,Duration,3,Accuracy,0.499959223617681,Clemente_Echidna
Macro-Average,Duration,3,Precision,0.395747187928847,Clemente_Echidna
Macro-Average,Duration,3,Recall,0.437762482260475,Clemente_Echidna
Macro-Average,Duration,3,F1,0.314197962283193,Clemente_Echidna
Macro-Average,Duration,3,Accuracy,0.632864611812592,Clemente_Echidna
1,HMM,1,Precision,0.870023767082591,Clemente_Echidna
1,HMM,1,Recall,0.948409871105641,Clemente_Echidna
1,HMM,1,F1,0.90752734822895,Clemente_Echidna
1,HMM,1,Accuracy,0.707696650952431,Clemente_Echidna
2,HMM,1,Precision,0.347062539481996,Clemente_Echidna
2,HMM,1,Recall,0.277614957049015,Clemente_Echidna
2,HMM,1,F1,0.308478382930938,Clemente_Echidna
2,HMM,1,Accuracy,0.600961644641941,Clemente_Echidna
3,HMM,1,Precision,0.854564032697548,Clemente_Echidna
3,HMM,1,Recall,0.421609813476727,Clemente_Echidna
3,HMM,1,F1,0.56464498705975,Clemente_Echidna
3,HMM,1,Accuracy,0.707848702864144,Clemente_Echidna
4,HMM,1,Precision,0,Clemente_Echidna
4,HMM,1,Recall,0,Clemente_Echidna
4,HMM,1,F1,0,Clemente_Echidna
4,HMM,1,Accuracy,0.499993556867091,Clemente_Echidna
Macro-Average,HMM,1,Precision,0.517912584815534,Clemente_Echidna
Macro-Average,HMM,1,Recall,0.411908660407846,Clemente_Echidna
Macro-Average,HMM,1,F1,0.44516267955491,Clemente_Echidna
Macro-Average,HMM,1,Accuracy,0.629125138831402,Clemente_Echidna
1,HMM,2,Precision,0.984426448340304,Clemente_Echidna
1,HMM,2,Recall,0.654549757891934,Clemente_Echidna
1,HMM,2,F1,0.786290967462964,Clemente_Echidna
1,HMM,2,Accuracy,0.792386521689189,Clemente_Echidna
2,HMM,2,Precision,0.133904594502222,Clemente_Echidna
2,HMM,2,Recall,0.560494584099734,Clemente_Echidna
2,HMM,2,F1,0.216166154331205,Clemente_Echidna
2,HMM,2,Accuracy,0.613943137844566,Clemente_Echidna
3,HMM,2,Precision,0.758227374719521,Clemente_Echidna
3,HMM,2,Recall,0.878085751407536,Clemente_Echidna
3,HMM,2,F1,0.813766807144291,Clemente_Echidna
3,HMM,2,Accuracy,0.933261831091809,Clemente_Echidna
4,HMM,2,Precision,0.0548398969451601,Clemente_Echidna
4,HMM,2,Recall,0.231366459627329,Clemente_Echidna
4,HMM,2,F1,0.0886640880690271,Clemente_Echidna
4,HMM,2,Accuracy,0.604595625651496,Clemente_Echidna
Macro-Average,HMM,2,Precision,0.482849578626802,Clemente_Echidna
Macro-Average,HMM,2,Recall,0.581124138256633,Clemente_Echidna
Macro-Average,HMM,2,F1,0.476222004251872,Clemente_Echidna
Macro-Average,HMM,2,Accuracy,0.736046779069265,Clemente_Echidna
1,HMM,3,Precision,0.977341389728097,Clemente_Echidna
1,HMM,3,Recall,0.575765533137847,Clemente_Echidna
1,HMM,3,F1,0.724637148968594,Clemente_Echidna
1,HMM,3,Accuracy,0.700239088408004,Clemente_Echidna
2,HMM,3,Precision,0.0576102418207681,Clemente_Echidna
2,HMM,3,Recall,0.675,Clemente_Echidna
2,HMM,3,F1,0.106159895150721,Clemente_Echidna
2,HMM,3,Accuracy,0.622908480854,Clemente_Echidna
3,HMM,3,Precision,0.946205571565802,Clemente_Echidna
3,HMM,3,Recall,0.434878587196468,Clemente_Echidna
3,HMM,3,F1,0.59588626739262,Clemente_Echidna
3,HMM,3,Accuracy,0.7170476961604,Clemente_Echidna
4,HMM,3,Precision,0,Clemente_Echidna
4,HMM,3,Recall,0,Clemente_Echidna
4,HMM,3,F1,0,Clemente_Echidna
4,HMM,3,Accuracy,0.499959223617681,Clemente_Echidna
Macro-Average,HMM,3,Precision,0.495289300778667,Clemente_Echidna
Macro-Average,HMM,3,Recall,0.421411030083579,Clemente_Echidna
Macro-Average,HMM,3,F1,0.356670827877984,Clemente_Echidna
Macro-Average,HMM,3,Accuracy,0.635038622260021,Clemente_Echidna
1,Mode,1,Precision,0.884899763701502,Clemente_Echidna
1,Mode,1,Recall,0.939908672841505,Clemente_Echidna
1,Mode,1,F1,0.911575095601919,Clemente_Echidna
1,Mode,1,Accuracy,0.739995759422702,Clemente_Echidna
2,Mode,1,Precision,0.40080738177624,Clemente_Echidna
2,Mode,1,Recall,0.351187468418393,Clemente_Echidna
2,Mode,1,F1,0.374360355507676,Clemente_Echidna
2,Mode,1,Accuracy,0.637550176349302,Clemente_Echidna
3,Mode,1,Precision,0.875863834143844,Clemente_Echidna
3,Mode,1,Recall,0.575029406822383,Clemente_Echidna
3,Mode,1,F1,0.694258470277947,Clemente_Echidna
3,Mode,1,Accuracy,0.784156954280052,Clemente_Echidna
4,Mode,1,Precision,0,Clemente_Echidna
4,Mode,1,Recall,0,Clemente_Echidna
4,Mode,1,F1,0,Clemente_Echidna
4,Mode,1,Accuracy,0.5,Clemente_Echidna
Macro-Average,Mode,1,Precision,0.540392744905397,Clemente_Echidna
Macro-Average,Mode,1,Recall,0.46653138702057,Clemente_Echidna
Macro-Average,Mode,1,F1,0.495048480346885,Clemente_Echidna
Macro-Average,Mode,1,Accuracy,0.665425722513014,Clemente_Echidna
1,Mode,2,Precision,0.950594932981427,Clemente_Echidna
1,Mode,2,Recall,0.859567459886983,Clemente_Echidna
1,Mode,2,F1,0.902792451266754,Clemente_Echidna
1,Mode,2,Accuracy,0.779265388635677,Clemente_Echidna
2,Mode,2,Precision,0.0833608179419525,Clemente_Echidna
2,Mode,2,Recall,0.103310852237891,Clemente_Echidna
2,Mode,2,F1,0.0922697818746007,Clemente_Echidna
2,Mode,2,Accuracy,0.49954269724389,Clemente_Echidna
3,Mode,2,Precision,0.62784733745663,Clemente_Echidna
3,Mode,2,Recall,0.901255954958857,Clemente_Echidna
3,Mode,2,F1,0.740108473370677,Clemente_Echidna
3,Mode,2,Accuracy,0.939597941085226,Clemente_Echidna
4,Mode,2,Precision,0.0374937510414931,Clemente_Echidna
4,Mode,2,Recall,0.349378881987578,Clemente_Echidna
4,Mode,2,F1,0.0677200902934537,Clemente_Echidna
4,Mode,2,Accuracy,0.649750966834642,Clemente_Echidna
Macro-Average,Mode,2,Precision,0.424824209855376,Clemente_Echidna
Macro-Average,Mode,2,Recall,0.553378287267827,Clemente_Echidna
Macro-Average,Mode,2,F1,0.450722699201371,Clemente_Echidna
Macro-Average,Mode,2,Accuracy,0.717039248449859,Clemente_Echidna
1,Mode,3,Precision,0.983412002697235,Clemente_Echidna
1,Mode,3,Recall,0.425518257545917,Clemente_Echidna
1,Mode,3,F1,0.594010610241632,Clemente_Echidna
1,Mode,3,Accuracy,0.66563269199135,Clemente_Echidna
2,Mode,3,Precision,0.0520513241537848,Clemente_Echidna
2,Mode,3,Recall,0.803985507246377,Clemente_Echidna
2,Mode,3,F1,0.097772686215329,Clemente_Echidna
2,Mode,3,Accuracy,0.617429259883135,Clemente_Echidna
3,Mode,3,Precision,0.939024390243902,Clemente_Echidna
3,Mode,3,Recall,0.611920529801325,Clemente_Echidna
3,Mode,3,F1,0.740978348035285,Clemente_Echidna
3,Mode,3,Accuracy,0.805330911875572,Clemente_Echidna
4,Mode,3,Precision,0,Clemente_Echidna
4,Mode,3,Recall,0,Clemente_Echidna
4,Mode,3,F1,0,Clemente_Echidna
4,Mode,3,Accuracy,0.5,Clemente_Echidna
Macro-Average,Mode,3,Precision,0.493621929273731,Clemente_Echidna
Macro-Average,Mode,3,Recall,0.460356073648405,Clemente_Echidna
Macro-Average,Mode,3,F1,0.358190411123061,Clemente_Echidna
Macro-Average,Mode,3,Accuracy,0.647098215937514,Clemente_Echidna
1,No,1,Precision,0.890945511576267,Clemente_Echidna
1,No,1,Recall,0.929075717339206,Clemente_Echidna
1,No,1,F1,0.909611192580556,Clemente_Echidna
1,No,1,Accuracy,0.750630694926913,Clemente_Echidna
2,No,1,Precision,0.386421319796954,Clemente_Echidna
2,No,1,Recall,0.369277412834765,Clemente_Echidna
2,No,1,F1,0.377654901555475,Clemente_Echidna
2,No,1,Accuracy,0.642150020622752,Clemente_Echidna
3,No,1,Precision,0.755329008341057,Clemente_Echidna
3,No,1,Recall,0.547807091245169,Clemente_Echidna
3,No,1,F1,0.635044316742963,Clemente_Echidna
3,No,1,Accuracy,0.766592652669011,Clemente_Echidna
4,No,1,Precision,0,Clemente_Echidna
4,No,1,Recall,0,Clemente_Echidna
4,No,1,F1,0,Clemente_Echidna
4,No,1,Accuracy,0.499993556867091,Clemente_Echidna
Macro-Average,No,1,Precision,0.508173959928569,Clemente_Echidna
Macro-Average,No,1,Recall,0.461540055354785,Clemente_Echidna
Macro-Average,No,1,F1,0.480577602719749,Clemente_Echidna
Macro-Average,No,1,Accuracy,0.664841731271442,Clemente_Echidna
1,No,2,Precision,0.9500245432957,Clemente_Echidna
1,No,2,Recall,0.706206053194742,Clemente_Echidna
1,No,2,F1,0.810168686148729,Clemente_Echidna
1,No,2,Accuracy,0.727936891562815,Clemente_Echidna
2,No,2,Precision,0.0710149505158981,Clemente_Echidna
2,No,2,Recall,0.13784998978132,Clemente_Echidna
2,No,2,F1,0.0937391425196303,Clemente_Echidna
2,No,2,Accuracy,0.486201838782169,Clemente_Echidna
3,No,2,Precision,0.348262336951564,Clemente_Echidna
3,No,2,Recall,0.826764833261152,Clemente_Echidna
3,No,2,F1,0.490084076760157,Clemente_Echidna
3,No,2,Accuracy,0.881436891686688,Clemente_Echidna
4,No,2,Precision,0.0222262215423378,Clemente_Echidna
4,No,2,Recall,0.383540372670807,Clemente_Echidna
4,No,2,F1,0.0420175214765672,Clemente_Echidna
4,No,2,Accuracy,0.644855113583795,Clemente_Echidna
Macro-Average,No,2,Precision,0.347882013076375,Clemente_Echidna
Macro-Average,No,2,Recall,0.513590312227005,Clemente_Echidna
Macro-Average,No,2,F1,0.359002356726271,Clemente_Echidna
Macro-Average,No,2,Accuracy,0.685107683903867,Clemente_Echidna
1,No,3,Precision,0.979193022171916,Clemente_Echidna
1,No,3,Recall,0.429092447517762,Clemente_Echidna
1,No,3,F1,0.596703352436983,Clemente_Echidna
1,No,3,Accuracy,0.654680323375739,Clemente_Echidna
2,No,3,Precision,0.049457060630245,Clemente_Echidna
2,No,3,Recall,0.740942028985507,Clemente_Echidna
2,No,3,F1,0.0927248407354508,Clemente_Echidna
2,No,3,Accuracy,0.593709568438139,Clemente_Echidna
3,No,3,Precision,0.554338668913227,Clemente_Echidna
3,No,3,Recall,0.581015452538631,Clemente_Echidna
3,No,3,F1,0.567363655960336,Clemente_Echidna
3,No,3,Accuracy,0.783109331818811,Clemente_Echidna
4,No,3,Precision,0,Clemente_Echidna
4,No,3,Recall,0,Clemente_Echidna
4,No,3,F1,0,Clemente_Echidna
4,No,3,Accuracy,0.499959223617681,Clemente_Echidna
Macro-Average,No,3,Precision,0.395747187928847,Clemente_Echidna
Macro-Average,No,3,Recall,0.437762482260475,Clemente_Echidna
Macro-Average,No,3,F1,0.314197962283193,Clemente_Echidna
Macro-Average,No,3,Accuracy,0.632864611812592,Clemente_Echidna
1,Transition,1,Precision,0.898158633634798,Clemente_Echidna
1,Transition,1,Recall,0.937528337327547,Clemente_Echidna
1,Transition,1,F1,0.917421307410136,Clemente_Echidna
1,Transition,1,Accuracy,0.76880680998931,Clemente_Echidna
2,Transition,1,Precision,0.39989727786338,Clemente_Echidna
2,Transition,1,Recall,0.393431025770591,Clemente_Echidna
2,Transition,1,F1,0.396637799286806,Clemente_Echidna
2,Transition,1,Accuracy,0.653933902679809,Clemente_Echidna
3,Transition,1,Precision,0.830397584297937,Clemente_Echidna
3,Transition,1,Recall,0.55452865064695,Clemente_Echidna
3,Transition,1,F1,0.664987405541562,Clemente_Echidna
3,Transition,1,Accuracy,0.772598092510305,Clemente_Echidna
4,Transition,1,Precision,0,Clemente_Echidna
4,Transition,1,Recall,0,Clemente_Echidna
4,Transition,1,F1,0,Clemente_Echidna
4,Transition,1,Accuracy,0.5,Clemente_Echidna
Macro-Average,Transition,1,Precision,0.532113373949029,Clemente_Echidna
Macro-Average,Transition,1,Recall,0.471372003436272,Clemente_Echidna
Macro-Average,Transition,1,F1,0.494761628059626,Clemente_Echidna
Macro-Average,Transition,1,Accuracy,0.673834701294856,Clemente_Echidna
1,Transition,2,Precision,0.959681004405049,Clemente_Echidna
1,Transition,2,Recall,0.702557173992367,Clemente_Echidna
1,Transition,2,F1,0.811232449297972,Clemente_Echidna
1,Transition,2,Accuracy,0.75183015531091,Clemente_Echidna
2,Transition,2,Precision,0.0966695193267722,Clemente_Echidna
2,Transition,2,Recall,0.277028407929695,Clemente_Echidna
2,Transition,2,F1,0.143325403119218,Clemente_Echidna
2,Transition,2,Accuracy,0.519761684346986,Clemente_Echidna
3,Transition,2,Precision,0.592932752179328,Clemente_Echidna
3,Transition,2,Recall,0.82481593763534,Clemente_Echidna
3,Transition,2,F1,0.689911247962326,Clemente_Echidna
3,Transition,2,Accuracy,0.90071621966046,Clemente_Echidna
4,Transition,2,Precision,0.0295560144553433,Clemente_Echidna
4,Transition,2,Recall,0.355590062111801,Clemente_Echidna
4,Transition,2,F1,0.0545757864632984,Clemente_Echidna
4,Transition,2,Accuracy,0.645330975099768,Clemente_Echidna
Macro-Average,Transition,2,Precision,0.419709822591623,Clemente_Echidna
Macro-Average,Transition,2,Recall,0.539997895417301,Clemente_Echidna
Macro-Average,Transition,2,F1,0.424761221710703,Clemente_Echidna
Macro-Average,Transition,2,Accuracy,0.704409758604531,Clemente_Echidna
1,Transition,3,Precision,0.983066629879984,Clemente_Echidna
1,Transition,3,Recall,0.415846061826192,Clemente_Echidna
1,Transition,3,F1,0.584460186789416,Clemente_Echidna
1,Transition,3,Accuracy,0.6608923795721,Clemente_Echidna
2,Transition,3,Precision,0.0512154388569308,Clemente_Echidna
2,Transition,3,Recall,0.8,Clemente_Echidna
2,Transition,3,F1,0.096267875828392,Clemente_Echidna
2,Transition,3,Accuracy,0.611972059092766,Clemente_Echidna
3,Transition,3,Precision,0.813630880579011,Clemente_Echidna
3,Transition,3,Recall,0.595584988962472,Clemente_Echidna
3,Transition,3,F1,0.687738975274025,Clemente_Echidna
3,Transition,3,Accuracy,0.79563171576176,Clemente_Echidna
4,Transition,3,Precision,0,Clemente_Echidna
4,Transition,3,Recall,0,Clemente_Echidna
4,Transition,3,F1,0,Clemente_Echidna
4,Transition,3,Accuracy,0.49999320393628,Clemente_Echidna
Macro-Average,Transition,3,Precision,0.461978237328981,Clemente_Echidna
Macro-Average,Transition,3,Recall,0.452857762697166,Clemente_Echidna
Macro-Average,Transition,3,F1,0.342116759472958,Clemente_Echidna
Macro-Average,Transition,3,Accuracy,0.642122339590726,Clemente_Echidna
Not Moving,Bayesian,1,Precision,0.539039039039039,Desantis_Rattlesnake
Not Moving,Bayesian,1,Recall,0.978201634877384,Desantis_Rattlesnake
Not Moving,Bayesian,1,F1,0.695062923523717,Desantis_Rattlesnake
Not Moving,Bayesian,1,Accuracy,0.965168793740532,Desantis_Rattlesnake
Macro-Average,Bayesian,1,Precision,0.539039039039039,Desantis_Rattlesnake
Macro-Average,Bayesian,1,Recall,0.978201634877384,Desantis_Rattlesnake
Macro-Average,Bayesian,1,F1,0.695062923523717,Desantis_Rattlesnake
Macro-Average,Bayesian,1,Accuracy,0.965168793740532,Desantis_Rattlesnake
Not Moving,Bayesian,2,Precision,0.917525773195876,Desantis_Rattlesnake
Not Moving,Bayesian,2,Recall,0.948827292110874,Desantis_Rattlesnake
Not Moving,Bayesian,2,F1,0.932914046121593,Desantis_Rattlesnake
Not Moving,Bayesian,2,Accuracy,0.964537102845561,Desantis_Rattlesnake
Macro-Average,Bayesian,2,Precision,0.917525773195876,Desantis_Rattlesnake
Macro-Average,Bayesian,2,Recall,0.948827292110874,Desantis_Rattlesnake
Macro-Average,Bayesian,2,F1,0.932914046121593,Desantis_Rattlesnake
Macro-Average,Bayesian,2,Accuracy,0.964537102845561,Desantis_Rattlesnake
Not Moving,Bayesian,3,Precision,0.958051420838972,Desantis_Rattlesnake
Not Moving,Bayesian,3,Recall,0.98744769874477,Desantis_Rattlesnake
Not Moving,Bayesian,3,F1,0.972527472527472,Desantis_Rattlesnake
Not Moving,Bayesian,3,Accuracy,0.946611387366306,Desantis_Rattlesnake
Macro-Average,Bayesian,3,Precision,0.958051420838972,Desantis_Rattlesnake
Macro-Average,Bayesian,3,Recall,0.98744769874477,Desantis_Rattlesnake
Macro-Average,Bayesian,3,F1,0.972527472527472,Desantis_Rattlesnake
Macro-Average,Bayesian,3,Accuracy,0.946611387366306,Desantis_Rattlesnake
Not Moving,Duration,1,Precision,0.406720741599073,Desantis_Rattlesnake
Not Moving,Duration,1,Recall,0.956403269754768,Desantis_Rattlesnake
Not Moving,Duration,1,F1,0.570731707317073,Desantis_Rattlesnake
Not Moving,Duration,1,Accuracy,0.938288943888922,Desantis_Rattlesnake
Macro-Average,Duration,1,Precision,0.406720741599073,Desantis_Rattlesnake
Macro-Average,Duration,1,Recall,0.956403269754768,Desantis_Rattlesnake
Macro-Average,Duration,1,F1,0.570731707317073,Desantis_Rattlesnake
Macro-Average,Duration,1,Accuracy,0.938288943888922,Desantis_Rattlesnake
Not Moving,Duration,2,Precision,0.855907780979827,Desantis_Rattlesnake
Not Moving,Duration,2,Recall,0.949893390191898,Desantis_Rattlesnake
Not Moving,Duration,2,F1,0.900454775138959,Desantis_Rattlesnake
Not Moving,Duration,2,Accuracy,0.95642817657743,Desantis_Rattlesnake
Macro-Average,Duration,2,Precision,0.855907780979827,Desantis_Rattlesnake
Macro-Average,Duration,2,Recall,0.949893390191898,Desantis_Rattlesnake
Macro-Average,Duration,2,F1,0.900454775138959,Desantis_Rattlesnake
Macro-Average,Duration,2,Accuracy,0.95642817657743,Desantis_Rattlesnake
Not Moving,Duration,3,Precision,0.960055096418733,Desantis_Rattlesnake
Not Moving,Duration,3,Recall,0.9721059972106,Desantis_Rattlesnake
Not Moving,Duration,3,F1,0.966042966042966,Desantis_Rattlesnake
Not Moving,Duration,3,Accuracy,0.941980050277032,Desantis_Rattlesnake
Macro-Average,Duration,3,Precision,0.960055096418733,Desantis_Rattlesnake
Macro-Average,Duration,3,Recall,0.9721059972106,Desantis_Rattlesnake
Macro-Average,Duration,3,F1,0.966042966042966,Desantis_Rattlesnake
Macro-Average,Duration,3,Accuracy,0.941980050277032,Desantis_Rattlesnake
Not Moving,HMM,1,Precision,0.724373576309795,Desantis_Rattlesnake
Not Moving,HMM,1,Recall,0.866485013623978,Desantis_Rattlesnake
Not Moving,HMM,1,F1,0.78908188585608,Desantis_Rattlesnake
Not Moving,HMM,1,Accuracy,0.923810015386981,Desantis_Rattlesnake
Macro-Average,HMM,1,Precision,0.724373576309795,Desantis_Rattlesnake
Macro-Average,HMM,1,Recall,0.866485013623978,Desantis_Rattlesnake
Macro-Average,HMM,1,F1,0.78908188585608,Desantis_Rattlesnake
Macro-Average,HMM,1,Accuracy,0.923810015386981,Desantis_Rattlesnake
Not Moving,HMM,2,Precision,0.926014319809069,Desantis_Rattlesnake
Not Moving,HMM,2,Recall,0.8272921108742,Desantis_Rattlesnake
Not Moving,HMM,2,F1,0.873873873873874,Desantis_Rattlesnake
Not Moving,HMM,2,Accuracy,0.905991734449446,Desantis_Rattlesnake
Macro-Average,HMM,2,Precision,0.926014319809069,Desantis_Rattlesnake
Macro-Average,HMM,2,Recall,0.8272921108742,Desantis_Rattlesnake
Macro-Average,HMM,2,F1,0.873873873873874,Desantis_Rattlesnake
Macro-Average,HMM,2,Accuracy,0.905991734449446,Desantis_Rattlesnake
Not Moving,HMM,3,Precision,0.977207977207977,Desantis_Rattlesnake
Not Moving,HMM,3,Recall,0.95676429567643,Desantis_Rattlesnake
Not Moving,HMM,3,F1,0.966878083157153,Desantis_Rattlesnake
Not Moving,HMM,3,Accuracy,0.954066038415722,Desantis_Rattlesnake
Macro-Average,HMM,3,Precision,0.977207977207977,Desantis_Rattlesnake
Macro-Average,HMM,3,Recall,0.95676429567643,Desantis_Rattlesnake
Macro-Average,HMM,3,F1,0.966878083157153,Desantis_Rattlesnake
Macro-Average,HMM,3,Accuracy,0.954066038415722,Desantis_Rattlesnake
Not Moving,Mode,1,Precision,0.501396648044693,Desantis_Rattlesnake
Not Moving,Mode,1,Recall,0.978201634877384,Desantis_Rattlesnake
Not Moving,Mode,1,F1,0.662973222530009,Desantis_Rattlesnake
Not Moving,Mode,1,Accuracy,0.96127107001119,Desantis_Rattlesnake
Macro-Average,Mode,1,Precision,0.501396648044693,Desantis_Rattlesnake
Macro-Average,Mode,1,Recall,0.978201634877384,Desantis_Rattlesnake
Macro-Average,Mode,1,F1,0.662973222530009,Desantis_Rattlesnake
Macro-Average,Mode,1,Accuracy,0.96127107001119,Desantis_Rattlesnake
Not Moving,Mode,2,Precision,0.900507614213198,Desantis_Rattlesnake
Not Moving,Mode,2,Recall,0.945628997867804,Desantis_Rattlesnake
Not Moving,Mode,2,F1,0.922516900676027,Desantis_Rattlesnake
Not Moving,Mode,2,Accuracy,0.960715733501803,Desantis_Rattlesnake
Macro-Average,Mode,2,Precision,0.900507614213198,Desantis_Rattlesnake
Macro-Average,Mode,2,Recall,0.945628997867804,Desantis_Rattlesnake
Macro-Average,Mode,2,F1,0.922516900676027,Desantis_Rattlesnake
Macro-Average,Mode,2,Accuracy,0.960715733501803,Desantis_Rattlesnake
Not Moving,Mode,3,Precision,0.974079126875853,Desantis_Rattlesnake
Not Moving,Mode,3,Recall,0.99581589958159,Desantis_Rattlesnake
Not Moving,Mode,3,F1,0.984827586206897,Desantis_Rattlesnake
Not Moving,Mode,3,Accuracy,0.969032569851585,Desantis_Rattlesnake
Macro-Average,Mode,3,Precision,0.974079126875853,Desantis_Rattlesnake
Macro-Average,Mode,3,Recall,0.99581589958159,Desantis_Rattlesnake
Macro-Average,Mode,3,F1,0.984827586206897,Desantis_Rattlesnake
Macro-Average,Mode,3,Accuracy,0.969032569851585,Desantis_Rattlesnake
Not Moving,No,1,Precision,0.391666666666667,Desantis_Rattlesnake
Not Moving,No,1,Recall,0.896457765667575,Desantis_Rattlesnake
Not Moving,No,1,F1,0.545153272576636,Desantis_Rattlesnake
Not Moving,No,1,Accuracy,0.908394146319912,Desantis_Rattlesnake
Macro-Average,No,1,Precision,0.391666666666667,Desantis_Rattlesnake
Macro-Average,No,1,Recall,0.896457765667575,Desantis_Rattlesnake
Macro-Average,No,1,F1,0.545153272576636,Desantis_Rattlesnake
Macro-Average,No,1,Accuracy,0.908394146319912,Desantis_Rattlesnake
Not Moving,No,2,Precision,0.868559411146162,Desantis_Rattlesnake
Not Moving,No,2,Recall,0.880597014925373,Desantis_Rattlesnake
Not Moving,No,2,F1,0.874536791953415,Desantis_Rattlesnake
Not Moving,No,2,Accuracy,0.924866408697254,Desantis_Rattlesnake
Macro-Average,No,2,Precision,0.868559411146162,Desantis_Rattlesnake
Macro-Average,No,2,Recall,0.880597014925373,Desantis_Rattlesnake
Macro-Average,No,2,F1,0.874536791953415,Desantis_Rattlesnake
Macro-Average,No,2,Accuracy,0.924866408697254,Desantis_Rattlesnake
Not Moving,No,3,Precision,0.96105702364395,Desantis_Rattlesnake
Not Moving,No,3,Recall,0.96373779637378,Desantis_Rattlesnake
Not Moving,No,3,F1,0.962395543175487,Desantis_Rattlesnake
Not Moving,No,3,Accuracy,0.939315706697528,Desantis_Rattlesnake
Macro-Average,No,3,Precision,0.96105702364395,Desantis_Rattlesnake
Macro-Average,No,3,Recall,0.96373779637378,Desantis_Rattlesnake
Macro-Average,No,3,F1,0.962395543175487,Desantis_Rattlesnake
Macro-Average,No,3,Accuracy,0.939315706697528,Desantis_Rattlesnake
Not Moving,Transition,1,Precision,0.493723849372385,Desantis_Rattlesnake
Not Moving,Transition,1,Recall,0.964577656675749,Desantis_Rattlesnake
Not Moving,Transition,1,F1,0.653136531365314,Desantis_Rattlesnake
Not Moving,Transition,1,Accuracy,0.953991354062851,Desantis_Rattlesnake
Macro-Average,Transition,1,Precision,0.493723849372385,Desantis_Rattlesnake
Macro-Average,Transition,1,Recall,0.964577656675749,Desantis_Rattlesnake
Macro-Average,Transition,1,F1,0.653136531365314,Desantis_Rattlesnake
Macro-Average,Transition,1,Accuracy,0.953991354062851,Desantis_Rattlesnake
Not Moving,Transition,2,Precision,0.901554404145078,Desantis_Rattlesnake
Not Moving,Transition,2,Recall,0.927505330490405,Desantis_Rattlesnake
Not Moving,Transition,2,F1,0.914345769837099,Desantis_Rattlesnake
Not Moving,Transition,2,Accuracy,0.952024270183474,Desantis_Rattlesnake
Macro-Average,Transition,2,Precision,0.901554404145078,Desantis_Rattlesnake
Macro-Average,Transition,2,Recall,0.927505330490405,Desantis_Rattlesnake
Macro-Average,Transition,2,F1,0.914345769837099,Desantis_Rattlesnake
Macro-Average,Transition,2,Accuracy,0.952024270183474,Desantis_Rattlesnake
Not Moving,Transition,3,Precision,0.973901098901099,Desantis_Rattlesnake
Not Moving,Transition,3,Recall,0.98884239888424,Desantis_Rattlesnake
Not Moving,Transition,3,F1,0.981314878892733,Desantis_Rattlesnake
Not Moving,Transition,3,Accuracy,0.96554581950291,Desantis_Rattlesnake
Macro-Average,Transition,3,Precision,0.973901098901099,Desantis_Rattlesnake
Macro-Average,Transition,3,Recall,0.98884239888424,Desantis_Rattlesnake
Macro-Average,Transition,3,F1,0.981314878892733,Desantis_Rattlesnake
Macro-Average,Transition,3,Accuracy,0.96554581950291,Desantis_Rattlesnake
Rest,Bayesian,1,Precision,0.938833570412518,Dunford_Cat
Rest,Bayesian,1,Recall,0.92436974789916,Dunford_Cat
Rest,Bayesian,1,F1,0.931545518701482,Dunford_Cat
Rest,Bayesian,1,Accuracy,0.87686741363212,Dunford_Cat
Run,Bayesian,1,Precision,0.5,Dunford_Cat
Run,Bayesian,1,Recall,0.25,Dunford_Cat
Run,Bayesian,1,F1,0.333333333333333,Dunford_Cat
Run,Bayesian,1,Accuracy,0.623956158663883,Dunford_Cat
Walk,Bayesian,1,Precision,0.606177606177606,Dunford_Cat
Walk,Bayesian,1,Recall,0.826315789473684,Dunford_Cat
Walk,Bayesian,1,F1,0.699331848552339,Dunford_Cat
Walk,Bayesian,1,Accuracy,0.847436245252306,Dunford_Cat
Feed,Bayesian,1,Precision,0,Dunford_Cat
Feed,Bayesian,1,Recall,0,Dunford_Cat
Feed,Bayesian,1,F1,0,Dunford_Cat
Feed,Bayesian,1,Accuracy,0.5,Dunford_Cat
Groom,Bayesian,1,Precision,0,Dunford_Cat
Groom,Bayesian,1,Recall,0,Dunford_Cat
Groom,Bayesian,1,F1,0,Dunford_Cat
Groom,Bayesian,1,Accuracy,0.5,Dunford_Cat
Shake,Bayesian,1,Precision,0,Dunford_Cat
Shake,Bayesian,1,Recall,0,Dunford_Cat
Shake,Bayesian,1,F1,0,Dunford_Cat
Shake,Bayesian,1,Accuracy,0.5,Dunford_Cat
Trot,Bayesian,1,Precision,0,Dunford_Cat
Trot,Bayesian,1,Recall,0,Dunford_Cat
Trot,Bayesian,1,F1,0,Dunford_Cat
Trot,Bayesian,1,Accuracy,0.5,Dunford_Cat
Macro-Average,Bayesian,1,Precision,0.292144453798589,Dunford_Cat
Macro-Average,Bayesian,1,Recall,0.285812219624692,Dunford_Cat
Macro-Average,Bayesian,1,F1,0.280601528655308,Dunford_Cat
Macro-Average,Bayesian,1,Accuracy,0.621179973935473,Dunford_Cat
Rest,Bayesian,2,Precision,0.935926773455378,Dunford_Cat
Rest,Bayesian,2,Recall,0.98792270531401,Dunford_Cat
Rest,Bayesian,2,F1,0.961222091656874,Dunford_Cat
Rest,Bayesian,2,Accuracy,0.748347317569286,Dunford_Cat
Run,Bayesian,2,Precision,1,Dunford_Cat
Run,Bayesian,2,Recall,0.166666666666667,Dunford_Cat
Run,Bayesian,2,F1,0.285714285714286,Dunford_Cat
Run,Bayesian,2,Accuracy,0.583333333333333,Dunford_Cat
Trot,Bayesian,2,Precision,0,Dunford_Cat
Trot,Bayesian,2,Recall,0,Dunford_Cat
Trot,Bayesian,2,F1,0,Dunford_Cat
Trot,Bayesian,2,Accuracy,0,Dunford_Cat
Walk,Bayesian,2,Precision,0.777777777777778,Dunford_Cat
Walk,Bayesian,2,Recall,0.875,Dunford_Cat
Walk,Bayesian,2,F1,0.823529411764706,Dunford_Cat
Walk,Bayesian,2,Accuracy,0.930788590604027,Dunford_Cat
Feed,Bayesian,2,Precision,0,Dunford_Cat
Feed,Bayesian,2,Recall,0,Dunford_Cat
Feed,Bayesian,2,F1,0,Dunford_Cat
Feed,Bayesian,2,Accuracy,0.5,Dunford_Cat
Groom,Bayesian,2,Precision,0,Dunford_Cat
Groom,Bayesian,2,Recall,0,Dunford_Cat
Groom,Bayesian,2,F1,0,Dunford_Cat
Groom,Bayesian,2,Accuracy,0.5,Dunford_Cat
Macro-Average,Bayesian,2,Precision,0.452284091872193,Dunford_Cat
Macro-Average,Bayesian,2,Recall,0.338264895330113,Dunford_Cat
Macro-Average,Bayesian,2,F1,0.345077631522644,Dunford_Cat
Macro-Average,Bayesian,2,Accuracy,0.543744873584441,Dunford_Cat
Rest,Bayesian,3,Precision,0.829545454545455,Dunford_Cat
Rest,Bayesian,3,Recall,0.613445378151261,Dunford_Cat
Rest,Bayesian,3,F1,0.705314009661836,Dunford_Cat
Rest,Bayesian,3,Accuracy,0.696428571428571,Dunford_Cat
Trot,Bayesian,3,Precision,0.5,Dunford_Cat
Trot,Bayesian,3,Recall,0.166666666666667,Dunford_Cat
Trot,Bayesian,3,F1,0.25,Dunford_Cat
Trot,Bayesian,3,Accuracy,0.580570902394107,Dunford_Cat
Walk,Bayesian,3,Precision,0.319587628865979,Dunford_Cat
Walk,Bayesian,3,Recall,0.75609756097561,Dunford_Cat
Walk,Bayesian,3,F1,0.449275362318841,Dunford_Cat
Walk,Bayesian,3,Accuracy,0.652021383227531,Dunford_Cat
Feed,Bayesian,3,Precision,0,Dunford_Cat
Feed,Bayesian,3,Recall,0,Dunford_Cat
Feed,Bayesian,3,F1,0,Dunford_Cat
Feed,Bayesian,3,Accuracy,0.5,Dunford_Cat
Groom,Bayesian,3,Precision,0,Dunford_Cat
Groom,Bayesian,3,Recall,0,Dunford_Cat
Groom,Bayesian,3,F1,0,Dunford_Cat
Groom,Bayesian,3,Accuracy,0.5,Dunford_Cat
Run,Bayesian,3,Precision,0,Dunford_Cat
Run,Bayesian,3,Recall,0,Dunford_Cat
Run,Bayesian,3,F1,0,Dunford_Cat
Run,Bayesian,3,Accuracy,0.5,Dunford_Cat
Shake,Bayesian,3,Precision,0,Dunford_Cat
Shake,Bayesian,3,Recall,0,Dunford_Cat
Shake,Bayesian,3,F1,0,Dunford_Cat
Shake,Bayesian,3,Accuracy,0.5,Dunford_Cat
Macro-Average,Bayesian,3,Precision,0.235590440487348,Dunford_Cat
Macro-Average,Bayesian,3,Recall,0.219458515113362,Dunford_Cat
Macro-Average,Bayesian,3,F1,0.200655624568668,Dunford_Cat
Macro-Average,Bayesian,3,Accuracy,0.561288693864316,Dunford_Cat
Feed,Duration,1,Precision,0,Dunford_Cat
Feed,Duration,1,Recall,0,Dunford_Cat
Feed,Duration,1,F1,0,Dunford_Cat
Feed,Duration,1,Accuracy,0.487551867219917,Dunford_Cat
Rest,Duration,1,Precision,0.9728,Dunford_Cat
Rest,Duration,1,Recall,0.851540616246499,Dunford_Cat
Rest,Duration,1,F1,0.908140403286034,Dunford_Cat
Rest,Duration,1,Accuracy,0.892040149393091,Dunford_Cat
Run,Duration,1,Precision,0.363636363636364,Dunford_Cat
Run,Duration,1,Recall,0.5,Dunford_Cat
Run,Duration,1,F1,0.421052631578947,Dunford_Cat
Run,Duration,1,Accuracy,0.746346555323591,Dunford_Cat
Walk,Duration,1,Precision,0.571895424836601,Dunford_Cat
Walk,Duration,1,Recall,0.921052631578947,Dunford_Cat
Walk,Duration,1,F1,0.705645161290323,Dunford_Cat
Walk,Duration,1,Accuracy,0.876119099294628,Dunford_Cat
Groom,Duration,1,Precision,0,Dunford_Cat
Groom,Duration,1,Recall,0,Dunford_Cat
Groom,Duration,1,F1,0,Dunford_Cat
Groom,Duration,1,Accuracy,0.5,Dunford_Cat
Shake,Duration,1,Precision,0,Dunford_Cat
Shake,Duration,1,Recall,0,Dunford_Cat
Shake,Duration,1,F1,0,Dunford_Cat
Shake,Duration,1,Accuracy,0.5,Dunford_Cat
Trot,Duration,1,Precision,0,Dunford_Cat
Trot,Duration,1,Recall,0,Dunford_Cat
Trot,Duration,1,F1,0,Dunford_Cat
Trot,Duration,1,Accuracy,0.5,Dunford_Cat
Macro-Average,Duration,1,Precision,0.272618826924709,Dunford_Cat
Macro-Average,Duration,1,Recall,0.324656178260778,Dunford_Cat
Macro-Average,Duration,1,F1,0.290691170879329,Dunford_Cat
Macro-Average,Duration,1,Accuracy,0.643151095890175,Dunford_Cat
Rest,Duration,2,Precision,0.931116389548693,Dunford_Cat
Rest,Duration,2,Recall,0.946859903381642,Dunford_Cat
Rest,Duration,2,F1,0.938922155688623,Dunford_Cat
Rest,Duration,2,Accuracy,0.719043986778541,Dunford_Cat
Run,Duration,2,Precision,1,Dunford_Cat
Run,Duration,2,Recall,0.166666666666667,Dunford_Cat
Run,Duration,2,F1,0.285714285714286,Dunford_Cat
Run,Duration,2,Accuracy,0.583333333333333,Dunford_Cat
Trot,Duration,2,Precision,0,Dunford_Cat
Trot,Duration,2,Recall,0,Dunford_Cat
Trot,Duration,2,F1,0,Dunford_Cat
Trot,Duration,2,Accuracy,0,Dunford_Cat
Walk,Duration,2,Precision,0.466666666666667,Dunford_Cat
Walk,Duration,2,Recall,0.875,Dunford_Cat
Walk,Duration,2,F1,0.608695652173913,Dunford_Cat
Walk,Duration,2,Accuracy,0.910654362416107,Dunford_Cat
Feed,Duration,2,Precision,0,Dunford_Cat
Feed,Duration,2,Recall,0,Dunford_Cat
Feed,Duration,2,F1,0,Dunford_Cat
Feed,Duration,2,Accuracy,0.5,Dunford_Cat
Groom,Duration,2,Precision,0,Dunford_Cat
Groom,Duration,2,Recall,0,Dunford_Cat
Groom,Duration,2,F1,0,Dunford_Cat
Groom,Duration,2,Accuracy,0.5,Dunford_Cat
Macro-Average,Duration,2,Precision,0.399630509369227,Dunford_Cat
Macro-Average,Duration,2,Recall,0.331421095008052,Dunford_Cat
Macro-Average,Duration,2,F1,0.30555534892947,Dunford_Cat
Macro-Average,Duration,2,Accuracy,0.53550528042133,Dunford_Cat
Feed,Duration,3,Precision,0,Dunford_Cat
Feed,Duration,3,Recall,0,Dunford_Cat
Feed,Duration,3,F1,0,Dunford_Cat
Feed,Duration,3,Accuracy,0.497252747252747,Dunford_Cat
Rest,Duration,3,Precision,0.844155844155844,Dunford_Cat
Rest,Duration,3,Recall,0.546218487394958,Dunford_Cat
Rest,Duration,3,F1,0.663265306122449,Dunford_Cat
Rest,Duration,3,Accuracy,0.684873949579832,Dunford_Cat
Trot,Duration,3,Precision,0.333333333333333,Dunford_Cat
Trot,Duration,3,Recall,0.166666666666667,Dunford_Cat
Trot,Duration,3,F1,0.222222222222222,Dunford_Cat
Trot,Duration,3,Accuracy,0.57780847145488,Dunford_Cat
Walk,Duration,3,Precision,0.30188679245283,Dunford_Cat
Walk,Duration,3,Recall,0.780487804878049,Dunford_Cat
Walk,Duration,3,F1,0.435374149659864,Dunford_Cat
Walk,Duration,3,Accuracy,0.636819244904778,Dunford_Cat
Groom,Duration,3,Precision,0,Dunford_Cat
Groom,Duration,3,Recall,0,Dunford_Cat
Groom,Duration,3,F1,0,Dunford_Cat
Groom,Duration,3,Accuracy,0.5,Dunford_Cat
Run,Duration,3,Precision,0,Dunford_Cat
Run,Duration,3,Recall,0,Dunford_Cat
Run,Duration,3,F1,0,Dunford_Cat
Run,Duration,3,Accuracy,0.5,Dunford_Cat
Shake,Duration,3,Precision,0,Dunford_Cat
Shake,Duration,3,Recall,0,Dunford_Cat
Shake,Duration,3,F1,0,Dunford_Cat
Shake,Duration,3,Accuracy,0.5,Dunford_Cat
Macro-Average,Duration,3,Precision,0.21133942427743,Dunford_Cat
Macro-Average,Duration,3,Recall,0.213338994134239,Dunford_Cat
Macro-Average,Duration,3,F1,0.188694525429219,Dunford_Cat
Macro-Average,Duration,3,Accuracy,0.556679201884605,Dunford_Cat
Feed,HMM,1,Precision,0,Dunford_Cat
Feed,HMM,1,Recall,0,Dunford_Cat
Feed,HMM,1,F1,0,Dunford_Cat
Feed,HMM,1,Accuracy,0.494294605809129,Dunford_Cat
Rest,HMM,1,Precision,0.960235640648012,Dunford_Cat
Rest,HMM,1,Recall,0.913165266106443,Dunford_Cat
Rest,HMM,1,F1,0.93610911701364,Dunford_Cat
Rest,HMM,1,Accuracy,0.903011204481793,Dunford_Cat
Run,HMM,1,Precision,0.333333333333333,Dunford_Cat
Run,HMM,1,Recall,0.5,Dunford_Cat
Run,HMM,1,F1,0.4,Dunford_Cat
Run,HMM,1,Accuracy,0.745824634655532,Dunford_Cat
Walk,HMM,1,Precision,0.632575757575758,Dunford_Cat
Walk,HMM,1,Recall,0.878947368421053,Dunford_Cat
Walk,HMM,1,F1,0.73568281938326,Dunford_Cat
Walk,HMM,1,Accuracy,0.876973684210526,Dunford_Cat
Groom,HMM,1,Precision,0,Dunford_Cat
Groom,HMM,1,Recall,0,Dunford_Cat
Groom,HMM,1,F1,0,Dunford_Cat
Groom,HMM,1,Accuracy,0.5,Dunford_Cat
Shake,HMM,1,Precision,0,Dunford_Cat
Shake,HMM,1,Recall,0,Dunford_Cat
Shake,HMM,1,F1,0,Dunford_Cat
Shake,HMM,1,Accuracy,0.5,Dunford_Cat
Trot,HMM,1,Precision,0,Dunford_Cat
Trot,HMM,1,Recall,0,Dunford_Cat
Trot,HMM,1,F1,0,Dunford_Cat
Trot,HMM,1,Accuracy,0.5,Dunford_Cat
Macro-Average,HMM,1,Precision,0.275163533079586,Dunford_Cat
Macro-Average,HMM,1,Recall,0.327444662075356,Dunford_Cat
Macro-Average,HMM,1,F1,0.295970276628129,Dunford_Cat
Macro-Average,HMM,1,Accuracy,0.64572916130814,Dunford_Cat
Rest,HMM,2,Precision,0.927601809954751,Dunford_Cat
Rest,HMM,2,Recall,0.990338164251208,Dunford_Cat
Rest,HMM,2,F1,0.957943925233645,Dunford_Cat
Rest,HMM,2,Accuracy,0.714467327739639,Dunford_Cat
Run,HMM,2,Precision,1,Dunford_Cat
Run,HMM,2,Recall,0.166666666666667,Dunford_Cat
Run,HMM,2,F1,0.285714285714286,Dunford_Cat
Run,HMM,2,Accuracy,0.583333333333333,Dunford_Cat
Trot,HMM,2,Precision,0,Dunford_Cat
Trot,HMM,2,Recall,0,Dunford_Cat
Trot,HMM,2,F1,0,Dunford_Cat
Trot,HMM,2,Accuracy,0,Dunford_Cat
Walk,HMM,2,Precision,0.75,Dunford_Cat
Walk,HMM,2,Recall,0.75,Dunford_Cat
Walk,HMM,2,F1,0.75,Dunford_Cat
Walk,HMM,2,Accuracy,0.868288590604027,Dunford_Cat
Feed,HMM,2,Precision,0,Dunford_Cat
Feed,HMM,2,Recall,0,Dunford_Cat
Feed,HMM,2,F1,0,Dunford_Cat
Feed,HMM,2,Accuracy,0.5,Dunford_Cat
Groom,HMM,2,Precision,0,Dunford_Cat
Groom,HMM,2,Recall,0,Dunford_Cat
Groom,HMM,2,F1,0,Dunford_Cat
Groom,HMM,2,Accuracy,0.5,Dunford_Cat
Macro-Average,HMM,2,Precision,0.446266968325792,Dunford_Cat
Macro-Average,HMM,2,Recall,0.317834138486312,Dunford_Cat
Macro-Average,HMM,2,F1,0.332276368491322,Dunford_Cat
Macro-Average,HMM,2,Accuracy,0.527681541946167,Dunford_Cat
Rest,HMM,3,Precision,0.843137254901961,Dunford_Cat
Rest,HMM,3,Recall,0.722689075630252,Dunford_Cat
Rest,HMM,3,F1,0.778280542986425,Dunford_Cat
Rest,HMM,3,Accuracy,0.743697478991597,Dunford_Cat
Trot,HMM,3,Precision,0.333333333333333,Dunford_Cat
Trot,HMM,3,Recall,0.166666666666667,Dunford_Cat
Trot,HMM,3,F1,0.222222222222222,Dunford_Cat
Trot,HMM,3,Accuracy,0.57780847145488,Dunford_Cat
Walk,HMM,3,Precision,0.365853658536585,Dunford_Cat
Walk,HMM,3,Recall,0.731707317073171,Dunford_Cat
Walk,HMM,3,F1,0.487804878048781,Dunford_Cat
Walk,HMM,3,Accuracy,0.687771466755764,Dunford_Cat
Feed,HMM,3,Precision,0,Dunford_Cat
Feed,HMM,3,Recall,0,Dunford_Cat
Feed,HMM,3,F1,0,Dunford_Cat
Feed,HMM,3,Accuracy,0.5,Dunford_Cat
Groom,HMM,3,Precision,0,Dunford_Cat
Groom,HMM,3,Recall,0,Dunford_Cat
Groom,HMM,3,F1,0,Dunford_Cat
Groom,HMM,3,Accuracy,0.5,Dunford_Cat
Run,HMM,3,Precision,0,Dunford_Cat
Run,HMM,3,Recall,0,Dunford_Cat
Run,HMM,3,F1,0,Dunford_Cat
Run,HMM,3,Accuracy,0.5,Dunford_Cat
Shake,HMM,3,Precision,0,Dunford_Cat
Shake,HMM,3,Recall,0,Dunford_Cat
Shake,HMM,3,F1,0,Dunford_Cat
Shake,HMM,3,Accuracy,0.5,Dunford_Cat
Macro-Average,HMM,3,Precision,0.220332035253126,Dunford_Cat
Macro-Average,HMM,3,Recall,0.23158043705287,Dunford_Cat
Macro-Average,HMM,3,F1,0.212615377608204,Dunford_Cat
Macro-Average,HMM,3,Accuracy,0.572753916743177,Dunford_Cat
Feed,Mode,1,Precision,0,Dunford_Cat
Feed,Mode,1,Recall,0,Dunford_Cat
Feed,Mode,1,F1,0,Dunford_Cat
Feed,Mode,1,Accuracy,0.489626556016598,Dunford_Cat
Rest,Mode,1,Precision,0.967238689547582,Dunford_Cat
Rest,Mode,1,Recall,0.868347338935574,Dunford_Cat
Rest,Mode,1,F1,0.915129151291513,Dunford_Cat
Rest,Mode,1,Accuracy,0.89250700280112,Dunford_Cat
Run,Mode,1,Precision,0.444444444444444,Dunford_Cat
Run,Mode,1,Recall,0.5,Dunford_Cat
Run,Mode,1,F1,0.470588235294118,Dunford_Cat
Run,Mode,1,Accuracy,0.747390396659708,Dunford_Cat
Walk,Mode,1,Precision,0.594594594594595,Dunford_Cat
Walk,Mode,1,Recall,0.926315789473684,Dunford_Cat
Walk,Mode,1,F1,0.724279835390947,Dunford_Cat
Walk,Mode,1,Accuracy,0.885838307107976,Dunford_Cat
Groom,Mode,1,Precision,0,Dunford_Cat
Groom,Mode,1,Recall,0,Dunford_Cat
Groom,Mode,1,F1,0,Dunford_Cat
Groom,Mode,1,Accuracy,0.5,Dunford_Cat
Shake,Mode,1,Precision,0,Dunford_Cat
Shake,Mode,1,Recall,0,Dunford_Cat
Shake,Mode,1,F1,0,Dunford_Cat
Shake,Mode,1,Accuracy,0.5,Dunford_Cat
Trot,Mode,1,Precision,0,Dunford_Cat
Trot,Mode,1,Recall,0,Dunford_Cat
Trot,Mode,1,F1,0,Dunford_Cat
Trot,Mode,1,Accuracy,0.5,Dunford_Cat
Macro-Average,Mode,1,Precision,0.286611104083803,Dunford_Cat
Macro-Average,Mode,1,Recall,0.32780901834418,Dunford_Cat
Macro-Average,Mode,1,F1,0.301428174568082,Dunford_Cat
Macro-Average,Mode,1,Accuracy,0.645051751797915,Dunford_Cat
Rest,Mode,2,Precision,0.926605504587156,Dunford_Cat
Rest,Mode,2,Recall,0.975845410628019,Dunford_Cat
Rest,Mode,2,F1,0.950588235294118,Dunford_Cat
Rest,Mode,2,Accuracy,0.707220950928045,Dunford_Cat
Run,Mode,2,Precision,1,Dunford_Cat
Run,Mode,2,Recall,0.166666666666667,Dunford_Cat
Run,Mode,2,F1,0.285714285714286,Dunford_Cat
Run,Mode,2,Accuracy,0.583333333333333,Dunford_Cat
Trot,Mode,2,Precision,0,Dunford_Cat
Trot,Mode,2,Recall,0,Dunford_Cat
Trot,Mode,2,F1,0,Dunford_Cat
Trot,Mode,2,Accuracy,0,Dunford_Cat
Walk,Mode,2,Precision,0.65625,Dunford_Cat
Walk,Mode,2,Recall,0.875,Dunford_Cat
Walk,Mode,2,F1,0.75,Dunford_Cat
Walk,Mode,2,Accuracy,0.925195749440716,Dunford_Cat
Feed,Mode,2,Precision,0,Dunford_Cat
Feed,Mode,2,Recall,0,Dunford_Cat
Feed,Mode,2,F1,0,Dunford_Cat
Feed,Mode,2,Accuracy,0.5,Dunford_Cat
Groom,Mode,2,Precision,0,Dunford_Cat
Groom,Mode,2,Recall,0,Dunford_Cat
Groom,Mode,2,F1,0,Dunford_Cat
Groom,Mode,2,Accuracy,0.5,Dunford_Cat
Macro-Average,Mode,2,Precision,0.430475917431193,Dunford_Cat
Macro-Average,Mode,2,Recall,0.336252012882448,Dunford_Cat
Macro-Average,Mode,2,F1,0.331050420168067,Dunford_Cat
Macro-Average,Mode,2,Accuracy,0.535958338950349,Dunford_Cat
Rest,Mode,3,Precision,0.837837837837838,Dunford_Cat
Rest,Mode,3,Recall,0.521008403361345,Dunford_Cat
Rest,Mode,3,F1,0.642487046632124,Dunford_Cat
Rest,Mode,3,Accuracy,0.672268907563025,Dunford_Cat
Trot,Mode,3,Precision,0.5,Dunford_Cat
Trot,Mode,3,Recall,0.166666666666667,Dunford_Cat
Trot,Mode,3,F1,0.25,Dunford_Cat
Trot,Mode,3,Accuracy,0.580570902394107,Dunford_Cat
Walk,Mode,3,Precision,0.306306306306306,Dunford_Cat
Walk,Mode,3,Recall,0.829268292682927,Dunford_Cat
Walk,Mode,3,F1,0.447368421052632,Dunford_Cat
Walk,Mode,3,Accuracy,0.650935516204477,Dunford_Cat
Feed,Mode,3,Precision,0,Dunford_Cat
Feed,Mode,3,Recall,0,Dunford_Cat
Feed,Mode,3,F1,0,Dunford_Cat
Feed,Mode,3,Accuracy,0.5,Dunford_Cat
Groom,Mode,3,Precision,0,Dunford_Cat
Groom,Mode,3,Recall,0,Dunford_Cat
Groom,Mode,3,F1,0,Dunford_Cat
Groom,Mode,3,Accuracy,0.5,Dunford_Cat
Run,Mode,3,Precision,0,Dunford_Cat
Run,Mode,3,Recall,0,Dunford_Cat
Run,Mode,3,F1,0,Dunford_Cat
Run,Mode,3,Accuracy,0.5,Dunford_Cat
Shake,Mode,3,Precision,0,Dunford_Cat
Shake,Mode,3,Recall,0,Dunford_Cat
Shake,Mode,3,F1,0,Dunford_Cat
Shake,Mode,3,Accuracy,0.5,Dunford_Cat
Macro-Average,Mode,3,Precision,0.234877734877735,Dunford_Cat
Macro-Average,Mode,3,Recall,0.216706194672991,Dunford_Cat
Macro-Average,Mode,3,F1,0.191407923954965,Dunford_Cat
Macro-Average,Mode,3,Accuracy,0.557682189451659,Dunford_Cat
Feed,No,1,Precision,0,Dunford_Cat
Feed,No,1,Recall,0,Dunford_Cat
Feed,No,1,F1,0,Dunford_Cat
Feed,No,1,Accuracy,0.487551867219917,Dunford_Cat
Rest,No,1,Precision,0.971337579617834,Dunford_Cat
Rest,No,1,Recall,0.854341736694678,Dunford_Cat
Rest,No,1,F1,0.909090909090909,Dunford_Cat
Rest,No,1,Accuracy,0.891456582633053,Dunford_Cat
Run,No,1,Precision,0.333333333333333,Dunford_Cat
Run,No,1,Recall,0.5,Dunford_Cat
Run,No,1,F1,0.4,Dunford_Cat
Run,No,1,Accuracy,0.745824634655532,Dunford_Cat
Walk,No,1,Precision,0.572847682119205,Dunford_Cat
Walk,No,1,Recall,0.910526315789474,Dunford_Cat
Walk,No,1,F1,0.703252032520325,Dunford_Cat
Walk,No,1,Accuracy,0.872144601193706,Dunford_Cat
Groom,No,1,Precision,0,Dunford_Cat
Groom,No,1,Recall,0,Dunford_Cat
Groom,No,1,F1,0,Dunford_Cat
Groom,No,1,Accuracy,0.5,Dunford_Cat
Shake,No,1,Precision,0,Dunford_Cat
Shake,No,1,Recall,0,Dunford_Cat
Shake,No,1,F1,0,Dunford_Cat
Shake,No,1,Accuracy,0.5,Dunford_Cat
Trot,No,1,Precision,0,Dunford_Cat
Trot,No,1,Recall,0,Dunford_Cat
Trot,No,1,F1,0,Dunford_Cat
Trot,No,1,Accuracy,0.5,Dunford_Cat
Macro-Average,No,1,Precision,0.26821694215291,Dunford_Cat
Macro-Average,No,1,Recall,0.323552578926307,Dunford_Cat
Macro-Average,No,1,F1,0.287477563087319,Dunford_Cat
Macro-Average,No,1,Accuracy,0.642425383671744,Dunford_Cat
Rest,No,2,Precision,0.931116389548693,Dunford_Cat
Rest,No,2,Recall,0.946859903381642,Dunford_Cat
Rest,No,2,F1,0.938922155688623,Dunford_Cat
Rest,No,2,Accuracy,0.719043986778541,Dunford_Cat
Run,No,2,Precision,1,Dunford_Cat
Run,No,2,Recall,0.166666666666667,Dunford_Cat
Run,No,2,F1,0.285714285714286,Dunford_Cat
Run,No,2,Accuracy,0.583333333333333,Dunford_Cat
Trot,No,2,Precision,0,Dunford_Cat
Trot,No,2,Recall,0,Dunford_Cat
Trot,No,2,F1,0,Dunford_Cat
Trot,No,2,Accuracy,0,Dunford_Cat
Walk,No,2,Precision,0.466666666666667,Dunford_Cat
Walk,No,2,Recall,0.875,Dunford_Cat
Walk,No,2,F1,0.608695652173913,Dunford_Cat
Walk,No,2,Accuracy,0.910654362416107,Dunford_Cat
Feed,No,2,Precision,0,Dunford_Cat
Feed,No,2,Recall,0,Dunford_Cat
Feed,No,2,F1,0,Dunford_Cat
Feed,No,2,Accuracy,0.5,Dunford_Cat
Groom,No,2,Precision,0,Dunford_Cat
Groom,No,2,Recall,0,Dunford_Cat
Groom,No,2,F1,0,Dunford_Cat
Groom,No,2,Accuracy,0.5,Dunford_Cat
Macro-Average,No,2,Precision,0.399630509369227,Dunford_Cat
Macro-Average,No,2,Recall,0.331421095008052,Dunford_Cat
Macro-Average,No,2,F1,0.30555534892947,Dunford_Cat
Macro-Average,No,2,Accuracy,0.53550528042133,Dunford_Cat
Feed,No,3,Precision,0,Dunford_Cat
Feed,No,3,Recall,0,Dunford_Cat
Feed,No,3,F1,0,Dunford_Cat
Feed,No,3,Accuracy,0.497252747252747,Dunford_Cat
Rest,No,3,Precision,0.844155844155844,Dunford_Cat
Rest,No,3,Recall,0.546218487394958,Dunford_Cat
Rest,No,3,F1,0.663265306122449,Dunford_Cat
Rest,No,3,Accuracy,0.684873949579832,Dunford_Cat
Trot,No,3,Precision,0.333333333333333,Dunford_Cat
Trot,No,3,Recall,0.166666666666667,Dunford_Cat
Trot,No,3,F1,0.222222222222222,Dunford_Cat
Trot,No,3,Accuracy,0.57780847145488,Dunford_Cat
Walk,No,3,Precision,0.30188679245283,Dunford_Cat
Walk,No,3,Recall,0.780487804878049,Dunford_Cat
Walk,No,3,F1,0.435374149659864,Dunford_Cat
Walk,No,3,Accuracy,0.636819244904778,Dunford_Cat
Groom,No,3,Precision,0,Dunford_Cat
Groom,No,3,Recall,0,Dunford_Cat
Groom,No,3,F1,0,Dunford_Cat
Groom,No,3,Accuracy,0.5,Dunford_Cat
Run,No,3,Precision,0,Dunford_Cat
Run,No,3,Recall,0,Dunford_Cat
Run,No,3,F1,0,Dunford_Cat
Run,No,3,Accuracy,0.5,Dunford_Cat
Shake,No,3,Precision,0,Dunford_Cat
Shake,No,3,Recall,0,Dunford_Cat
Shake,No,3,F1,0,Dunford_Cat
Shake,No,3,Accuracy,0.5,Dunford_Cat
Macro-Average,No,3,Precision,0.21133942427743,Dunford_Cat
Macro-Average,No,3,Recall,0.213338994134239,Dunford_Cat
Macro-Average,No,3,F1,0.188694525429219,Dunford_Cat
Macro-Average,No,3,Accuracy,0.556679201884605,Dunford_Cat
Feed,Transition,1,Precision,0,Dunford_Cat
Feed,Transition,1,Recall,0,Dunford_Cat
Feed,Transition,1,F1,0,Dunford_Cat
Feed,Transition,1,Accuracy,0.490145228215768,Dunford_Cat
Rest,Transition,1,Precision,0.977952755905512,Dunford_Cat
Rest,Transition,1,Recall,0.869747899159664,Dunford_Cat
Rest,Transition,1,F1,0.920681986656783,Dunford_Cat
Rest,Transition,1,Accuracy,0.907096171802054,Dunford_Cat
Run,Transition,1,Precision,0.4,Dunford_Cat
Run,Transition,1,Recall,0.5,Dunford_Cat
Run,Transition,1,F1,0.444444444444444,Dunford_Cat
Run,Transition,1,Accuracy,0.746868475991649,Dunford_Cat
Walk,Transition,1,Precision,0.586092715231788,Dunford_Cat
Walk,Transition,1,Recall,0.931578947368421,Dunford_Cat
Walk,Transition,1,F1,0.719512195121951,Dunford_Cat
Walk,Transition,1,Accuracy,0.885248236570808,Dunford_Cat
Groom,Transition,1,Precision,0,Dunford_Cat
Groom,Transition,1,Recall,0,Dunford_Cat
Groom,Transition,1,F1,0,Dunford_Cat
Groom,Transition,1,Accuracy,0.5,Dunford_Cat
Shake,Transition,1,Precision,0,Dunford_Cat
Shake,Transition,1,Recall,0,Dunford_Cat
Shake,Transition,1,F1,0,Dunford_Cat
Shake,Transition,1,Accuracy,0.5,Dunford_Cat
Trot,Transition,1,Precision,0,Dunford_Cat
Trot,Transition,1,Recall,0,Dunford_Cat
Trot,Transition,1,F1,0,Dunford_Cat
Trot,Transition,1,Accuracy,0.5,Dunford_Cat
Macro-Average,Transition,1,Precision,0.280577924448186,Dunford_Cat
Macro-Average,Transition,1,Recall,0.328760978075441,Dunford_Cat
Macro-Average,Transition,1,F1,0.297805518031883,Dunford_Cat
Macro-Average,Transition,1,Accuracy,0.64705115894004,Dunford_Cat
Rest,Transition,2,Precision,0.933806146572104,Dunford_Cat
Rest,Transition,2,Recall,0.954106280193237,Dunford_Cat
Rest,Transition,2,F1,0.943847072879331,Dunford_Cat
Rest,Transition,2,Accuracy,0.731439105008899,Dunford_Cat
Run,Transition,2,Precision,1,Dunford_Cat
Run,Transition,2,Recall,0.166666666666667,Dunford_Cat
Run,Transition,2,F1,0.285714285714286,Dunford_Cat
Run,Transition,2,Accuracy,0.583333333333333,Dunford_Cat
Trot,Transition,2,Precision,0,Dunford_Cat
Trot,Transition,2,Recall,0,Dunford_Cat
Trot,Transition,2,F1,0,Dunford_Cat
Trot,Transition,2,Accuracy,0,Dunford_Cat
Walk,Transition,2,Precision,0.511627906976744,Dunford_Cat
Walk,Transition,2,Recall,0.916666666666667,Dunford_Cat
Walk,Transition,2,F1,0.656716417910448,Dunford_Cat
Walk,Transition,2,Accuracy,0.934843400447427,Dunford_Cat
Feed,Transition,2,Precision,0,Dunford_Cat
Feed,Transition,2,Recall,0,Dunford_Cat
Feed,Transition,2,F1,0,Dunford_Cat
Feed,Transition,2,Accuracy,0.5,Dunford_Cat
Groom,Transition,2,Precision,0,Dunford_Cat
Groom,Transition,2,Recall,0,Dunford_Cat
Groom,Transition,2,F1,0,Dunford_Cat
Groom,Transition,2,Accuracy,0.5,Dunford_Cat
Macro-Average,Transition,2,Precision,0.407572342258141,Dunford_Cat
Macro-Average,Transition,2,Recall,0.339573268921095,Dunford_Cat
Macro-Average,Transition,2,F1,0.314379629417344,Dunford_Cat
Macro-Average,Transition,2,Accuracy,0.541602639798277,Dunford_Cat
Feed,Transition,3,Precision,0,Dunford_Cat
Feed,Transition,3,Recall,0,Dunford_Cat
Feed,Transition,3,F1,0,Dunford_Cat
Feed,Transition,3,Accuracy,0.497252747252747,Dunford_Cat
Rest,Transition,3,Precision,0.844155844155844,Dunford_Cat
Rest,Transition,3,Recall,0.546218487394958,Dunford_Cat
Rest,Transition,3,F1,0.663265306122449,Dunford_Cat
Rest,Transition,3,Accuracy,0.684873949579832,Dunford_Cat
Trot,Transition,3,Precision,0.25,Dunford_Cat
Trot,Transition,3,Recall,0.166666666666667,Dunford_Cat
Trot,Transition,3,F1,0.2,Dunford_Cat
Trot,Transition,3,Accuracy,0.575046040515654,Dunford_Cat
Walk,Transition,3,Precision,0.314285714285714,Dunford_Cat
Walk,Transition,3,Recall,0.804878048780488,Dunford_Cat
Walk,Transition,3,F1,0.452054794520548,Dunford_Cat
Walk,Transition,3,Accuracy,0.655863681924491,Dunford_Cat
Groom,Transition,3,Precision,0,Dunford_Cat
Groom,Transition,3,Recall,0,Dunford_Cat
Groom,Transition,3,F1,0,Dunford_Cat
Groom,Transition,3,Accuracy,0.5,Dunford_Cat
Run,Transition,3,Precision,0,Dunford_Cat
Run,Transition,3,Recall,0,Dunford_Cat
Run,Transition,3,F1,0,Dunford_Cat
Run,Transition,3,Accuracy,0.5,Dunford_Cat
Shake,Transition,3,Precision,0,Dunford_Cat
Shake,Transition,3,Recall,0,Dunford_Cat
Shake,Transition,3,F1,0,Dunford_Cat
Shake,Transition,3,Accuracy,0.5,Dunford_Cat
Macro-Average,Transition,3,Precision,0.201205936920223,Dunford_Cat
Macro-Average,Transition,3,Recall,0.21682331469173,Dunford_Cat
Macro-Average,Transition,3,F1,0.187902871520428,Dunford_Cat
Macro-Average,Transition,3,Accuracy,0.559005202753246,Dunford_Cat
Fast_Locomotion,Bayesian,1,Precision,0.5,Galea_Cat
Fast_Locomotion,Bayesian,1,Recall,0.8,Galea_Cat
Fast_Locomotion,Bayesian,1,F1,0.615384615384615,Galea_Cat
Fast_Locomotion,Bayesian,1,Accuracy,0.897361477572559,Galea_Cat
Groom,Bayesian,1,Precision,0,Galea_Cat
Groom,Bayesian,1,Recall,0,Galea_Cat
Groom,Bayesian,1,F1,0,Galea_Cat
Groom,Bayesian,1,Accuracy,0,Galea_Cat
Locomotion,Bayesian,1,Precision,0.834821428571429,Galea_Cat
Locomotion,Bayesian,1,Recall,0.831111111111111,Galea_Cat
Locomotion,Bayesian,1,F1,0.832962138084633,Galea_Cat
Locomotion,Bayesian,1,Accuracy,0.881168938455184,Galea_Cat
Rest,Bayesian,1,Precision,0.994152046783626,Galea_Cat
Rest,Bayesian,1,Recall,0.939226519337017,Galea_Cat
Rest,Bayesian,1,F1,0.965909090909091,Galea_Cat
Rest,Bayesian,1,Accuracy,0.968754153139299,Galea_Cat
Unknown,Bayesian,1,Precision,0.634146341463415,Galea_Cat
Unknown,Bayesian,1,Recall,0.773234200743494,Galea_Cat
Unknown,Bayesian,1,F1,0.696817420435511,Galea_Cat
Unknown,Bayesian,1,Accuracy,0.765159610493205,Galea_Cat
Feeding,Bayesian,1,Precision,0,Galea_Cat
Feeding,Bayesian,1,Recall,0,Galea_Cat
Feeding,Bayesian,1,F1,0,Galea_Cat
Feeding,Bayesian,1,Accuracy,0.5,Galea_Cat
Macro-Average,Bayesian,1,Precision,0.493853302803078,Galea_Cat
Macro-Average,Bayesian,1,Recall,0.55726197186527,Galea_Cat
Macro-Average,Bayesian,1,F1,0.518512210802308,Galea_Cat
Macro-Average,Bayesian,1,Accuracy,0.668740696610041,Galea_Cat
Fast_Locomotion,Bayesian,2,Precision,0.829268292682927,Galea_Cat
Fast_Locomotion,Bayesian,2,Recall,0.373626373626374,Galea_Cat
Fast_Locomotion,Bayesian,2,F1,0.515151515151515,Galea_Cat
Fast_Locomotion,Bayesian,2,Accuracy,0.683375072864267,Galea_Cat
Feeding,Bayesian,2,Precision,0.880952380952381,Galea_Cat
Feeding,Bayesian,2,Recall,0.891566265060241,Galea_Cat
Feeding,Bayesian,2,F1,0.88622754491018,Galea_Cat
Feeding,Bayesian,2,Accuracy,0.940909838183142,Galea_Cat
Groom,Bayesian,2,Precision,0,Galea_Cat
Groom,Bayesian,2,Recall,0,Galea_Cat
Groom,Bayesian,2,F1,0,Galea_Cat
Groom,Bayesian,2,Accuracy,0.471153846153846,Galea_Cat
Locomotion,Bayesian,2,Precision,0.738207547169811,Galea_Cat
Locomotion,Bayesian,2,Recall,0.937125748502994,Galea_Cat
Locomotion,Bayesian,2,F1,0.825857519788918,Galea_Cat
Locomotion,Bayesian,2,Accuracy,0.896949971025691,Galea_Cat
Rest,Bayesian,2,Precision,0.96236559139785,Galea_Cat
Rest,Bayesian,2,Recall,0.704724409448819,Galea_Cat
Rest,Bayesian,2,F1,0.813636363636364,Galea_Cat
Rest,Bayesian,2,Accuracy,0.848268637472948,Galea_Cat
Unknown,Bayesian,2,Precision,0.856687898089172,Galea_Cat
Unknown,Bayesian,2,Recall,0.967625899280575,Galea_Cat
Unknown,Bayesian,2,F1,0.908783783783784,Galea_Cat
Unknown,Bayesian,2,Accuracy,0.95673713736592,Galea_Cat
Macro-Average,Bayesian,2,Precision,0.711246951715357,Galea_Cat
Macro-Average,Bayesian,2,Recall,0.645778115986501,Galea_Cat
Macro-Average,Bayesian,2,F1,0.658276121211793,Galea_Cat
Macro-Average,Bayesian,2,Accuracy,0.799565750510969,Galea_Cat
Fast_Locomotion,Bayesian,3,Precision,0.588235294117647,Galea_Cat
Fast_Locomotion,Bayesian,3,Recall,0.87719298245614,Galea_Cat
Fast_Locomotion,Bayesian,3,F1,0.704225352112676,Galea_Cat
Fast_Locomotion,Bayesian,3,Accuracy,0.920348316045588,Galea_Cat
Groom,Bayesian,3,Precision,0,Galea_Cat
Groom,Bayesian,3,Recall,0,Galea_Cat
Groom,Bayesian,3,F1,0,Galea_Cat
Groom,Bayesian,3,Accuracy,0.498780487804878,Galea_Cat
Locomotion,Bayesian,3,Precision,0.966101694915254,Galea_Cat
Locomotion,Bayesian,3,Recall,0.651428571428571,Galea_Cat
Locomotion,Bayesian,3,F1,0.778156996587031,Galea_Cat
Locomotion,Bayesian,3,Accuracy,0.8233361644301,Galea_Cat
Rest,Bayesian,3,Precision,1,Galea_Cat
Rest,Bayesian,3,Recall,0.723247232472325,Galea_Cat
Rest,Bayesian,3,F1,0.839400428265525,Galea_Cat
Rest,Bayesian,3,Accuracy,0.861623616236162,Galea_Cat
Unknown,Bayesian,3,Precision,0.377235772357724,Galea_Cat
Unknown,Bayesian,3,Recall,0.987234042553191,Galea_Cat
Unknown,Bayesian,3,F1,0.545882352941177,Galea_Cat
Unknown,Bayesian,3,Accuracy,0.748418557768273,Galea_Cat
Feeding,Bayesian,3,Precision,0,Galea_Cat
Feeding,Bayesian,3,Recall,0,Galea_Cat
Feeding,Bayesian,3,F1,0,Galea_Cat
Feeding,Bayesian,3,Accuracy,0.5,Galea_Cat
Macro-Average,Bayesian,3,Precision,0.488595460231771,Galea_Cat
Macro-Average,Bayesian,3,Recall,0.539850471485038,Galea_Cat
Macro-Average,Bayesian,3,F1,0.477944188317735,Galea_Cat
Macro-Average,Bayesian,3,Accuracy,0.7254178570475,Galea_Cat
Fast_Locomotion,Duration,1,Precision,0.307692307692308,Galea_Cat
Fast_Locomotion,Duration,1,Recall,0.8,Galea_Cat
Fast_Locomotion,Duration,1,F1,0.444444444444444,Galea_Cat
Fast_Locomotion,Duration,1,Accuracy,0.894063324538259,Galea_Cat
Groom,Duration,1,Precision,0,Galea_Cat
Groom,Duration,1,Recall,0,Galea_Cat
Groom,Duration,1,F1,0,Galea_Cat
Groom,Duration,1,Accuracy,0,Galea_Cat
Locomotion,Duration,1,Precision,0.773946360153257,Galea_Cat
Locomotion,Duration,1,Recall,0.897777777777778,Galea_Cat
Locomotion,Duration,1,F1,0.831275720164609,Galea_Cat
Locomotion,Duration,1,Accuracy,0.894056175134242,Galea_Cat
Rest,Duration,1,Precision,0.977401129943503,Galea_Cat
Rest,Duration,1,Recall,0.955801104972376,Galea_Cat
Rest,Duration,1,F1,0.966480446927374,Galea_Cat
Rest,Duration,1,Accuracy,0.97446412636935,Galea_Cat
Unknown,Duration,1,Precision,0.647272727272727,Galea_Cat
Unknown,Duration,1,Recall,0.661710037174721,Galea_Cat
Unknown,Duration,1,F1,0.654411764705882,Galea_Cat
Unknown,Duration,1,Accuracy,0.732676880935539,Galea_Cat
Feeding,Duration,1,Precision,0,Galea_Cat
Feeding,Duration,1,Recall,0,Galea_Cat
Feeding,Duration,1,F1,0,Galea_Cat
Feeding,Duration,1,Accuracy,0.5,Galea_Cat
Macro-Average,Duration,1,Precision,0.451052087510299,Galea_Cat
Macro-Average,Duration,1,Recall,0.552548153320812,Galea_Cat
Macro-Average,Duration,1,F1,0.482768729373718,Galea_Cat
Macro-Average,Duration,1,Accuracy,0.665876751162898,Galea_Cat
Fast_Locomotion,Duration,2,Precision,0.893939393939394,Galea_Cat
Fast_Locomotion,Duration,2,Recall,0.648351648351648,Galea_Cat
Fast_Locomotion,Duration,2,F1,0.751592356687898,Galea_Cat
Fast_Locomotion,Duration,2,Accuracy,0.820737710226905,Galea_Cat
Feeding,Duration,2,Precision,0.695652173913044,Galea_Cat
Feeding,Duration,2,Recall,0.771084337349398,Galea_Cat
Feeding,Duration,2,F1,0.731428571428571,Galea_Cat
Feeding,Duration,2,Accuracy,0.871896944503159,Galea_Cat
Groom,Duration,2,Precision,0.072463768115942,Galea_Cat
Groom,Duration,2,Recall,0.072463768115942,Galea_Cat
Groom,Duration,2,F1,0.072463768115942,Galea_Cat
Groom,Duration,2,Accuracy,0.50546265328874,Galea_Cat
Locomotion,Duration,2,Precision,0.682302771855011,Galea_Cat
Locomotion,Duration,2,Recall,0.958083832335329,Galea_Cat
Locomotion,Duration,2,F1,0.797011207970112,Galea_Cat
Locomotion,Duration,2,Accuracy,0.8829128839096,Galea_Cat
Rest,Duration,2,Precision,0.876404494382023,Galea_Cat
Rest,Duration,2,Recall,0.614173228346457,Galea_Cat
Rest,Duration,2,F1,0.722222222222222,Galea_Cat
Rest,Duration,2,Accuracy,0.794221117097205,Galea_Cat
Unknown,Duration,2,Precision,0.672340425531915,Galea_Cat
Unknown,Duration,2,Recall,0.568345323741007,Galea_Cat
Unknown,Duration,2,F1,0.61598440545809,Galea_Cat
Unknown,Duration,2,Accuracy,0.737842938645474,Galea_Cat
Macro-Average,Duration,2,Precision,0.648850504622888,Galea_Cat
Macro-Average,Duration,2,Recall,0.605417023039964,Galea_Cat
Macro-Average,Duration,2,F1,0.615117088647139,Galea_Cat
Macro-Average,Duration,2,Accuracy,0.76884570794518,Galea_Cat
Fast_Locomotion,Duration,3,Precision,0.504761904761905,Galea_Cat
Fast_Locomotion,Duration,3,Recall,0.929824561403509,Galea_Cat
Fast_Locomotion,Duration,3,F1,0.654320987654321,Galea_Cat
Fast_Locomotion,Duration,3,Accuracy,0.937800706144924,Galea_Cat
Feeding,Duration,3,Precision,0.333333333333333,Galea_Cat
Feeding,Duration,3,Recall,0.0121951219512195,Galea_Cat
Feeding,Duration,3,F1,0.0235294117647059,Galea_Cat
Feeding,Duration,3,Accuracy,0.505026897164047,Galea_Cat
Groom,Duration,3,Precision,0,Galea_Cat
Groom,Duration,3,Recall,0,Galea_Cat
Groom,Duration,3,F1,0,Galea_Cat
Groom,Duration,3,Accuracy,0.485975609756098,Galea_Cat
Locomotion,Duration,3,Precision,0.823529411764706,Galea_Cat
Locomotion,Duration,3,Recall,0.64,Galea_Cat
Locomotion,Duration,3,F1,0.720257234726688,Galea_Cat
Locomotion,Duration,3,Accuracy,0.805731272294887,Galea_Cat
Rest,Duration,3,Precision,0.858267716535433,Galea_Cat
Rest,Duration,3,Recall,0.804428044280443,Galea_Cat
Rest,Duration,3,F1,0.830476190476191,Galea_Cat
Rest,Duration,3,Accuracy,0.878052948314718,Galea_Cat
Unknown,Duration,3,Precision,0.391919191919192,Galea_Cat
Unknown,Duration,3,Recall,0.825531914893617,Galea_Cat
Unknown,Duration,3,F1,0.531506849315069,Galea_Cat
Unknown,Duration,3,Accuracy,0.720064292914158,Galea_Cat
Macro-Average,Duration,3,Precision,0.485301926385762,Galea_Cat
Macro-Average,Duration,3,Recall,0.535329940421465,Galea_Cat
Macro-Average,Duration,3,F1,0.460015112322829,Galea_Cat
Macro-Average,Duration,3,Accuracy,0.722108621098139,Galea_Cat
Fast_Locomotion,HMM,1,Precision,0.307692307692308,Galea_Cat
Fast_Locomotion,HMM,1,Recall,0.8,Galea_Cat
Fast_Locomotion,HMM,1,F1,0.444444444444444,Galea_Cat
Fast_Locomotion,HMM,1,Accuracy,0.894063324538259,Galea_Cat
Groom,HMM,1,Precision,0,Galea_Cat
Groom,HMM,1,Recall,0,Galea_Cat
Groom,HMM,1,F1,0,Galea_Cat
Groom,HMM,1,Accuracy,0,Galea_Cat
Locomotion,HMM,1,Precision,0.918781725888325,Galea_Cat
Locomotion,HMM,1,Recall,0.804444444444444,Galea_Cat
Locomotion,HMM,1,F1,0.85781990521327,Galea_Cat
Locomotion,HMM,1,Accuracy,0.887352333746386,Galea_Cat
Rest,HMM,1,Precision,1,Galea_Cat
Rest,HMM,1,Recall,0.966850828729282,Galea_Cat
Rest,HMM,1,F1,0.98314606741573,Galea_Cat
Rest,HMM,1,Accuracy,0.983425414364641,Galea_Cat
Unknown,HMM,1,Precision,0.658333333333333,Galea_Cat
Unknown,HMM,1,Recall,0.881040892193309,Galea_Cat
Unknown,HMM,1,F1,0.753577106518283,Galea_Cat
Unknown,HMM,1,Accuracy,0.816026518971148,Galea_Cat
Feeding,HMM,1,Precision,0,Galea_Cat
Feeding,HMM,1,Recall,0,Galea_Cat
Feeding,HMM,1,F1,0,Galea_Cat
Feeding,HMM,1,Accuracy,0.5,Galea_Cat
Macro-Average,HMM,1,Precision,0.480801227818994,Galea_Cat
Macro-Average,HMM,1,Recall,0.575389360894506,Galea_Cat
Macro-Average,HMM,1,F1,0.506497920598621,Galea_Cat
Macro-Average,HMM,1,Accuracy,0.680144598603406,Galea_Cat
Fast_Locomotion,HMM,2,Precision,0.883720930232558,Galea_Cat
Fast_Locomotion,HMM,2,Recall,0.417582417582418,Galea_Cat
Fast_Locomotion,HMM,2,F1,0.567164179104478,Galea_Cat
Fast_Locomotion,HMM,2,Accuracy,0.706335413113409,Galea_Cat
Groom,HMM,2,Precision,0.0740740740740741,Galea_Cat
Groom,HMM,2,Recall,0.0289855072463768,Galea_Cat
Groom,HMM,2,F1,0.0416666666666667,Galea_Cat
Groom,HMM,2,Accuracy,0.502473522853958,Galea_Cat
Locomotion,HMM,2,Precision,0.722863741339492,Galea_Cat
Locomotion,HMM,2,Recall,0.937125748502994,Galea_Cat
Locomotion,HMM,2,F1,0.816166883963494,Galea_Cat
Locomotion,HMM,2,Accuracy,0.891143519412787,Galea_Cat
Rest,HMM,2,Precision,0.926315789473684,Galea_Cat
Rest,HMM,2,Recall,0.692913385826772,Galea_Cat
Rest,HMM,2,F1,0.792792792792793,Galea_Cat
Rest,HMM,2,Accuracy,0.838269558410462,Galea_Cat
Unknown,HMM,2,Precision,0.526442307692308,Galea_Cat
Unknown,HMM,2,Recall,0.787769784172662,Galea_Cat
Unknown,HMM,2,F1,0.631123919308358,Galea_Cat
Unknown,HMM,2,Accuracy,0.775353002796319,Galea_Cat
Feeding,HMM,2,Precision,0,Galea_Cat
Feeding,HMM,2,Recall,0,Galea_Cat
Feeding,HMM,2,F1,0,Galea_Cat
Feeding,HMM,2,Accuracy,0.5,Galea_Cat
Macro-Average,HMM,2,Precision,0.522236140468686,Galea_Cat
Macro-Average,HMM,2,Recall,0.477396140555204,Galea_Cat
Macro-Average,HMM,2,F1,0.474819073639298,Galea_Cat
Macro-Average,HMM,2,Accuracy,0.702262502764489,Galea_Cat
Fast_Locomotion,HMM,3,Precision,0.235555555555556,Galea_Cat
Fast_Locomotion,HMM,3,Recall,0.929824561403509,Galea_Cat
Fast_Locomotion,HMM,3,F1,0.375886524822695,Galea_Cat
Fast_Locomotion,HMM,3,Accuracy,0.875235534090701,Galea_Cat
Groom,HMM,3,Precision,0,Galea_Cat
Groom,HMM,3,Recall,0,Galea_Cat
Groom,HMM,3,F1,0,Galea_Cat
Groom,HMM,3,Accuracy,0.499390243902439,Galea_Cat
Locomotion,HMM,3,Precision,0.9,Galea_Cat
Locomotion,HMM,3,Recall,0.668571428571429,Galea_Cat
Locomotion,HMM,3,F1,0.767213114754099,Galea_Cat
Locomotion,HMM,3,Accuracy,0.826556820112111,Galea_Cat
Rest,HMM,3,Precision,0.986238532110092,Galea_Cat
Rest,HMM,3,Recall,0.793357933579336,Galea_Cat
Rest,HMM,3,F1,0.879345603271984,Galea_Cat
Rest,HMM,3,Accuracy,0.894665543970876,Galea_Cat
Unknown,HMM,3,Precision,0.438914027149321,Galea_Cat
Unknown,HMM,3,Recall,0.825531914893617,Galea_Cat
Unknown,HMM,3,F1,0.573116691285081,Galea_Cat
Unknown,HMM,3,Accuracy,0.753995150788678,Galea_Cat
Feeding,HMM,3,Precision,0,Galea_Cat
Feeding,HMM,3,Recall,0,Galea_Cat
Feeding,HMM,3,F1,0,Galea_Cat
Feeding,HMM,3,Accuracy,0.5,Galea_Cat
Macro-Average,HMM,3,Precision,0.426784685802495,Galea_Cat
Macro-Average,HMM,3,Recall,0.536214306407982,Galea_Cat
Macro-Average,HMM,3,F1,0.432593655688976,Galea_Cat
Macro-Average,HMM,3,Accuracy,0.724973882144134,Galea_Cat
Fast_Locomotion,Mode,1,Precision,0.230769230769231,Galea_Cat
Fast_Locomotion,Mode,1,Recall,0.6,Galea_Cat
Fast_Locomotion,Mode,1,F1,0.333333333333333,Galea_Cat
Fast_Locomotion,Mode,1,Accuracy,0.793403693931398,Galea_Cat
Groom,Mode,1,Precision,0,Galea_Cat
Groom,Mode,1,Recall,0,Galea_Cat
Groom,Mode,1,F1,0,Galea_Cat
Groom,Mode,1,Accuracy,0,Galea_Cat
Locomotion,Mode,1,Precision,0.839662447257384,Galea_Cat
Locomotion,Mode,1,Recall,0.884444444444445,Galea_Cat
Locomotion,Mode,1,F1,0.861471861471862,Galea_Cat
Locomotion,Mode,1,Accuracy,0.906906237092111,Galea_Cat
Rest,Mode,1,Precision,0.954545454545455,Galea_Cat
Rest,Mode,1,Recall,0.92817679558011,Galea_Cat
Rest,Mode,1,F1,0.941176470588235,Galea_Cat
Rest,Mode,1,Accuracy,0.957215545556378,Galea_Cat
Unknown,Mode,1,Precision,0.649006622516556,Galea_Cat
Unknown,Mode,1,Recall,0.728624535315985,Galea_Cat
Unknown,Mode,1,F1,0.686514886164624,Galea_Cat
Unknown,Mode,1,Accuracy,0.75702481826528,Galea_Cat
Feeding,Mode,1,Precision,0,Galea_Cat
Feeding,Mode,1,Recall,0,Galea_Cat
Feeding,Mode,1,F1,0,Galea_Cat
Feeding,Mode,1,Accuracy,0.5,Galea_Cat
Macro-Average,Mode,1,Precision,0.445663959181438,Galea_Cat
Macro-Average,Mode,1,Recall,0.523540962556757,Galea_Cat
Macro-Average,Mode,1,F1,0.470416091926342,Galea_Cat
Macro-Average,Mode,1,Accuracy,0.652425049140861,Galea_Cat
Fast_Locomotion,Mode,2,Precision,0.901960784313725,Galea_Cat
Fast_Locomotion,Mode,2,Recall,0.505494505494506,Galea_Cat
Fast_Locomotion,Mode,2,F1,0.647887323943662,Galea_Cat
Fast_Locomotion,Mode,2,Accuracy,0.750291457069453,Galea_Cat
Feeding,Mode,2,Precision,0.774193548387097,Galea_Cat
Feeding,Mode,2,Recall,0.867469879518072,Galea_Cat
Feeding,Mode,2,F1,0.818181818181818,Galea_Cat
Feeding,Mode,2,Accuracy,0.923501021630381,Galea_Cat
Groom,Mode,2,Precision,0.171428571428571,Galea_Cat
Groom,Mode,2,Recall,0.173913043478261,Galea_Cat
Groom,Mode,2,F1,0.172661870503597,Galea_Cat
Groom,Mode,2,Accuracy,0.559071906354515,Galea_Cat
Locomotion,Mode,2,Precision,0.713004484304933,Galea_Cat
Locomotion,Mode,2,Recall,0.952095808383234,Galea_Cat
Locomotion,Mode,2,F1,0.815384615384615,Galea_Cat
Locomotion,Mode,2,Accuracy,0.893467259030327,Galea_Cat
Rest,Mode,2,Precision,0.899038461538462,Galea_Cat
Rest,Mode,2,Recall,0.736220472440945,Galea_Cat
Rest,Mode,2,F1,0.80952380952381,Galea_Cat
Rest,Mode,2,Accuracy,0.855829534466087,Galea_Cat
Unknown,Mode,2,Precision,0.813278008298755,Galea_Cat
Unknown,Mode,2,Recall,0.705035971223022,Galea_Cat
Unknown,Mode,2,F1,0.755298651252408,Galea_Cat
Unknown,Mode,2,Accuracy,0.825442173337143,Galea_Cat
Macro-Average,Mode,2,Precision,0.712150643045257,Galea_Cat
Macro-Average,Mode,2,Recall,0.65670494675634,Galea_Cat
Macro-Average,Mode,2,F1,0.669823014798318,Galea_Cat
Macro-Average,Mode,2,Accuracy,0.801267225314651,Galea_Cat
Fast_Locomotion,Mode,3,Precision,0.5,Galea_Cat
Fast_Locomotion,Mode,3,Recall,0.912280701754386,Galea_Cat
Fast_Locomotion,Mode,3,F1,0.645962732919255,Galea_Cat
Fast_Locomotion,Mode,3,Accuracy,0.929028776320363,Galea_Cat
Groom,Mode,3,Precision,0,Galea_Cat
Groom,Mode,3,Recall,0,Galea_Cat
Groom,Mode,3,F1,0,Galea_Cat
Groom,Mode,3,Accuracy,0.496341463414634,Galea_Cat
Locomotion,Mode,3,Precision,0.907563025210084,Galea_Cat
Locomotion,Mode,3,Recall,0.617142857142857,Galea_Cat
Locomotion,Mode,3,F1,0.73469387755102,Galea_Cat
Locomotion,Mode,3,Accuracy,0.802031595039918,Galea_Cat
Rest,Mode,3,Precision,0.937238493723849,Galea_Cat
Rest,Mode,3,Recall,0.826568265682657,Galea_Cat
Rest,Mode,3,F1,0.87843137254902,Galea_Cat
Rest,Mode,3,Accuracy,0.903217018747369,Galea_Cat
Unknown,Mode,3,Precision,0.395985401459854,Galea_Cat
Unknown,Mode,3,Recall,0.923404255319149,Galea_Cat
Unknown,Mode,3,F1,0.554278416347382,Galea_Cat
Unknown,Mode,3,Accuracy,0.749794317160215,Galea_Cat
Feeding,Mode,3,Precision,0,Galea_Cat
Feeding,Mode,3,Recall,0,Galea_Cat
Feeding,Mode,3,F1,0,Galea_Cat
Feeding,Mode,3,Accuracy,0.5,Galea_Cat
Macro-Average,Mode,3,Precision,0.456797820065631,Galea_Cat
Macro-Average,Mode,3,Recall,0.546566013316508,Galea_Cat
Macro-Average,Mode,3,F1,0.468894399894446,Galea_Cat
Macro-Average,Mode,3,Accuracy,0.730068861780416,Galea_Cat
Fast_Locomotion,No,1,Precision,0.333333333333333,Galea_Cat
Fast_Locomotion,No,1,Recall,1,Galea_Cat
Fast_Locomotion,No,1,F1,0.5,Galea_Cat
Fast_Locomotion,No,1,Accuracy,0.993403693931398,Galea_Cat
Groom,No,1,Precision,0,Galea_Cat
Groom,No,1,Recall,0,Galea_Cat
Groom,No,1,F1,0,Galea_Cat
Groom,No,1,Accuracy,0,Galea_Cat
Locomotion,No,1,Precision,0.765873015873016,Galea_Cat
Locomotion,No,1,Recall,0.857777777777778,Galea_Cat
Locomotion,No,1,F1,0.809224318658281,Galea_Cat
Locomotion,No,1,Accuracy,0.874056175134242,Galea_Cat
Rest,No,1,Precision,0.966101694915254,Galea_Cat
Rest,No,1,Recall,0.94475138121547,Galea_Cat
Rest,No,1,F1,0.955307262569832,Galea_Cat
Rest,No,1,Accuracy,0.967221051432477,Galea_Cat
Unknown,No,1,Precision,0.640845070422535,Galea_Cat
Unknown,No,1,Recall,0.676579925650558,Galea_Cat
Unknown,No,1,F1,0.658227848101266,Galea_Cat
Unknown,No,1,Accuracy,0.735051096428518,Galea_Cat
Feeding,No,1,Precision,0,Galea_Cat
Feeding,No,1,Recall,0,Galea_Cat
Feeding,No,1,F1,0,Galea_Cat
Feeding,No,1,Accuracy,0.5,Galea_Cat
Macro-Average,No,1,Precision,0.45102551909069,Galea_Cat
Macro-Average,No,1,Recall,0.579851514107301,Galea_Cat
Macro-Average,No,1,F1,0.487126571554897,Galea_Cat
Macro-Average,No,1,Accuracy,0.678288669487773,Galea_Cat
Fast_Locomotion,No,2,Precision,0.882352941176471,Galea_Cat
Fast_Locomotion,No,2,Recall,0.494505494505495,Galea_Cat
Fast_Locomotion,No,2,F1,0.633802816901409,Galea_Cat
Fast_Locomotion,No,2,Accuracy,0.744305792439388,Galea_Cat
Feeding,No,2,Precision,0.703296703296703,Galea_Cat
Feeding,No,2,Recall,0.771084337349398,Galea_Cat
Feeding,No,2,F1,0.735632183908046,Galea_Cat
Feeding,No,2,Accuracy,0.872384273937857,Galea_Cat
Groom,No,2,Precision,0.136986301369863,Galea_Cat
Groom,No,2,Recall,0.144927536231884,Galea_Cat
Groom,No,2,F1,0.140845070422535,Galea_Cat
Groom,No,2,Accuracy,0.542175306577481,Galea_Cat
Locomotion,No,2,Precision,0.721698113207547,Galea_Cat
Locomotion,No,2,Recall,0.916167664670659,Galea_Cat
Locomotion,No,2,F1,0.807387862796834,Galea_Cat
Locomotion,No,2,Accuracy,0.881954800077265,Galea_Cat
Rest,No,2,Precision,0.903553299492386,Galea_Cat
Rest,No,2,Recall,0.700787401574803,Galea_Cat
Rest,No,2,F1,0.789356984478936,Galea_Cat
Rest,No,2,Accuracy,0.83928258967629,Galea_Cat
Unknown,No,2,Precision,0.695970695970696,Galea_Cat
Unknown,No,2,Recall,0.683453237410072,Galea_Cat
Unknown,No,2,F1,0.689655172413793,Galea_Cat
Unknown,No,2,Accuracy,0.791786787176757,Galea_Cat
Macro-Average,No,2,Precision,0.673976342418944,Galea_Cat
Macro-Average,No,2,Recall,0.618487611957052,Galea_Cat
Macro-Average,No,2,F1,0.632780015153592,Galea_Cat
Macro-Average,No,2,Accuracy,0.778648258314173,Galea_Cat
Fast_Locomotion,No,3,Precision,0.577319587628866,Galea_Cat
Fast_Locomotion,No,3,Recall,0.982456140350877,Galea_Cat
Fast_Locomotion,No,3,F1,0.727272727272727,Galea_Cat
Fast_Locomotion,No,3,Accuracy,0.969851636390246,Galea_Cat
Feeding,No,3,Precision,0.333333333333333,Galea_Cat
Feeding,No,3,Recall,0.0121951219512195,Galea_Cat
Feeding,No,3,F1,0.0235294117647059,Galea_Cat
Feeding,No,3,Accuracy,0.505026897164047,Galea_Cat
Groom,No,3,Precision,0,Galea_Cat
Groom,No,3,Recall,0,Galea_Cat
Groom,No,3,F1,0,Galea_Cat
Groom,No,3,Accuracy,0.48719512195122,Galea_Cat
Locomotion,No,3,Precision,0.891666666666667,Galea_Cat
Locomotion,No,3,Recall,0.611428571428571,Galea_Cat
Locomotion,No,3,F1,0.725423728813559,Galea_Cat
Locomotion,No,3,Accuracy,0.797985391540683,Galea_Cat
Rest,No,3,Precision,0.896825396825397,Galea_Cat
Rest,No,3,Recall,0.833948339483395,Galea_Cat
Rest,No,3,F1,0.864244741873805,Galea_Cat
Rest,No,3,Accuracy,0.899524505312167,Galea_Cat
Unknown,No,3,Precision,0.388145315487572,Galea_Cat
Unknown,No,3,Recall,0.863829787234043,Galea_Cat
Unknown,No,3,F1,0.535620052770449,Galea_Cat
Unknown,No,3,Accuracy,0.727049336638788,Galea_Cat
Macro-Average,No,3,Precision,0.514548383323639,Galea_Cat
Macro-Average,No,3,Recall,0.550642993408018,Galea_Cat
Macro-Average,No,3,F1,0.479348443749208,Galea_Cat
Macro-Average,No,3,Accuracy,0.731105481499525,Galea_Cat
Fast_Locomotion,Transition,1,Precision,0.384615384615385,Galea_Cat
Fast_Locomotion,Transition,1,Recall,1,Galea_Cat
Fast_Locomotion,Transition,1,F1,0.555555555555556,Galea_Cat
Fast_Locomotion,Transition,1,Accuracy,0.994722955145119,Galea_Cat
Groom,Transition,1,Precision,0,Galea_Cat
Groom,Transition,1,Recall,0,Galea_Cat
Groom,Transition,1,F1,0,Galea_Cat
Groom,Transition,1,Accuracy,0,Galea_Cat
Locomotion,Transition,1,Precision,0.833333333333333,Galea_Cat
Locomotion,Transition,1,Recall,0.866666666666667,Galea_Cat
Locomotion,Transition,1,F1,0.849673202614379,Galea_Cat
Locomotion,Transition,1,Accuracy,0.897087980173482,Galea_Cat
Rest,Transition,1,Precision,1,Galea_Cat
Rest,Transition,1,Recall,0.94475138121547,Galea_Cat
Rest,Transition,1,F1,0.971590909090909,Galea_Cat
Rest,Transition,1,Accuracy,0.972375690607735,Galea_Cat
Unknown,Transition,1,Precision,0.644230769230769,Galea_Cat
Unknown,Transition,1,Recall,0.747211895910781,Galea_Cat
Unknown,Transition,1,F1,0.691910499139415,Galea_Cat
Unknown,Transition,1,Accuracy,0.761257769817739,Galea_Cat
Feeding,Transition,1,Precision,0,Galea_Cat
Feeding,Transition,1,Recall,0,Galea_Cat
Feeding,Transition,1,F1,0,Galea_Cat
Feeding,Transition,1,Accuracy,0.5,Galea_Cat
Macro-Average,Transition,1,Precision,0.477029914529915,Galea_Cat
Macro-Average,Transition,1,Recall,0.593104990632153,Galea_Cat
Macro-Average,Transition,1,F1,0.511455027733376,Galea_Cat
Macro-Average,Transition,1,Accuracy,0.687574065957346,Galea_Cat
Fast_Locomotion,Transition,2,Precision,0.891304347826087,Galea_Cat
Fast_Locomotion,Transition,2,Recall,0.450549450549451,Galea_Cat
Fast_Locomotion,Transition,2,F1,0.598540145985402,Galea_Cat
Fast_Locomotion,Transition,2,Accuracy,0.722818929596926,Galea_Cat
Feeding,Transition,2,Precision,0.810126582278481,Galea_Cat
Feeding,Transition,2,Recall,0.771084337349398,Galea_Cat
Feeding,Transition,2,F1,0.790123456790123,Galea_Cat
Feeding,Transition,2,Accuracy,0.878232227154231,Galea_Cat
Groom,Transition,2,Precision,0.135593220338983,Galea_Cat
Groom,Transition,2,Recall,0.115942028985507,Galea_Cat
Groom,Transition,2,F1,0.125,Galea_Cat
Groom,Transition,2,Accuracy,0.533451783723523,Galea_Cat
Locomotion,Transition,2,Precision,0.731764705882353,Galea_Cat
Locomotion,Transition,2,Recall,0.931137724550898,Galea_Cat
Locomotion,Transition,2,F1,0.819499341238472,Galea_Cat
Locomotion,Transition,2,Accuracy,0.892020475178675,Galea_Cat
Rest,Transition,2,Precision,0.897058823529412,Galea_Cat
Rest,Transition,2,Recall,0.720472440944882,Galea_Cat
Rest,Transition,2,F1,0.799126637554585,Galea_Cat
Rest,Transition,2,Accuracy,0.847955518718055,Galea_Cat
Unknown,Transition,2,Precision,0.702702702702703,Galea_Cat
Unknown,Transition,2,Recall,0.748201438848921,Galea_Cat
Unknown,Transition,2,F1,0.724738675958188,Galea_Cat
Unknown,Transition,2,Accuracy,0.82115246431014,Galea_Cat
Macro-Average,Transition,2,Precision,0.694758397093003,Galea_Cat
Macro-Average,Transition,2,Recall,0.622897903538176,Galea_Cat
Macro-Average,Transition,2,F1,0.642838042921128,Galea_Cat
Macro-Average,Transition,2,Accuracy,0.782605233113592,Galea_Cat
Fast_Locomotion,Transition,3,Precision,0.595744680851064,Galea_Cat
Fast_Locomotion,Transition,3,Recall,0.982456140350877,Galea_Cat
Fast_Locomotion,Transition,3,F1,0.741721854304636,Galea_Cat
Fast_Locomotion,Transition,3,Accuracy,0.971415765691601,Galea_Cat
Feeding,Transition,3,Precision,1,Galea_Cat
Feeding,Transition,3,Recall,0.0121951219512195,Galea_Cat
Feeding,Transition,3,F1,0.0240963855421687,Galea_Cat
Feeding,Transition,3,Accuracy,0.50609756097561,Galea_Cat
Groom,Transition,3,Precision,0,Galea_Cat
Groom,Transition,3,Recall,0,Galea_Cat
Groom,Transition,3,F1,0,Galea_Cat
Groom,Transition,3,Accuracy,0.49390243902439,Galea_Cat
Locomotion,Transition,3,Precision,0.923728813559322,Galea_Cat
Locomotion,Transition,3,Recall,0.622857142857143,Galea_Cat
Locomotion,Transition,3,F1,0.744027303754266,Galea_Cat
Locomotion,Transition,3,Accuracy,0.806077798539154,Galea_Cat
Rest,Transition,3,Precision,0.934156378600823,Galea_Cat
Rest,Transition,3,Recall,0.837638376383764,Galea_Cat
Rest,Transition,3,F1,0.883268482490272,Galea_Cat
Rest,Transition,3,Accuracy,0.908080933158325,Galea_Cat
Unknown,Transition,3,Precision,0.390909090909091,Galea_Cat
Unknown,Transition,3,Recall,0.914893617021277,Galea_Cat
Unknown,Transition,3,F1,0.547770700636943,Galea_Cat
Unknown,Transition,3,Accuracy,0.742978178549051,Galea_Cat
Macro-Average,Transition,3,Precision,0.640756493986717,Galea_Cat
Macro-Average,Transition,3,Recall,0.561673399760713,Galea_Cat
Macro-Average,Transition,3,F1,0.490147454454714,Galea_Cat
Macro-Average,Transition,3,Accuracy,0.738092112656355,Galea_Cat
Digging,Bayesian,1,Precision,0.83710407239819,HarveyCaroll_Pangolin
Digging,Bayesian,1,Recall,0.774058577405858,HarveyCaroll_Pangolin
Digging,Bayesian,1,F1,0.804347826086957,HarveyCaroll_Pangolin
Digging,Bayesian,1,Accuracy,0.870111995469846,HarveyCaroll_Pangolin
Feeding,Bayesian,1,Precision,0.841935483870968,HarveyCaroll_Pangolin
Feeding,Bayesian,1,Recall,0.887755102040816,HarveyCaroll_Pangolin
Feeding,Bayesian,1,F1,0.864238410596026,HarveyCaroll_Pangolin
Feeding,Bayesian,1,Accuracy,0.919596084221597,HarveyCaroll_Pangolin
Investigating_ground,Bayesian,1,Precision,0.291666666666667,HarveyCaroll_Pangolin
Investigating_ground,Bayesian,1,Recall,0.623762376237624,HarveyCaroll_Pangolin
Investigating_ground,Bayesian,1,F1,0.397476340694006,HarveyCaroll_Pangolin
Investigating_ground,Bayesian,1,Accuracy,0.748237261330126,HarveyCaroll_Pangolin
Walking,Bayesian,1,Precision,0.949640287769784,HarveyCaroll_Pangolin
Walking,Bayesian,1,Recall,0.830188679245283,HarveyCaroll_Pangolin
Walking,Bayesian,1,F1,0.885906040268456,HarveyCaroll_Pangolin
Walking,Bayesian,1,Accuracy,0.894104834375265,HarveyCaroll_Pangolin
Other,Bayesian,1,Precision,0,HarveyCaroll_Pangolin
Other,Bayesian,1,Recall,0,HarveyCaroll_Pangolin
Other,Bayesian,1,F1,0,HarveyCaroll_Pangolin
Other,Bayesian,1,Accuracy,0.5,HarveyCaroll_Pangolin
Stationary,Bayesian,1,Precision,0,HarveyCaroll_Pangolin
Stationary,Bayesian,1,Recall,0,HarveyCaroll_Pangolin
Stationary,Bayesian,1,F1,0,HarveyCaroll_Pangolin
Stationary,Bayesian,1,Accuracy,0.5,HarveyCaroll_Pangolin
Macro-Average,Bayesian,1,Precision,0.486724418450935,HarveyCaroll_Pangolin
Macro-Average,Bayesian,1,Recall,0.519294122488264,HarveyCaroll_Pangolin
Macro-Average,Bayesian,1,F1,0.491994769607574,HarveyCaroll_Pangolin
Macro-Average,Bayesian,1,Accuracy,0.738675029232806,HarveyCaroll_Pangolin
Digging,Bayesian,2,Precision,0.785714285714286,HarveyCaroll_Pangolin
Digging,Bayesian,2,Recall,0.605504587155963,HarveyCaroll_Pangolin
Digging,Bayesian,2,F1,0.683937823834197,HarveyCaroll_Pangolin
Digging,Bayesian,2,Accuracy,0.78722166372466,HarveyCaroll_Pangolin
Feeding,Bayesian,2,Precision,0.906493506493506,HarveyCaroll_Pangolin
Feeding,Bayesian,2,Recall,0.589527027027027,HarveyCaroll_Pangolin
Feeding,Bayesian,2,F1,0.714431934493347,HarveyCaroll_Pangolin
Feeding,Bayesian,2,Accuracy,0.771833577207781,HarveyCaroll_Pangolin
Investigating_ground,Bayesian,2,Precision,0.294478527607362,HarveyCaroll_Pangolin
Investigating_ground,Bayesian,2,Recall,0.406779661016949,HarveyCaroll_Pangolin
Investigating_ground,Bayesian,2,F1,0.341637010676157,HarveyCaroll_Pangolin
Investigating_ground,Bayesian,2,Accuracy,0.657718662915147,HarveyCaroll_Pangolin
Stationary,Bayesian,2,Precision,0,HarveyCaroll_Pangolin
Stationary,Bayesian,2,Recall,0,HarveyCaroll_Pangolin
Stationary,Bayesian,2,F1,0,HarveyCaroll_Pangolin
Stationary,Bayesian,2,Accuracy,0.499264164827079,HarveyCaroll_Pangolin
Walking,Bayesian,2,Precision,0.52959028831563,HarveyCaroll_Pangolin
Walking,Bayesian,2,Recall,0.828978622327791,HarveyCaroll_Pangolin
Walking,Bayesian,2,F1,0.646296296296296,HarveyCaroll_Pangolin
Walking,Bayesian,2,Accuracy,0.752355419950506,HarveyCaroll_Pangolin
Other,Bayesian,2,Precision,0,HarveyCaroll_Pangolin
Other,Bayesian,2,Recall,0,HarveyCaroll_Pangolin
Other,Bayesian,2,F1,0,HarveyCaroll_Pangolin
Other,Bayesian,2,Accuracy,0.5,HarveyCaroll_Pangolin
Macro-Average,Bayesian,2,Precision,0.419379434688464,HarveyCaroll_Pangolin
Macro-Average,Bayesian,2,Recall,0.405131649587955,HarveyCaroll_Pangolin
Macro-Average,Bayesian,2,F1,0.397717177549999,HarveyCaroll_Pangolin
Macro-Average,Bayesian,2,Accuracy,0.661398914770862,HarveyCaroll_Pangolin
Digging,Bayesian,3,Precision,0.606382978723404,HarveyCaroll_Pangolin
Digging,Bayesian,3,Recall,0.575757575757576,HarveyCaroll_Pangolin
Digging,Bayesian,3,F1,0.590673575129534,HarveyCaroll_Pangolin
Digging,Bayesian,3,Accuracy,0.771212121212121,HarveyCaroll_Pangolin
Feeding,Bayesian,3,Precision,0.419213973799127,HarveyCaroll_Pangolin
Feeding,Bayesian,3,Recall,0.905660377358491,HarveyCaroll_Pangolin
Feeding,Bayesian,3,F1,0.573134328358209,HarveyCaroll_Pangolin
Feeding,Bayesian,3,Accuracy,0.892540070818864,HarveyCaroll_Pangolin
Investigating_ground,Bayesian,3,Precision,0.875,HarveyCaroll_Pangolin
Investigating_ground,Bayesian,3,Recall,0.603448275862069,HarveyCaroll_Pangolin
Investigating_ground,Bayesian,3,F1,0.714285714285714,HarveyCaroll_Pangolin
Investigating_ground,Bayesian,3,Accuracy,0.791488723396746,HarveyCaroll_Pangolin
Walking,Bayesian,3,Precision,0.871900826446281,HarveyCaroll_Pangolin
Walking,Bayesian,3,Recall,0.984447900466563,HarveyCaroll_Pangolin
Walking,Bayesian,3,F1,0.924762600438276,HarveyCaroll_Pangolin
Walking,Bayesian,3,Accuracy,0.910068473201479,HarveyCaroll_Pangolin
Other,Bayesian,3,Precision,0,HarveyCaroll_Pangolin
Other,Bayesian,3,Recall,0,HarveyCaroll_Pangolin
Other,Bayesian,3,F1,0,HarveyCaroll_Pangolin
Other,Bayesian,3,Accuracy,0.5,HarveyCaroll_Pangolin
Stationary,Bayesian,3,Precision,0,HarveyCaroll_Pangolin
Stationary,Bayesian,3,Recall,0,HarveyCaroll_Pangolin
Stationary,Bayesian,3,F1,0,HarveyCaroll_Pangolin
Stationary,Bayesian,3,Accuracy,0.5,HarveyCaroll_Pangolin
Macro-Average,Bayesian,3,Precision,0.462082963161469,HarveyCaroll_Pangolin
Macro-Average,Bayesian,3,Recall,0.51155235490745,HarveyCaroll_Pangolin
Macro-Average,Bayesian,3,F1,0.467142703035289,HarveyCaroll_Pangolin
Macro-Average,Bayesian,3,Accuracy,0.727551564771535,HarveyCaroll_Pangolin
Digging,Duration,1,Precision,0.745535714285714,HarveyCaroll_Pangolin
Digging,Duration,1,Recall,0.698744769874477,HarveyCaroll_Pangolin
Digging,Duration,1,F1,0.721382289416847,HarveyCaroll_Pangolin
Digging,Duration,1,Accuracy,0.822586670651524,HarveyCaroll_Pangolin
Feeding,Duration,1,Precision,0.83728813559322,HarveyCaroll_Pangolin
Feeding,Duration,1,Recall,0.840136054421769,HarveyCaroll_Pangolin
Feeding,Duration,1,F1,0.838709677419355,HarveyCaroll_Pangolin
Feeding,Duration,1,Accuracy,0.896282100550825,HarveyCaroll_Pangolin
Investigating_ground,Duration,1,Precision,0.201413427561837,HarveyCaroll_Pangolin
Investigating_ground,Duration,1,Recall,0.564356435643564,HarveyCaroll_Pangolin
Investigating_ground,Duration,1,F1,0.296875,HarveyCaroll_Pangolin
Investigating_ground,Duration,1,Accuracy,0.688168234460717,HarveyCaroll_Pangolin
Other,Duration,1,Precision,0,HarveyCaroll_Pangolin
Other,Duration,1,Recall,0,HarveyCaroll_Pangolin
Other,Duration,1,F1,0,HarveyCaroll_Pangolin
Other,Duration,1,Accuracy,0.499230769230769,HarveyCaroll_Pangolin
Walking,Duration,1,Precision,0.913827655310621,HarveyCaroll_Pangolin
Walking,Duration,1,Recall,0.716981132075472,HarveyCaroll_Pangolin
Walking,Duration,1,F1,0.80352422907489,HarveyCaroll_Pangolin
Walking,Duration,1,Accuracy,0.826256682979265,HarveyCaroll_Pangolin
Stationary,Duration,1,Precision,0,HarveyCaroll_Pangolin
Stationary,Duration,1,Recall,0,HarveyCaroll_Pangolin
Stationary,Duration,1,F1,0,HarveyCaroll_Pangolin
Stationary,Duration,1,Accuracy,0.5,HarveyCaroll_Pangolin
Macro-Average,Duration,1,Precision,0.449677488791899,HarveyCaroll_Pangolin
Macro-Average,Duration,1,Recall,0.470036398669214,HarveyCaroll_Pangolin
Macro-Average,Duration,1,F1,0.443415199318515,HarveyCaroll_Pangolin
Macro-Average,Duration,1,Accuracy,0.70542074297885,HarveyCaroll_Pangolin
Digging,Duration,2,Precision,0.714285714285714,HarveyCaroll_Pangolin
Digging,Duration,2,Recall,0.573394495412844,HarveyCaroll_Pangolin
Digging,Duration,2,F1,0.636132315521628,HarveyCaroll_Pangolin
Digging,Duration,2,Accuracy,0.765126928465697,HarveyCaroll_Pangolin
Feeding,Duration,2,Precision,0.910326086956522,HarveyCaroll_Pangolin
Feeding,Duration,2,Recall,0.565878378378378,HarveyCaroll_Pangolin
Feeding,Duration,2,F1,0.697916666666667,HarveyCaroll_Pangolin
Feeding,Duration,2,Accuracy,0.761920080908934,HarveyCaroll_Pangolin
Investigating_ground,Duration,2,Precision,0.251256281407035,HarveyCaroll_Pangolin
Investigating_ground,Duration,2,Recall,0.423728813559322,HarveyCaroll_Pangolin
Investigating_ground,Duration,2,F1,0.315457413249211,HarveyCaroll_Pangolin
Investigating_ground,Duration,2,Accuracy,0.652690459202219,HarveyCaroll_Pangolin
Stationary,Duration,2,Precision,0,HarveyCaroll_Pangolin
Stationary,Duration,2,Recall,0,HarveyCaroll_Pangolin
Stationary,Duration,2,F1,0,HarveyCaroll_Pangolin
Stationary,Duration,2,Accuracy,0.495584988962472,HarveyCaroll_Pangolin
Walking,Duration,2,Precision,0.518459069020867,HarveyCaroll_Pangolin
Walking,Duration,2,Recall,0.767220902612827,HarveyCaroll_Pangolin
Walking,Duration,2,F1,0.618773946360153,HarveyCaroll_Pangolin
Walking,Duration,2,Accuracy,0.726706685616037,HarveyCaroll_Pangolin
Other,Duration,2,Precision,0,HarveyCaroll_Pangolin
Other,Duration,2,Recall,0,HarveyCaroll_Pangolin
Other,Duration,2,F1,0,HarveyCaroll_Pangolin
Other,Duration,2,Accuracy,0.5,HarveyCaroll_Pangolin
Macro-Average,Duration,2,Precision,0.399054525278356,HarveyCaroll_Pangolin
Macro-Average,Duration,2,Recall,0.388370431660562,HarveyCaroll_Pangolin
Macro-Average,Duration,2,F1,0.378046723632943,HarveyCaroll_Pangolin
Macro-Average,Duration,2,Accuracy,0.650338190525893,HarveyCaroll_Pangolin
Digging,Duration,3,Precision,0.432,HarveyCaroll_Pangolin
Digging,Duration,3,Recall,0.545454545454545,HarveyCaroll_Pangolin
Digging,Duration,3,F1,0.482142857142857,HarveyCaroll_Pangolin
Digging,Duration,3,Accuracy,0.740745290745291,HarveyCaroll_Pangolin
Feeding,Duration,3,Precision,0.391891891891892,HarveyCaroll_Pangolin
Feeding,Duration,3,Recall,0.820754716981132,HarveyCaroll_Pangolin
Feeding,Duration,3,F1,0.530487804878049,HarveyCaroll_Pangolin
Feeding,Duration,3,Accuracy,0.849180622316495,HarveyCaroll_Pangolin
Investigating_ground,Duration,3,Precision,0.730434782608696,HarveyCaroll_Pangolin
Investigating_ground,Duration,3,Recall,0.362068965517241,HarveyCaroll_Pangolin
Investigating_ground,Duration,3,F1,0.484149855907781,HarveyCaroll_Pangolin
Investigating_ground,Duration,3,Accuracy,0.665169590230473,HarveyCaroll_Pangolin
Stationary,Duration,3,Precision,0,HarveyCaroll_Pangolin
Stationary,Duration,3,Recall,0,HarveyCaroll_Pangolin
Stationary,Duration,3,F1,0,HarveyCaroll_Pangolin
Stationary,Duration,3,Accuracy,0.499545040946315,HarveyCaroll_Pangolin
Walking,Duration,3,Precision,0.835120643431635,HarveyCaroll_Pangolin
Walking,Duration,3,Recall,0.968895800933126,HarveyCaroll_Pangolin
Walking,Duration,3,F1,0.897048236141109,HarveyCaroll_Pangolin
Walking,Duration,3,Accuracy,0.875790656650309,HarveyCaroll_Pangolin
Other,Duration,3,Precision,0,HarveyCaroll_Pangolin
Other,Duration,3,Recall,0,HarveyCaroll_Pangolin
Other,Duration,3,F1,0,HarveyCaroll_Pangolin
Other,Duration,3,Accuracy,0.5,HarveyCaroll_Pangolin
Macro-Average,Duration,3,Precision,0.398241219655371,HarveyCaroll_Pangolin
Macro-Average,Duration,3,Recall,0.449529004814341,HarveyCaroll_Pangolin
Macro-Average,Duration,3,F1,0.398971459011633,HarveyCaroll_Pangolin
Macro-Average,Duration,3,Accuracy,0.688405200148147,HarveyCaroll_Pangolin
Digging,HMM,1,Precision,0.791836734693878,HarveyCaroll_Pangolin
Digging,HMM,1,Recall,0.811715481171548,HarveyCaroll_Pangolin
Digging,HMM,1,F1,0.801652892561983,HarveyCaroll_Pangolin
Digging,HMM,1,Accuracy,0.88189157517224,HarveyCaroll_Pangolin
Feeding,HMM,1,Precision,0.80188679245283,HarveyCaroll_Pangolin
Feeding,HMM,1,Recall,0.86734693877551,HarveyCaroll_Pangolin
Feeding,HMM,1,F1,0.833333333333333,HarveyCaroll_Pangolin
Feeding,HMM,1,Accuracy,0.902454440646427,HarveyCaroll_Pangolin
Investigating_ground,HMM,1,Precision,0.268571428571429,HarveyCaroll_Pangolin
Investigating_ground,HMM,1,Recall,0.465346534653465,HarveyCaroll_Pangolin
Investigating_ground,HMM,1,F1,0.340579710144928,HarveyCaroll_Pangolin
Investigating_ground,HMM,1,Accuracy,0.679428674980643,HarveyCaroll_Pangolin
Other,HMM,1,Precision,0,HarveyCaroll_Pangolin
Other,HMM,1,Recall,0,HarveyCaroll_Pangolin
Other,HMM,1,F1,0,HarveyCaroll_Pangolin
Other,HMM,1,Accuracy,0.499230769230769,HarveyCaroll_Pangolin
Walking,HMM,1,Precision,0.911190053285968,HarveyCaroll_Pangolin
Walking,HMM,1,Recall,0.806603773584906,HarveyCaroll_Pangolin
Walking,HMM,1,F1,0.855713094245204,HarveyCaroll_Pangolin
Walking,HMM,1,Accuracy,0.865820627422138,HarveyCaroll_Pangolin
Stationary,HMM,1,Precision,0,HarveyCaroll_Pangolin
Stationary,HMM,1,Recall,0,HarveyCaroll_Pangolin
Stationary,HMM,1,F1,0,HarveyCaroll_Pangolin
Stationary,HMM,1,Accuracy,0.5,HarveyCaroll_Pangolin
Macro-Average,HMM,1,Precision,0.462247501500684,HarveyCaroll_Pangolin
Macro-Average,HMM,1,Recall,0.491835454697572,HarveyCaroll_Pangolin
Macro-Average,HMM,1,F1,0.471879838380908,HarveyCaroll_Pangolin
Macro-Average,HMM,1,Accuracy,0.72147101457537,HarveyCaroll_Pangolin
Digging,HMM,2,Precision,0.785714285714286,HarveyCaroll_Pangolin
Digging,HMM,2,Recall,0.555045871559633,HarveyCaroll_Pangolin
Digging,HMM,2,F1,0.650537634408602,HarveyCaroll_Pangolin
Digging,HMM,2,Accuracy,0.763286525080938,HarveyCaroll_Pangolin
Feeding,HMM,2,Precision,0.911528150134048,HarveyCaroll_Pangolin
Feeding,HMM,2,Recall,0.574324324324324,HarveyCaroll_Pangolin
Feeding,HMM,2,F1,0.704663212435233,HarveyCaroll_Pangolin
Feeding,HMM,2,Accuracy,0.766143053881907,HarveyCaroll_Pangolin
Investigating_ground,HMM,2,Precision,0.262068965517241,HarveyCaroll_Pangolin
Investigating_ground,HMM,2,Recall,0.322033898305085,HarveyCaroll_Pangolin
Investigating_ground,HMM,2,F1,0.288973384030418,HarveyCaroll_Pangolin
Investigating_ground,HMM,2,Accuracy,0.618522906261359,HarveyCaroll_Pangolin
Stationary,HMM,2,Precision,0,HarveyCaroll_Pangolin
Stationary,HMM,2,Recall,0,HarveyCaroll_Pangolin
Stationary,HMM,2,F1,0,HarveyCaroll_Pangolin
Stationary,HMM,2,Accuracy,0.495584988962472,HarveyCaroll_Pangolin
Walking,HMM,2,Precision,0.505050505050505,HarveyCaroll_Pangolin
Walking,HMM,2,Recall,0.831353919239905,HarveyCaroll_Pangolin
Walking,HMM,2,F1,0.628366247755835,HarveyCaroll_Pangolin
Walking,HMM,2,Accuracy,0.736283654180622,HarveyCaroll_Pangolin
Other,HMM,2,Precision,0,HarveyCaroll_Pangolin
Other,HMM,2,Recall,0,HarveyCaroll_Pangolin
Other,HMM,2,F1,0,HarveyCaroll_Pangolin
Other,HMM,2,Accuracy,0.5,HarveyCaroll_Pangolin
Macro-Average,HMM,2,Precision,0.41072698440268,HarveyCaroll_Pangolin
Macro-Average,HMM,2,Recall,0.380459668904825,HarveyCaroll_Pangolin
Macro-Average,HMM,2,F1,0.378756746438348,HarveyCaroll_Pangolin
Macro-Average,HMM,2,Accuracy,0.646636854727883,HarveyCaroll_Pangolin
Digging,HMM,3,Precision,0.571428571428571,HarveyCaroll_Pangolin
Digging,HMM,3,Recall,0.525252525252525,HarveyCaroll_Pangolin
Digging,HMM,3,F1,0.547368421052632,HarveyCaroll_Pangolin
Digging,HMM,3,Accuracy,0.745058695058695,HarveyCaroll_Pangolin
Feeding,HMM,3,Precision,0.369477911646586,HarveyCaroll_Pangolin
Feeding,HMM,3,Recall,0.867924528301887,HarveyCaroll_Pangolin
Feeding,HMM,3,F1,0.51830985915493,HarveyCaroll_Pangolin
Feeding,HMM,3,Accuracy,0.862792726526283,HarveyCaroll_Pangolin
Investigating_ground,HMM,3,Precision,0.747368421052632,HarveyCaroll_Pangolin
Investigating_ground,HMM,3,Recall,0.306034482758621,HarveyCaroll_Pangolin
Investigating_ground,HMM,3,F1,0.434250764525994,HarveyCaroll_Pangolin
Investigating_ground,HMM,3,Accuracy,0.640734743938164,HarveyCaroll_Pangolin
Stationary,HMM,3,Precision,0,HarveyCaroll_Pangolin
Stationary,HMM,3,Recall,0,HarveyCaroll_Pangolin
Stationary,HMM,3,F1,0,HarveyCaroll_Pangolin
Stationary,HMM,3,Accuracy,0.499545040946315,HarveyCaroll_Pangolin
Walking,HMM,3,Precision,0.817593790426908,HarveyCaroll_Pangolin
Walking,HMM,3,Recall,0.982892690513219,HarveyCaroll_Pangolin
Walking,HMM,3,F1,0.892655367231638,HarveyCaroll_Pangolin
Walking,HMM,3,Accuracy,0.866888041369684,HarveyCaroll_Pangolin
Other,HMM,3,Precision,0,HarveyCaroll_Pangolin
Other,HMM,3,Recall,0,HarveyCaroll_Pangolin
Other,HMM,3,F1,0,HarveyCaroll_Pangolin
Other,HMM,3,Accuracy,0.5,HarveyCaroll_Pangolin
Macro-Average,HMM,3,Precision,0.417644782425783,HarveyCaroll_Pangolin
Macro-Average,HMM,3,Recall,0.447017371137709,HarveyCaroll_Pangolin
Macro-Average,HMM,3,F1,0.398764068660866,HarveyCaroll_Pangolin
Macro-Average,HMM,3,Accuracy,0.685836541306524,HarveyCaroll_Pangolin
Digging,Mode,1,Precision,0.764,HarveyCaroll_Pangolin
Digging,Mode,1,Recall,0.799163179916318,HarveyCaroll_Pangolin
Digging,Mode,1,F1,0.78118609406953,HarveyCaroll_Pangolin
Digging,Mode,1,Accuracy,0.871856026048384,HarveyCaroll_Pangolin
Feeding,Mode,1,Precision,0.810457516339869,HarveyCaroll_Pangolin
Feeding,Mode,1,Recall,0.843537414965986,HarveyCaroll_Pangolin
Feeding,Mode,1,F1,0.826666666666667,HarveyCaroll_Pangolin
Feeding,Mode,1,Accuracy,0.893027379435421,HarveyCaroll_Pangolin
Investigating_ground,Mode,1,Precision,0.241106719367589,HarveyCaroll_Pangolin
Investigating_ground,Mode,1,Recall,0.603960396039604,HarveyCaroll_Pangolin
Investigating_ground,Mode,1,F1,0.344632768361582,HarveyCaroll_Pangolin
Investigating_ground,Mode,1,Accuracy,0.722113309500667,HarveyCaroll_Pangolin
Other,Mode,1,Precision,0,HarveyCaroll_Pangolin
Other,Mode,1,Recall,0,HarveyCaroll_Pangolin
Other,Mode,1,F1,0,HarveyCaroll_Pangolin
Other,Mode,1,Accuracy,0.499230769230769,HarveyCaroll_Pangolin
Walking,Mode,1,Precision,0.939024390243902,HarveyCaroll_Pangolin
Walking,Mode,1,Recall,0.726415094339623,HarveyCaroll_Pangolin
Walking,Mode,1,F1,0.819148936170213,HarveyCaroll_Pangolin
Walking,Mode,1,Accuracy,0.840718791547623,HarveyCaroll_Pangolin
Stationary,Mode,1,Precision,0,HarveyCaroll_Pangolin
Stationary,Mode,1,Recall,0,HarveyCaroll_Pangolin
Stationary,Mode,1,F1,0,HarveyCaroll_Pangolin
Stationary,Mode,1,Accuracy,0.5,HarveyCaroll_Pangolin
Macro-Average,Mode,1,Precision,0.459098104325227,HarveyCaroll_Pangolin
Macro-Average,Mode,1,Recall,0.495512680876922,HarveyCaroll_Pangolin
Macro-Average,Mode,1,F1,0.461939077544665,HarveyCaroll_Pangolin
Macro-Average,Mode,1,Accuracy,0.721157712627144,HarveyCaroll_Pangolin
Digging,Mode,2,Precision,0.696808510638298,HarveyCaroll_Pangolin
Digging,Mode,2,Recall,0.600917431192661,HarveyCaroll_Pangolin
Digging,Mode,2,F1,0.645320197044335,HarveyCaroll_Pangolin
Digging,Mode,2,Accuracy,0.775868551661904,HarveyCaroll_Pangolin
Feeding,Mode,2,Precision,0.88860103626943,HarveyCaroll_Pangolin
Feeding,Mode,2,Recall,0.579391891891892,HarveyCaroll_Pangolin
Feeding,Mode,2,F1,0.701431492842536,HarveyCaroll_Pangolin
Feeding,Mode,2,Accuracy,0.762307410914099,HarveyCaroll_Pangolin
Investigating_ground,Mode,2,Precision,0.234177215189873,HarveyCaroll_Pangolin
Investigating_ground,Mode,2,Recall,0.313559322033898,HarveyCaroll_Pangolin
Investigating_ground,Mode,2,F1,0.268115942028986,HarveyCaroll_Pangolin
Investigating_ground,Mode,2,Accuracy,0.608725649897013,HarveyCaroll_Pangolin
Stationary,Mode,2,Precision,0,HarveyCaroll_Pangolin
Stationary,Mode,2,Recall,0,HarveyCaroll_Pangolin
Stationary,Mode,2,F1,0,HarveyCaroll_Pangolin
Stationary,Mode,2,Accuracy,0.497056659308315,HarveyCaroll_Pangolin
Walking,Mode,2,Precision,0.511773940345369,HarveyCaroll_Pangolin
Walking,Mode,2,Recall,0.774346793349169,HarveyCaroll_Pangolin
Walking,Mode,2,F1,0.616257088846881,HarveyCaroll_Pangolin
Walking,Mode,2,Accuracy,0.724516492908894,HarveyCaroll_Pangolin
Other,Mode,2,Precision,0,HarveyCaroll_Pangolin
Other,Mode,2,Recall,0,HarveyCaroll_Pangolin
Other,Mode,2,F1,0,HarveyCaroll_Pangolin
Other,Mode,2,Accuracy,0.5,HarveyCaroll_Pangolin
Macro-Average,Mode,2,Precision,0.388560117073828,HarveyCaroll_Pangolin
Macro-Average,Mode,2,Recall,0.37803590641127,HarveyCaroll_Pangolin
Macro-Average,Mode,2,F1,0.371854120127123,HarveyCaroll_Pangolin
Macro-Average,Mode,2,Accuracy,0.644745794115037,HarveyCaroll_Pangolin
Digging,Mode,3,Precision,0.474576271186441,HarveyCaroll_Pangolin
Digging,Mode,3,Recall,0.565656565656566,HarveyCaroll_Pangolin
Digging,Mode,3,F1,0.516129032258065,HarveyCaroll_Pangolin
Digging,Mode,3,Accuracy,0.754900354900355,HarveyCaroll_Pangolin
Feeding,Mode,3,Precision,0.377118644067797,HarveyCaroll_Pangolin
Feeding,Mode,3,Recall,0.839622641509434,HarveyCaroll_Pangolin
Feeding,Mode,3,F1,0.52046783625731,HarveyCaroll_Pangolin
Feeding,Mode,3,Accuracy,0.853174874698507,HarveyCaroll_Pangolin
Investigating_ground,Mode,3,Precision,0.777777777777778,HarveyCaroll_Pangolin
Investigating_ground,Mode,3,Recall,0.362068965517241,HarveyCaroll_Pangolin
Investigating_ground,Mode,3,F1,0.494117647058824,HarveyCaroll_Pangolin
Investigating_ground,Mode,3,Accuracy,0.668751985317474,HarveyCaroll_Pangolin
Stationary,Mode,3,Precision,0,HarveyCaroll_Pangolin
Stationary,Mode,3,Recall,0,HarveyCaroll_Pangolin
Stationary,Mode,3,F1,0,HarveyCaroll_Pangolin
Stationary,Mode,3,Accuracy,0.499545040946315,HarveyCaroll_Pangolin
Walking,Mode,3,Precision,0.840482573726542,HarveyCaroll_Pangolin
Walking,Mode,3,Recall,0.975116640746501,HarveyCaroll_Pangolin
Walking,Mode,3,F1,0.90280777537797,HarveyCaroll_Pangolin
Walking,Mode,3,Accuracy,0.88243464546159,HarveyCaroll_Pangolin
Other,Mode,3,Precision,0,HarveyCaroll_Pangolin
Other,Mode,3,Recall,0,HarveyCaroll_Pangolin
Other,Mode,3,F1,0,HarveyCaroll_Pangolin
Other,Mode,3,Accuracy,0.5,HarveyCaroll_Pangolin
Macro-Average,Mode,3,Precision,0.411659211126426,HarveyCaroll_Pangolin
Macro-Average,Mode,3,Recall,0.457077468904957,HarveyCaroll_Pangolin
Macro-Average,Mode,3,F1,0.405587048492028,HarveyCaroll_Pangolin
Macro-Average,Mode,3,Accuracy,0.69313448355404,HarveyCaroll_Pangolin
Digging,No,1,Precision,0.745535714285714,HarveyCaroll_Pangolin
Digging,No,1,Recall,0.698744769874477,HarveyCaroll_Pangolin
Digging,No,1,F1,0.721382289416847,HarveyCaroll_Pangolin
Digging,No,1,Accuracy,0.822586670651524,HarveyCaroll_Pangolin
Feeding,No,1,Precision,0.83728813559322,HarveyCaroll_Pangolin
Feeding,No,1,Recall,0.840136054421769,HarveyCaroll_Pangolin
Feeding,No,1,F1,0.838709677419355,HarveyCaroll_Pangolin
Feeding,No,1,Accuracy,0.896282100550825,HarveyCaroll_Pangolin
Investigating_ground,No,1,Precision,0.201413427561837,HarveyCaroll_Pangolin
Investigating_ground,No,1,Recall,0.564356435643564,HarveyCaroll_Pangolin
Investigating_ground,No,1,F1,0.296875,HarveyCaroll_Pangolin
Investigating_ground,No,1,Accuracy,0.688168234460717,HarveyCaroll_Pangolin
Other,No,1,Precision,0,HarveyCaroll_Pangolin
Other,No,1,Recall,0,HarveyCaroll_Pangolin
Other,No,1,F1,0,HarveyCaroll_Pangolin
Other,No,1,Accuracy,0.499230769230769,HarveyCaroll_Pangolin
Walking,No,1,Precision,0.913827655310621,HarveyCaroll_Pangolin
Walking,No,1,Recall,0.716981132075472,HarveyCaroll_Pangolin
Walking,No,1,F1,0.80352422907489,HarveyCaroll_Pangolin
Walking,No,1,Accuracy,0.826256682979265,HarveyCaroll_Pangolin
Stationary,No,1,Precision,0,HarveyCaroll_Pangolin
Stationary,No,1,Recall,0,HarveyCaroll_Pangolin
Stationary,No,1,F1,0,HarveyCaroll_Pangolin
Stationary,No,1,Accuracy,0.5,HarveyCaroll_Pangolin
Macro-Average,No,1,Precision,0.449677488791899,HarveyCaroll_Pangolin
Macro-Average,No,1,Recall,0.470036398669214,HarveyCaroll_Pangolin
Macro-Average,No,1,F1,0.443415199318515,HarveyCaroll_Pangolin
Macro-Average,No,1,Accuracy,0.70542074297885,HarveyCaroll_Pangolin
Digging,No,2,Precision,0.714285714285714,HarveyCaroll_Pangolin
Digging,No,2,Recall,0.573394495412844,HarveyCaroll_Pangolin
Digging,No,2,F1,0.636132315521628,HarveyCaroll_Pangolin
Digging,No,2,Accuracy,0.765126928465697,HarveyCaroll_Pangolin
Feeding,No,2,Precision,0.910326086956522,HarveyCaroll_Pangolin
Feeding,No,2,Recall,0.565878378378378,HarveyCaroll_Pangolin
Feeding,No,2,F1,0.697916666666667,HarveyCaroll_Pangolin
Feeding,No,2,Accuracy,0.761920080908934,HarveyCaroll_Pangolin
Investigating_ground,No,2,Precision,0.251256281407035,HarveyCaroll_Pangolin
Investigating_ground,No,2,Recall,0.423728813559322,HarveyCaroll_Pangolin
Investigating_ground,No,2,F1,0.315457413249211,HarveyCaroll_Pangolin
Investigating_ground,No,2,Accuracy,0.652690459202219,HarveyCaroll_Pangolin
Stationary,No,2,Precision,0,HarveyCaroll_Pangolin
Stationary,No,2,Recall,0,HarveyCaroll_Pangolin
Stationary,No,2,F1,0,HarveyCaroll_Pangolin
Stationary,No,2,Accuracy,0.495584988962472,HarveyCaroll_Pangolin
Walking,No,2,Precision,0.518459069020867,HarveyCaroll_Pangolin
Walking,No,2,Recall,0.767220902612827,HarveyCaroll_Pangolin
Walking,No,2,F1,0.618773946360153,HarveyCaroll_Pangolin
Walking,No,2,Accuracy,0.726706685616037,HarveyCaroll_Pangolin
Other,No,2,Precision,0,HarveyCaroll_Pangolin
Other,No,2,Recall,0,HarveyCaroll_Pangolin
Other,No,2,F1,0,HarveyCaroll_Pangolin
Other,No,2,Accuracy,0.5,HarveyCaroll_Pangolin
Macro-Average,No,2,Precision,0.399054525278356,HarveyCaroll_Pangolin
Macro-Average,No,2,Recall,0.388370431660562,HarveyCaroll_Pangolin
Macro-Average,No,2,F1,0.378046723632943,HarveyCaroll_Pangolin
Macro-Average,No,2,Accuracy,0.650338190525893,HarveyCaroll_Pangolin
Digging,No,3,Precision,0.432,HarveyCaroll_Pangolin
Digging,No,3,Recall,0.545454545454545,HarveyCaroll_Pangolin
Digging,No,3,F1,0.482142857142857,HarveyCaroll_Pangolin
Digging,No,3,Accuracy,0.740745290745291,HarveyCaroll_Pangolin
Feeding,No,3,Precision,0.391891891891892,HarveyCaroll_Pangolin
Feeding,No,3,Recall,0.820754716981132,HarveyCaroll_Pangolin
Feeding,No,3,F1,0.530487804878049,HarveyCaroll_Pangolin
Feeding,No,3,Accuracy,0.849180622316495,HarveyCaroll_Pangolin
Investigating_ground,No,3,Precision,0.730434782608696,HarveyCaroll_Pangolin
Investigating_ground,No,3,Recall,0.362068965517241,HarveyCaroll_Pangolin
Investigating_ground,No,3,F1,0.484149855907781,HarveyCaroll_Pangolin
Investigating_ground,No,3,Accuracy,0.665169590230473,HarveyCaroll_Pangolin
Stationary,No,3,Precision,0,HarveyCaroll_Pangolin
Stationary,No,3,Recall,0,HarveyCaroll_Pangolin
Stationary,No,3,F1,0,HarveyCaroll_Pangolin
Stationary,No,3,Accuracy,0.499545040946315,HarveyCaroll_Pangolin
Walking,No,3,Precision,0.835120643431635,HarveyCaroll_Pangolin
Walking,No,3,Recall,0.968895800933126,HarveyCaroll_Pangolin
Walking,No,3,F1,0.897048236141109,HarveyCaroll_Pangolin
Walking,No,3,Accuracy,0.875790656650309,HarveyCaroll_Pangolin
Other,No,3,Precision,0,HarveyCaroll_Pangolin
Other,No,3,Recall,0,HarveyCaroll_Pangolin
Other,No,3,F1,0,HarveyCaroll_Pangolin
Other,No,3,Accuracy,0.5,HarveyCaroll_Pangolin
Macro-Average,No,3,Precision,0.398241219655371,HarveyCaroll_Pangolin
Macro-Average,No,3,Recall,0.449529004814341,HarveyCaroll_Pangolin
Macro-Average,No,3,F1,0.398971459011633,HarveyCaroll_Pangolin
Macro-Average,No,3,Accuracy,0.688405200148147,HarveyCaroll_Pangolin
Digging,Transition,1,Precision,0.797297297297297,HarveyCaroll_Pangolin
Digging,Transition,1,Recall,0.740585774058577,HarveyCaroll_Pangolin
Digging,Transition,1,F1,0.767895878524946,HarveyCaroll_Pangolin
Digging,Transition,1,Accuracy,0.849146270487935,HarveyCaroll_Pangolin
Feeding,Transition,1,Precision,0.835016835016835,HarveyCaroll_Pangolin
Feeding,Transition,1,Recall,0.843537414965986,HarveyCaroll_Pangolin
Feeding,Transition,1,F1,0.839255499153976,HarveyCaroll_Pangolin
Feeding,Transition,1,Accuracy,0.897487240684183,HarveyCaroll_Pangolin
Investigating_ground,Transition,1,Precision,0.214814814814815,HarveyCaroll_Pangolin
Investigating_ground,Transition,1,Recall,0.574257425742574,HarveyCaroll_Pangolin
Investigating_ground,Transition,1,F1,0.31266846361186,HarveyCaroll_Pangolin
Investigating_ground,Transition,1,Accuracy,0.698942356798076,HarveyCaroll_Pangolin
Walking,Transition,1,Precision,0.918287937743191,HarveyCaroll_Pangolin
Walking,Transition,1,Recall,0.742138364779874,HarveyCaroll_Pangolin
Walking,Transition,1,F1,0.820869565217391,HarveyCaroll_Pangolin
Walking,Transition,1,Accuracy,0.839584924518873,HarveyCaroll_Pangolin
Other,Transition,1,Precision,0,HarveyCaroll_Pangolin
Other,Transition,1,Recall,0,HarveyCaroll_Pangolin
Other,Transition,1,F1,0,HarveyCaroll_Pangolin
Other,Transition,1,Accuracy,0.5,HarveyCaroll_Pangolin
Stationary,Transition,1,Precision,0,HarveyCaroll_Pangolin
Stationary,Transition,1,Recall,0,HarveyCaroll_Pangolin
Stationary,Transition,1,F1,0,HarveyCaroll_Pangolin
Stationary,Transition,1,Accuracy,0.5,HarveyCaroll_Pangolin
Macro-Average,Transition,1,Precision,0.460902814145356,HarveyCaroll_Pangolin
Macro-Average,Transition,1,Recall,0.483419829924502,HarveyCaroll_Pangolin
Macro-Average,Transition,1,F1,0.456781567751362,HarveyCaroll_Pangolin
Macro-Average,Transition,1,Accuracy,0.714193465414844,HarveyCaroll_Pangolin
Digging,Transition,2,Precision,0.761627906976744,HarveyCaroll_Pangolin
Digging,Transition,2,Recall,0.600917431192661,HarveyCaroll_Pangolin
Digging,Transition,2,F1,0.671794871794872,HarveyCaroll_Pangolin
Digging,Transition,2,Accuracy,0.782771053818936,HarveyCaroll_Pangolin
Feeding,Transition,2,Precision,0.918478260869565,HarveyCaroll_Pangolin
Feeding,Transition,2,Recall,0.570945945945946,HarveyCaroll_Pangolin
Feeding,Transition,2,F1,0.704166666666667,HarveyCaroll_Pangolin
Feeding,Transition,2,Accuracy,0.766364692718196,HarveyCaroll_Pangolin
Investigating_ground,Transition,2,Precision,0.268421052631579,HarveyCaroll_Pangolin
Investigating_ground,Transition,2,Recall,0.432203389830509,HarveyCaroll_Pangolin
Investigating_ground,Transition,2,F1,0.331168831168831,HarveyCaroll_Pangolin
Investigating_ground,Transition,2,Accuracy,0.660899153215493,HarveyCaroll_Pangolin
Stationary,Transition,2,Precision,0,HarveyCaroll_Pangolin
Stationary,Transition,2,Recall,0,HarveyCaroll_Pangolin
Stationary,Transition,2,F1,0,HarveyCaroll_Pangolin
Stationary,Transition,2,Accuracy,0.496688741721854,HarveyCaroll_Pangolin
Walking,Transition,2,Precision,0.523510971786834,HarveyCaroll_Pangolin
Walking,Transition,2,Recall,0.793349168646081,HarveyCaroll_Pangolin
Walking,Transition,2,F1,0.630783758262512,HarveyCaroll_Pangolin
Walking,Transition,2,Accuracy,0.737678768423459,HarveyCaroll_Pangolin
Other,Transition,2,Precision,0,HarveyCaroll_Pangolin
Other,Transition,2,Recall,0,HarveyCaroll_Pangolin
Other,Transition,2,F1,0,HarveyCaroll_Pangolin
Other,Transition,2,Accuracy,0.5,HarveyCaroll_Pangolin
Macro-Average,Transition,2,Precision,0.412006365377454,HarveyCaroll_Pangolin
Macro-Average,Transition,2,Recall,0.399569322602533,HarveyCaroll_Pangolin
Macro-Average,Transition,2,F1,0.389652354648814,HarveyCaroll_Pangolin
Macro-Average,Transition,2,Accuracy,0.657400401649656,HarveyCaroll_Pangolin
Digging,Transition,3,Precision,0.495495495495496,HarveyCaroll_Pangolin
Digging,Transition,3,Recall,0.555555555555556,HarveyCaroll_Pangolin
Digging,Transition,3,F1,0.523809523809524,HarveyCaroll_Pangolin
Digging,Transition,3,Accuracy,0.752552552552553,HarveyCaroll_Pangolin
Feeding,Transition,3,Precision,0.395454545454545,HarveyCaroll_Pangolin
Feeding,Transition,3,Recall,0.820754716981132,HarveyCaroll_Pangolin
Feeding,Transition,3,F1,0.533742331288344,HarveyCaroll_Pangolin
Feeding,Transition,3,Accuracy,0.850087240630185,HarveyCaroll_Pangolin
Investigating_ground,Transition,3,Precision,0.763779527559055,HarveyCaroll_Pangolin
Investigating_ground,Transition,3,Recall,0.418103448275862,HarveyCaroll_Pangolin
Investigating_ground,Transition,3,F1,0.540389972144847,HarveyCaroll_Pangolin
Investigating_ground,Transition,3,Accuracy,0.693698602336498,HarveyCaroll_Pangolin
Stationary,Transition,3,Precision,0,HarveyCaroll_Pangolin
Stationary,Transition,3,Recall,0,HarveyCaroll_Pangolin
Stationary,Transition,3,F1,0,HarveyCaroll_Pangolin
Stationary,Transition,3,Accuracy,0.499545040946315,HarveyCaroll_Pangolin
Walking,Transition,3,Precision,0.845333333333333,HarveyCaroll_Pangolin
Walking,Transition,3,Recall,0.986003110419907,HarveyCaroll_Pangolin
Walking,Transition,3,F1,0.910265613783202,HarveyCaroll_Pangolin
Walking,Transition,3,Accuracy,0.890528056976738,HarveyCaroll_Pangolin
Other,Transition,3,Precision,0,HarveyCaroll_Pangolin
Other,Transition,3,Recall,0,HarveyCaroll_Pangolin
Other,Transition,3,F1,0,HarveyCaroll_Pangolin
Other,Transition,3,Accuracy,0.5,HarveyCaroll_Pangolin
Macro-Average,Transition,3,Precision,0.416677150307072,HarveyCaroll_Pangolin
Macro-Average,Transition,3,Recall,0.463402805205409,HarveyCaroll_Pangolin
Macro-Average,Transition,3,F1,0.418034573504319,HarveyCaroll_Pangolin
Macro-Average,Transition,3,Accuracy,0.697735248907048,HarveyCaroll_Pangolin
breathing,Bayesian,1,Precision,0.333333333333333,Jeantet_Turtle
breathing,Bayesian,1,Recall,0.00609756097560976,Jeantet_Turtle
breathing,Bayesian,1,F1,0.0119760479041916,Jeantet_Turtle
breathing,Bayesian,1,Accuracy,0.503015700765675,Jeantet_Turtle
feeding,Bayesian,1,Precision,0.372916666666667,Jeantet_Turtle
feeding,Bayesian,1,Recall,0.38412017167382,Jeantet_Turtle
feeding,Bayesian,1,F1,0.378435517970402,Jeantet_Turtle
feeding,Bayesian,1,Accuracy,0.687031350204726,Jeantet_Turtle
gliding,Bayesian,1,Precision,0.144607388156674,Jeantet_Turtle
gliding,Bayesian,1,Recall,0.643801652892562,Jeantet_Turtle
gliding,Bayesian,1,F1,0.23616795513112,Jeantet_Turtle
gliding,Bayesian,1,Accuracy,0.742953458025228,Jeantet_Turtle
resting,Bayesian,1,Precision,0.966399143927234,Jeantet_Turtle
resting,Bayesian,1,Recall,0.644059335330196,Jeantet_Turtle
resting,Bayesian,1,F1,0.772970428381906,Jeantet_Turtle
resting,Bayesian,1,Accuracy,0.812440124542694,Jeantet_Turtle
scratching,Bayesian,1,Precision,0,Jeantet_Turtle
scratching,Bayesian,1,Recall,0,Jeantet_Turtle
scratching,Bayesian,1,F1,0,Jeantet_Turtle
scratching,Bayesian,1,Accuracy,0.499372336559744,Jeantet_Turtle
staying at the surface,Bayesian,1,Precision,0.679591836734694,Jeantet_Turtle
staying at the surface,Bayesian,1,Recall,0.653581943081453,Jeantet_Turtle
staying at the surface,Bayesian,1,F1,0.666333166583292,Jeantet_Turtle
staying at the surface,Bayesian,1,Accuracy,0.815717477394867,Jeantet_Turtle
swimming,Bayesian,1,Precision,0.823533874516349,Jeantet_Turtle
swimming,Bayesian,1,Recall,0.926194539249147,Jeantet_Turtle
swimming,Bayesian,1,F1,0.871852536042729,Jeantet_Turtle
swimming,Bayesian,1,Accuracy,0.90081816498711,Jeantet_Turtle
other,Bayesian,1,Precision,0,Jeantet_Turtle
other,Bayesian,1,Recall,0,Jeantet_Turtle
other,Bayesian,1,F1,0,Jeantet_Turtle
other,Bayesian,1,Accuracy,0.5,Jeantet_Turtle
Macro-Average,Bayesian,1,Precision,0.415047780416869,Jeantet_Turtle
Macro-Average,Bayesian,1,Recall,0.407231900400348,Jeantet_Turtle
Macro-Average,Bayesian,1,F1,0.367216956501705,Jeantet_Turtle
Macro-Average,Bayesian,1,Accuracy,0.682668576560005,Jeantet_Turtle
feeding,Bayesian,2,Precision,0.734104046242775,Jeantet_Turtle
feeding,Bayesian,2,Recall,0.229656419529837,Jeantet_Turtle
feeding,Bayesian,2,F1,0.349862258953168,Jeantet_Turtle
feeding,Bayesian,2,Accuracy,0.613383776485176,Jeantet_Turtle
gliding,Bayesian,2,Precision,0.112707405908539,Jeantet_Turtle
gliding,Bayesian,2,Recall,0.699163179916318,Jeantet_Turtle
gliding,Bayesian,2,F1,0.194121747211896,Jeantet_Turtle
gliding,Bayesian,2,Accuracy,0.767353589308086,Jeantet_Turtle
resting,Bayesian,2,Precision,0.967875045002631,Jeantet_Turtle
resting,Bayesian,2,Recall,0.790701357466063,Jeantet_Turtle
resting,Bayesian,2,F1,0.870363222054813,Jeantet_Turtle
resting,Bayesian,2,Accuracy,0.880159877025376,Jeantet_Turtle
staying at the surface,Bayesian,2,Precision,0.747810858143608,Jeantet_Turtle
staying at the surface,Bayesian,2,Recall,0.598961986253331,Jeantet_Turtle
staying at the surface,Bayesian,2,F1,0.665160838071501,Jeantet_Turtle
staying at the surface,Bayesian,2,Accuracy,0.789913141109444,Jeantet_Turtle
swimming,Bayesian,2,Precision,0.755216919303607,Jeantet_Turtle
swimming,Bayesian,2,Recall,0.865496267625104,Jeantet_Turtle
swimming,Bayesian,2,F1,0.806604685117987,Jeantet_Turtle
swimming,Bayesian,2,Accuracy,0.882582508143045,Jeantet_Turtle
breathing,Bayesian,2,Precision,0,Jeantet_Turtle
breathing,Bayesian,2,Recall,0,Jeantet_Turtle
breathing,Bayesian,2,F1,0,Jeantet_Turtle
breathing,Bayesian,2,Accuracy,0.5,Jeantet_Turtle
other,Bayesian,2,Precision,0,Jeantet_Turtle
other,Bayesian,2,Recall,0,Jeantet_Turtle
other,Bayesian,2,F1,0,Jeantet_Turtle
other,Bayesian,2,Accuracy,0.5,Jeantet_Turtle
scratching,Bayesian,2,Precision,0,Jeantet_Turtle
scratching,Bayesian,2,Recall,0,Jeantet_Turtle
scratching,Bayesian,2,F1,0,Jeantet_Turtle
scratching,Bayesian,2,Accuracy,0.5,Jeantet_Turtle
Macro-Average,Bayesian,2,Precision,0.414714284325145,Jeantet_Turtle
Macro-Average,Bayesian,2,Recall,0.397997401348832,Jeantet_Turtle
Macro-Average,Bayesian,2,F1,0.360764093926171,Jeantet_Turtle
Macro-Average,Bayesian,2,Accuracy,0.679174111508891,Jeantet_Turtle
breathing,Bayesian,3,Precision,0.5,Jeantet_Turtle
breathing,Bayesian,3,Recall,0.0408163265306122,Jeantet_Turtle
breathing,Bayesian,3,F1,0.0754716981132075,Jeantet_Turtle
breathing,Bayesian,3,Accuracy,0.520319479334834,Jeantet_Turtle
feeding,Bayesian,3,Precision,0.779816513761468,Jeantet_Turtle
feeding,Bayesian,3,Recall,0.295652173913044,Jeantet_Turtle
feeding,Bayesian,3,F1,0.42875157629256,Jeantet_Turtle
feeding,Bayesian,3,Accuracy,0.645593528816987,Jeantet_Turtle
gliding,Bayesian,3,Precision,0.760147601476015,Jeantet_Turtle
gliding,Bayesian,3,Recall,0.323899371069182,Jeantet_Turtle
gliding,Bayesian,3,F1,0.454244762954796,Jeantet_Turtle
gliding,Bayesian,3,Accuracy,0.658909176600173,Jeantet_Turtle
other,Bayesian,3,Precision,0,Jeantet_Turtle
other,Bayesian,3,Recall,0,Jeantet_Turtle
other,Bayesian,3,F1,0,Jeantet_Turtle
other,Bayesian,3,Accuracy,0.499955349169495,Jeantet_Turtle
resting,Bayesian,3,Precision,0.818181818181818,Jeantet_Turtle
resting,Bayesian,3,Recall,0.996106785317019,Jeantet_Turtle
resting,Bayesian,3,F1,0.89841986455982,Jeantet_Turtle
resting,Bayesian,3,Accuracy,0.946559020812216,Jeantet_Turtle
scratching,Bayesian,3,Precision,0,Jeantet_Turtle
scratching,Bayesian,3,Recall,0,Jeantet_Turtle
scratching,Bayesian,3,F1,0,Jeantet_Turtle
scratching,Bayesian,3,Accuracy,0.49991144957053,Jeantet_Turtle
staying at the surface,Bayesian,3,Precision,0.705982905982906,Jeantet_Turtle
staying at the surface,Bayesian,3,Recall,0.805068226120858,Jeantet_Turtle
staying at the surface,Bayesian,3,F1,0.752276867030966,Jeantet_Turtle
staying at the surface,Bayesian,3,Accuracy,0.894579988014184,Jeantet_Turtle
swimming,Bayesian,3,Precision,0.928741902488919,Jeantet_Turtle
swimming,Bayesian,3,Recall,0.939796446437813,Jeantet_Turtle
swimming,Bayesian,3,F1,0.934236474320501,Jeantet_Turtle
swimming,Bayesian,3,Accuracy,0.932090697893291,Jeantet_Turtle
Macro-Average,Bayesian,3,Precision,0.561608842736391,Jeantet_Turtle
Macro-Average,Bayesian,3,Recall,0.425167416173566,Jeantet_Turtle
Macro-Average,Bayesian,3,F1,0.442925155408981,Jeantet_Turtle
Macro-Average,Bayesian,3,Accuracy,0.699739836276464,Jeantet_Turtle
breathing,Duration,1,Precision,0.333333333333333,Jeantet_Turtle
breathing,Duration,1,Recall,0.00609756097560976,Jeantet_Turtle
breathing,Duration,1,F1,0.0119760479041916,Jeantet_Turtle
breathing,Duration,1,Accuracy,0.503015700765675,Jeantet_Turtle
feeding,Duration,1,Precision,0.12706043956044,Jeantet_Turtle
feeding,Duration,1,Recall,0.396995708154506,Jeantet_Turtle
feeding,Duration,1,F1,0.192507804370447,Jeantet_Turtle
feeding,Duration,1,Accuracy,0.677263558434377,Jeantet_Turtle
gliding,Duration,1,Precision,0.118876080691643,Jeantet_Turtle
gliding,Duration,1,Recall,0.681818181818182,Jeantet_Turtle
gliding,Duration,1,F1,0.202453987730061,Jeantet_Turtle
gliding,Duration,1,Accuracy,0.736142780602073,Jeantet_Turtle
other,Duration,1,Precision,0.285714285714286,Jeantet_Turtle
other,Duration,1,Recall,0.00307219662058372,Jeantet_Turtle
other,Duration,1,F1,0.0060790273556231,Jeantet_Turtle
other,Duration,1,Accuracy,0.501452044919578,Jeantet_Turtle
resting,Duration,1,Precision,0.905853205326727,Jeantet_Turtle
resting,Duration,1,Recall,0.417201540436457,Jeantet_Turtle
resting,Duration,1,F1,0.5712890625,Jeantet_Turtle
resting,Duration,1,Accuracy,0.690032482898414,Jeantet_Turtle
scratching,Duration,1,Precision,0.00303030303030303,Jeantet_Turtle
scratching,Duration,1,Recall,0.00813008130081301,Jeantet_Turtle
scratching,Duration,1,F1,0.00441501103752759,Jeantet_Turtle
scratching,Duration,1,Accuracy,0.498630796654503,Jeantet_Turtle
staying at the surface,Duration,1,Precision,0.470030349013657,Jeantet_Turtle
staying at the surface,Duration,1,Recall,0.607948969578018,Jeantet_Turtle
staying at the surface,Duration,1,F1,0.530166880616175,Jeantet_Turtle
staying at the surface,Duration,1,Accuracy,0.779341250200209,Jeantet_Turtle
swimming,Duration,1,Precision,0.760347023241006,Jeantet_Turtle
swimming,Duration,1,Recall,0.815102389078498,Jeantet_Turtle
swimming,Duration,1,F1,0.786773183989458,Jeantet_Turtle
swimming,Duration,1,Accuracy,0.82693108101242,Jeantet_Turtle
Macro-Average,Duration,1,Precision,0.375530627488924,Jeantet_Turtle
Macro-Average,Duration,1,Recall,0.367045828495333,Jeantet_Turtle
Macro-Average,Duration,1,F1,0.288207625687936,Jeantet_Turtle
Macro-Average,Duration,1,Accuracy,0.651601211935906,Jeantet_Turtle
feeding,Duration,2,Precision,0.489714664897147,Jeantet_Turtle
feeding,Duration,2,Recall,0.266907775768535,Jeantet_Turtle
feeding,Duration,2,F1,0.345505617977528,Jeantet_Turtle
feeding,Duration,2,Accuracy,0.628624456614171,Jeantet_Turtle
gliding,Duration,2,Precision,0.0873638229566865,Jeantet_Turtle
gliding,Duration,2,Recall,0.694560669456067,Jeantet_Turtle
gliding,Duration,2,F1,0.155205460240288,Jeantet_Turtle
gliding,Duration,2,Accuracy,0.738886890465554,Jeantet_Turtle
other,Duration,2,Precision,0,Jeantet_Turtle
other,Duration,2,Recall,0,Jeantet_Turtle
other,Duration,2,F1,0,Jeantet_Turtle
other,Duration,2,Accuracy,0.499969041781212,Jeantet_Turtle
resting,Duration,2,Precision,0.958879511581972,Jeantet_Turtle
resting,Duration,2,Recall,0.724886877828054,Jeantet_Turtle
resting,Duration,2,F1,0.825624243048934,Jeantet_Turtle
resting,Duration,2,Accuracy,0.844450196201683,Jeantet_Turtle
staying at the surface,Duration,2,Precision,0.582585867425071,Jeantet_Turtle
staying at the surface,Duration,2,Recall,0.373544676672745,Jeantet_Turtle
staying at the surface,Duration,2,F1,0.455213675213675,Jeantet_Turtle
staying at the surface,Duration,2,Accuracy,0.674094934413553,Jeantet_Turtle
swimming,Duration,2,Precision,0.717749026504208,Jeantet_Turtle
swimming,Duration,2,Recall,0.789881116947747,Jeantet_Turtle
swimming,Duration,2,F1,0.752089503126028,Jeantet_Turtle
swimming,Duration,2,Accuracy,0.839394158566162,Jeantet_Turtle
breathing,Duration,2,Precision,0,Jeantet_Turtle
breathing,Duration,2,Recall,0,Jeantet_Turtle
breathing,Duration,2,F1,0,Jeantet_Turtle
breathing,Duration,2,Accuracy,0.5,Jeantet_Turtle
scratching,Duration,2,Precision,0,Jeantet_Turtle
scratching,Duration,2,Recall,0,Jeantet_Turtle
scratching,Duration,2,F1,0,Jeantet_Turtle
scratching,Duration,2,Accuracy,0.5,Jeantet_Turtle
Macro-Average,Duration,2,Precision,0.354536611670636,Jeantet_Turtle
Macro-Average,Duration,2,Recall,0.356222639584144,Jeantet_Turtle
Macro-Average,Duration,2,F1,0.316704812450807,Jeantet_Turtle
Macro-Average,Duration,2,Accuracy,0.653177459755292,Jeantet_Turtle
breathing,Duration,3,Precision,0.666666666666667,Jeantet_Turtle
breathing,Duration,3,Recall,0.0408163265306122,Jeantet_Turtle
breathing,Duration,3,F1,0.0769230769230769,Jeantet_Turtle
breathing,Duration,3,Accuracy,0.52036382130007,Jeantet_Turtle
feeding,Duration,3,Precision,0.62406015037594,Jeantet_Turtle
feeding,Duration,3,Recall,0.288695652173913,Jeantet_Turtle
feeding,Duration,3,F1,0.394768133174792,Jeantet_Turtle
feeding,Duration,3,Accuracy,0.639696663296259,Jeantet_Turtle
gliding,Duration,3,Precision,0.515909090909091,Jeantet_Turtle
gliding,Duration,3,Recall,0.356918238993711,Jeantet_Turtle
gliding,Duration,3,F1,0.421933085501859,Jeantet_Turtle
gliding,Duration,3,Accuracy,0.668495605604068,Jeantet_Turtle
other,Duration,3,Precision,0,Jeantet_Turtle
other,Duration,3,Recall,0,Jeantet_Turtle
other,Duration,3,F1,0,Jeantet_Turtle
other,Duration,3,Accuracy,0.499821396677978,Jeantet_Turtle
resting,Duration,3,Precision,0.801487156376746,Jeantet_Turtle
resting,Duration,3,Recall,0.989154616240267,Jeantet_Turtle
resting,Duration,3,F1,0.885486681603186,Jeantet_Turtle
resting,Duration,3,Accuracy,0.937584165410857,Jeantet_Turtle
scratching,Duration,3,Precision,0,Jeantet_Turtle
scratching,Duration,3,Recall,0,Jeantet_Turtle
scratching,Duration,3,F1,0,Jeantet_Turtle
scratching,Duration,3,Accuracy,0.499557247852652,Jeantet_Turtle
staying at the surface,Duration,3,Precision,0.588441330998249,Jeantet_Turtle
staying at the surface,Duration,3,Recall,0.654970760233918,Jeantet_Turtle
staying at the surface,Duration,3,F1,0.619926199261993,Jeantet_Turtle
staying at the surface,Duration,3,Accuracy,0.816617825547962,Jeantet_Turtle
swimming,Duration,3,Precision,0.929733595565886,Jeantet_Turtle
swimming,Duration,3,Recall,0.897015697774711,Jeantet_Turtle
swimming,Duration,3,F1,0.913081650570676,Jeantet_Turtle
swimming,Duration,3,Accuracy,0.912961539191263,Jeantet_Turtle
Macro-Average,Duration,3,Precision,0.515787248861572,Jeantet_Turtle
Macro-Average,Duration,3,Recall,0.403446411493391,Jeantet_Turtle
Macro-Average,Duration,3,F1,0.414014853379448,Jeantet_Turtle
Macro-Average,Duration,3,Accuracy,0.686887283110139,Jeantet_Turtle
breathing,HMM,1,Precision,0.222222222222222,Jeantet_Turtle
breathing,HMM,1,Recall,0.0121951219512195,Jeantet_Turtle
breathing,HMM,1,F1,0.023121387283237,Jeantet_Turtle
breathing,HMM,1,Accuracy,0.505981781948154,Jeantet_Turtle
feeding,HMM,1,Precision,0.232203389830509,Jeantet_Turtle
feeding,HMM,1,Recall,0.293991416309013,Jeantet_Turtle
feeding,HMM,1,F1,0.259469696969697,Jeantet_Turtle
feeding,HMM,1,Accuracy,0.639427544561884,Jeantet_Turtle
gliding,HMM,1,Precision,0.193987341772152,Jeantet_Turtle
gliding,HMM,1,Recall,0.506611570247934,Jeantet_Turtle
gliding,HMM,1,F1,0.280549199084668,Jeantet_Turtle
gliding,HMM,1,Accuracy,0.709668860781862,Jeantet_Turtle
other,HMM,1,Precision,0.333333333333333,Jeantet_Turtle
other,HMM,1,Recall,0.00307219662058372,Jeantet_Turtle
other,HMM,1,F1,0.0060882800608828,Jeantet_Turtle
other,HMM,1,Accuracy,0.501468855597721,Jeantet_Turtle
resting,HMM,1,Precision,0.954772752528059,Jeantet_Turtle
resting,HMM,1,Recall,0.612751390671802,Jeantet_Turtle
resting,HMM,1,F1,0.746448894487642,Jeantet_Turtle
resting,HMM,1,Accuracy,0.793945937212275,Jeantet_Turtle
scratching,HMM,1,Precision,0,Jeantet_Turtle
scratching,HMM,1,Recall,0,Jeantet_Turtle
scratching,HMM,1,F1,0,Jeantet_Turtle
scratching,HMM,1,Accuracy,0.499223679429157,Jeantet_Turtle
staying at the surface,HMM,1,Precision,0.613111230521225,Jeantet_Turtle
staying at the surface,HMM,1,Recall,0.559862610402355,Jeantet_Turtle
staying at the surface,HMM,1,F1,0.585278276481149,Jeantet_Turtle
staying at the surface,HMM,1,Accuracy,0.767235579428854,Jeantet_Turtle
swimming,HMM,1,Precision,0.683691642284697,Jeantet_Turtle
swimming,HMM,1,Recall,0.917150170648464,Jeantet_Turtle
swimming,HMM,1,F1,0.78339771153706,Jeantet_Turtle
swimming,HMM,1,Accuracy,0.825422038306989,Jeantet_Turtle
Macro-Average,HMM,1,Precision,0.404165239061525,Jeantet_Turtle
Macro-Average,HMM,1,Recall,0.363204309606421,Jeantet_Turtle
Macro-Average,HMM,1,F1,0.335544180738042,Jeantet_Turtle
Macro-Average,HMM,1,Accuracy,0.655296784658362,Jeantet_Turtle
feeding,HMM,2,Precision,0.625282167042889,Jeantet_Turtle
feeding,HMM,2,Recall,0.200361663652803,Jeantet_Turtle
feeding,HMM,2,F1,0.303478499041359,Jeantet_Turtle
feeding,HMM,2,Accuracy,0.598095823787816,Jeantet_Turtle
gliding,HMM,2,Precision,0.12859830667921,Jeantet_Turtle
gliding,HMM,2,Recall,0.571966527196653,Jeantet_Turtle
gliding,HMM,2,F1,0.209984639016897,Jeantet_Turtle
gliding,HMM,2,Accuracy,0.728082999818651,Jeantet_Turtle
other,HMM,2,Precision,0,Jeantet_Turtle
other,HMM,2,Recall,0,Jeantet_Turtle
other,HMM,2,F1,0,Jeantet_Turtle
other,HMM,2,Accuracy,0.49997523342497,Jeantet_Turtle
resting,HMM,2,Precision,0.970751583824063,Jeantet_Turtle
resting,HMM,2,Recall,0.786945701357466,Jeantet_Turtle
resting,HMM,2,F1,0.869238170209044,Jeantet_Turtle
resting,HMM,2,Accuracy,0.879748747066989,Jeantet_Turtle
staying at the surface,HMM,2,Precision,0.702999702999703,Jeantet_Turtle
staying at the surface,HMM,2,Recall,0.332024126806004,Jeantet_Turtle
staying at the surface,HMM,2,F1,0.451028963414634,Jeantet_Turtle
staying at the surface,HMM,2,Accuracy,0.659367721724375,Jeantet_Turtle
swimming,HMM,2,Precision,0.611565549695228,Jeantet_Turtle
swimming,HMM,2,Recall,0.892267993733297,Jeantet_Turtle
swimming,HMM,2,F1,0.725719104281833,Jeantet_Turtle
swimming,HMM,2,Accuracy,0.84478921531125,Jeantet_Turtle
breathing,HMM,2,Precision,0,Jeantet_Turtle
breathing,HMM,2,Recall,0,Jeantet_Turtle
breathing,HMM,2,F1,0,Jeantet_Turtle
breathing,HMM,2,Accuracy,0.5,Jeantet_Turtle
scratching,HMM,2,Precision,0,Jeantet_Turtle
scratching,HMM,2,Recall,0,Jeantet_Turtle
scratching,HMM,2,F1,0,Jeantet_Turtle
scratching,HMM,2,Accuracy,0.5,Jeantet_Turtle
Macro-Average,HMM,2,Precision,0.379899663780137,Jeantet_Turtle
Macro-Average,HMM,2,Recall,0.347945751593278,Jeantet_Turtle
Macro-Average,HMM,2,F1,0.319931171995471,Jeantet_Turtle
Macro-Average,HMM,2,Accuracy,0.651257467641756,Jeantet_Turtle
breathing,HMM,3,Precision,0.375,Jeantet_Turtle
breathing,HMM,3,Recall,0.0612244897959184,Jeantet_Turtle
breathing,HMM,3,F1,0.105263157894737,Jeantet_Turtle
breathing,HMM,3,Accuracy,0.53039053507178,Jeantet_Turtle
feeding,HMM,3,Precision,0.751445086705202,Jeantet_Turtle
feeding,HMM,3,Recall,0.226086956521739,Jeantet_Turtle
feeding,HMM,3,F1,0.347593582887701,Jeantet_Turtle
feeding,HMM,3,Accuracy,0.61104347826087,Jeantet_Turtle
gliding,HMM,3,Precision,0.721991701244813,Jeantet_Turtle
gliding,HMM,3,Recall,0.273584905660377,Jeantet_Turtle
gliding,HMM,3,F1,0.396807297605473,Jeantet_Turtle
gliding,HMM,3,Accuracy,0.633658389774711,Jeantet_Turtle
other,HMM,3,Precision,0,Jeantet_Turtle
other,HMM,3,Recall,0,Jeantet_Turtle
other,HMM,3,F1,0,Jeantet_Turtle
other,HMM,3,Accuracy,0.499910698338989,Jeantet_Turtle
resting,HMM,3,Precision,0.81462971376647,Jeantet_Turtle
resting,HMM,3,Recall,0.997219132369299,Jeantet_Turtle
resting,HMM,3,F1,0.896724181045262,Jeantet_Turtle
resting,HMM,3,Accuracy,0.945821365900007,Jeantet_Turtle
scratching,HMM,3,Precision,0.2,Jeantet_Turtle
scratching,HMM,3,Recall,0.03125,Jeantet_Turtle
scratching,HMM,3,F1,0.0540540540540541,Jeantet_Turtle
scratching,HMM,3,Accuracy,0.515447899141061,Jeantet_Turtle
staying at the surface,HMM,3,Precision,0.704741379310345,Jeantet_Turtle
staying at the surface,HMM,3,Recall,0.637426900584795,Jeantet_Turtle
staying at the surface,HMM,3,F1,0.669396110542477,Jeantet_Turtle
staying at the surface,HMM,3,Accuracy,0.812377897203237,Jeantet_Turtle
swimming,HMM,3,Precision,0.903150912106136,Jeantet_Turtle
swimming,HMM,3,Recall,0.939451440400207,Jeantet_Turtle
swimming,HMM,3,F1,0.920943603618838,Jeantet_Turtle
swimming,HMM,3,Accuracy,0.916903723094459,Jeantet_Turtle
Macro-Average,HMM,3,Precision,0.558869849141621,Jeantet_Turtle
Macro-Average,HMM,3,Recall,0.395780478166542,Jeantet_Turtle
Macro-Average,HMM,3,F1,0.423847748456068,Jeantet_Turtle
Macro-Average,HMM,3,Accuracy,0.683194248348139,Jeantet_Turtle
breathing,Mode,1,Precision,0.666666666666667,Jeantet_Turtle
breathing,Mode,1,Recall,0.0121951219512195,Jeantet_Turtle
breathing,Mode,1,F1,0.0239520958083832,Jeantet_Turtle
breathing,Mode,1,Accuracy,0.506081021114545,Jeantet_Turtle
feeding,Mode,1,Precision,0.121374045801527,Jeantet_Turtle
feeding,Mode,1,Recall,0.341201716738197,Jeantet_Turtle
feeding,Mode,1,F1,0.179054054054054,Jeantet_Turtle
feeding,Mode,1,Accuracy,0.651371374273937,Jeantet_Turtle
gliding,Mode,1,Precision,0.124061877776076,Jeantet_Turtle
gliding,Mode,1,Recall,0.669421487603306,Jeantet_Turtle
gliding,Mode,1,F1,0.209329370719731,Jeantet_Turtle
gliding,Mode,1,Accuracy,0.73672897296832,Jeantet_Turtle
other,Mode,1,Precision,1,Jeantet_Turtle
other,Mode,1,Recall,0.00307219662058372,Jeantet_Turtle
other,Mode,1,F1,0.00612557427258806,Jeantet_Turtle
other,Mode,1,Accuracy,0.501536098310292,Jeantet_Turtle
resting,Mode,1,Precision,0.940412826171621,Jeantet_Turtle
resting,Mode,1,Recall,0.51661674511482,Jeantet_Turtle
resting,Mode,1,F1,0.666881472957422,Jeantet_Turtle
resting,Mode,1,Accuracy,0.7442905372288,Jeantet_Turtle
scratching,Mode,1,Precision,0,Jeantet_Turtle
scratching,Mode,1,Recall,0,Jeantet_Turtle
scratching,Mode,1,F1,0,Jeantet_Turtle
scratching,Mode,1,Accuracy,0.498430841399359,Jeantet_Turtle
staying at the surface,Mode,1,Precision,0.540622627182992,Jeantet_Turtle
staying at the surface,Mode,1,Recall,0.698724239450442,Jeantet_Turtle
staying at the surface,Mode,1,F1,0.60958904109589,Jeantet_Turtle
staying at the surface,Mode,1,Accuracy,0.828026247246733,Jeantet_Turtle
swimming,Mode,1,Precision,0.832563129229246,Jeantet_Turtle
swimming,Mode,1,Recall,0.860836177474403,Jeantet_Turtle
swimming,Mode,1,F1,0.846463629499119,Jeantet_Turtle
swimming,Mode,1,Accuracy,0.876091217151039,Jeantet_Turtle
Macro-Average,Mode,1,Precision,0.528212646603516,Jeantet_Turtle
Macro-Average,Mode,1,Recall,0.387758460619121,Jeantet_Turtle
Macro-Average,Mode,1,F1,0.317674404800899,Jeantet_Turtle
Macro-Average,Mode,1,Accuracy,0.667819538711628,Jeantet_Turtle
feeding,Mode,2,Precision,0.575633687653312,Jeantet_Turtle
feeding,Mode,2,Recall,0.254611211573237,Jeantet_Turtle
feeding,Mode,2,F1,0.353059177532598,Jeantet_Turtle
feeding,Mode,2,Accuracy,0.624046210690155,Jeantet_Turtle
gliding,Mode,2,Precision,0.105898372222566,Jeantet_Turtle
gliding,Mode,2,Recall,0.715899581589958,Jeantet_Turtle
gliding,Mode,2,F1,0.18450423249043,Jeantet_Turtle
gliding,Mode,2,Accuracy,0.767652132308399,Jeantet_Turtle
other,Mode,2,Precision,0,Jeantet_Turtle
other,Mode,2,Recall,0,Jeantet_Turtle
other,Mode,2,F1,0,Jeantet_Turtle
other,Mode,2,Accuracy,0.499993808356242,Jeantet_Turtle
resting,Mode,2,Precision,0.961875051762692,Jeantet_Turtle
resting,Mode,2,Recall,0.788280542986425,Jeantet_Turtle
resting,Mode,2,F1,0.866468547554804,Jeantet_Turtle
resting,Mode,2,Accuracy,0.876055360149874,Jeantet_Turtle
staying at the surface,Mode,2,Precision,0.709312599399187,Jeantet_Turtle
staying at the surface,Mode,2,Recall,0.563052321503717,Jeantet_Turtle
staying at the surface,Mode,2,F1,0.627776040037535,Jeantet_Turtle
staying at the surface,Mode,2,Accuracy,0.770596218690518,Jeantet_Turtle
swimming,Mode,2,Precision,0.765637165844796,Jeantet_Turtle
swimming,Mode,2,Recall,0.815593032900194,Jeantet_Turtle
swimming,Mode,2,F1,0.789825970548862,Jeantet_Turtle
swimming,Mode,2,Accuracy,0.863151746430815,Jeantet_Turtle
breathing,Mode,2,Precision,0,Jeantet_Turtle
breathing,Mode,2,Recall,0,Jeantet_Turtle
breathing,Mode,2,F1,0,Jeantet_Turtle
breathing,Mode,2,Accuracy,0.5,Jeantet_Turtle
scratching,Mode,2,Precision,0,Jeantet_Turtle
scratching,Mode,2,Recall,0,Jeantet_Turtle
scratching,Mode,2,F1,0,Jeantet_Turtle
scratching,Mode,2,Accuracy,0.5,Jeantet_Turtle
Macro-Average,Mode,2,Precision,0.389794609610319,Jeantet_Turtle
Macro-Average,Mode,2,Recall,0.392179586319191,Jeantet_Turtle
Macro-Average,Mode,2,F1,0.352704246020529,Jeantet_Turtle
Macro-Average,Mode,2,Accuracy,0.675186934578251,Jeantet_Turtle
breathing,Mode,3,Precision,0.4,Jeantet_Turtle
breathing,Mode,3,Recall,0.0408163265306122,Jeantet_Turtle
breathing,Mode,3,F1,0.0740740740740741,Jeantet_Turtle
breathing,Mode,3,Accuracy,0.520275137369598,Jeantet_Turtle
feeding,Mode,3,Precision,0.725631768953069,Jeantet_Turtle
feeding,Mode,3,Recall,0.349565217391304,Jeantet_Turtle
feeding,Mode,3,F1,0.471830985915493,Jeantet_Turtle
feeding,Mode,3,Accuracy,0.671247724974722,Jeantet_Turtle
gliding,Mode,3,Precision,0.66,Jeantet_Turtle
gliding,Mode,3,Recall,0.363207547169811,Jeantet_Turtle
gliding,Mode,3,F1,0.468559837728195,Jeantet_Turtle
gliding,Mode,3,Accuracy,0.676037303381893,Jeantet_Turtle
other,Mode,3,Precision,0,Jeantet_Turtle
other,Mode,3,Recall,0,Jeantet_Turtle
other,Mode,3,F1,0,Jeantet_Turtle
other,Mode,3,Accuracy,0.499955349169495,Jeantet_Turtle
resting,Mode,3,Precision,0.800089445438283,Jeantet_Turtle
resting,Mode,3,Recall,0.994994438264739,Jeantet_Turtle
resting,Mode,3,F1,0.886960832920179,Jeantet_Turtle
resting,Mode,3,Accuracy,0.939663087938166,Jeantet_Turtle
scratching,Mode,3,Precision,0,Jeantet_Turtle
scratching,Mode,3,Recall,0,Jeantet_Turtle
scratching,Mode,3,F1,0,Jeantet_Turtle
scratching,Mode,3,Accuracy,0.499778623926326,Jeantet_Turtle
staying at the surface,Mode,3,Precision,0.650662251655629,Jeantet_Turtle
staying at the surface,Mode,3,Recall,0.766081871345029,Jeantet_Turtle
staying at the surface,Mode,3,F1,0.70367054610564,Jeantet_Turtle
staying at the surface,Mode,3,Accuracy,0.873283259016947,Jeantet_Turtle
swimming,Mode,3,Precision,0.936731420424167,Jeantet_Turtle
swimming,Mode,3,Recall,0.906675866827669,Jeantet_Turtle
swimming,Mode,3,F1,0.921458625525947,Jeantet_Turtle
swimming,Mode,3,Accuracy,0.921228671474616,Jeantet_Turtle
Macro-Average,Mode,3,Precision,0.521639360808893,Jeantet_Turtle
Macro-Average,Mode,3,Recall,0.427667658441146,Jeantet_Turtle
Macro-Average,Mode,3,F1,0.440819362783691,Jeantet_Turtle
Macro-Average,Mode,3,Accuracy,0.70018364465647,Jeantet_Turtle
breathing,No,1,Precision,0.222222222222222,Jeantet_Turtle
breathing,No,1,Recall,0.0121951219512195,Jeantet_Turtle
breathing,No,1,F1,0.023121387283237,Jeantet_Turtle
breathing,No,1,Accuracy,0.505981781948154,Jeantet_Turtle
feeding,No,1,Precision,0.0952941176470588,Jeantet_Turtle
feeding,No,1,Recall,0.347639484978541,Jeantet_Turtle
feeding,No,1,F1,0.149584487534626,Jeantet_Turtle
feeding,No,1,Accuracy,0.648124741152729,Jeantet_Turtle
gliding,No,1,Precision,0.126086215709661,Jeantet_Turtle
gliding,No,1,Recall,0.611570247933884,Jeantet_Turtle
gliding,No,1,F1,0.209069077553327,Jeantet_Turtle
gliding,No,1,Accuracy,0.717911631642381,Jeantet_Turtle
other,No,1,Precision,0.285714285714286,Jeantet_Turtle
other,No,1,Recall,0.00307219662058372,Jeantet_Turtle
other,No,1,F1,0.0060790273556231,Jeantet_Turtle
other,No,1,Accuracy,0.501452044919578,Jeantet_Turtle
resting,No,1,Precision,0.920650227304036,Jeantet_Turtle
resting,No,1,Recall,0.476608187134503,Jeantet_Turtle
resting,No,1,F1,0.628071989098257,Jeantet_Turtle
resting,No,1,Accuracy,0.720713084527428,Jeantet_Turtle
scratching,No,1,Precision,0,Jeantet_Turtle
scratching,No,1,Recall,0,Jeantet_Turtle
scratching,No,1,F1,0,Jeantet_Turtle
scratching,No,1,Accuracy,0.494978692477949,Jeantet_Turtle
staying at the surface,No,1,Precision,0.443983402489627,Jeantet_Turtle
staying at the surface,No,1,Recall,0.630029440628067,Jeantet_Turtle
staying at the surface,No,1,F1,0.520892494929006,Jeantet_Turtle
staying at the surface,No,1,Accuracy,0.786660932755845,Jeantet_Turtle
swimming,No,1,Precision,0.772624251254654,Jeantet_Turtle
swimming,No,1,Recall,0.814419795221843,Jeantet_Turtle
swimming,No,1,F1,0.792971670682064,Jeantet_Turtle
swimming,No,1,Accuracy,0.831998373566796,Jeantet_Turtle
Macro-Average,No,1,Precision,0.358321840292693,Jeantet_Turtle
Macro-Average,No,1,Recall,0.36194180930858,Jeantet_Turtle
Macro-Average,No,1,F1,0.291223766804517,Jeantet_Turtle
Macro-Average,No,1,Accuracy,0.650977660373857,Jeantet_Turtle
feeding,No,2,Precision,0.444986072423398,Jeantet_Turtle
feeding,No,2,Recall,0.231103074141049,Jeantet_Turtle
feeding,No,2,F1,0.304213282551773,Jeantet_Turtle
feeding,No,2,Accuracy,0.610546261748981,Jeantet_Turtle
gliding,No,2,Precision,0.0955352274792512,Jeantet_Turtle
gliding,No,2,Recall,0.659832635983264,Jeantet_Turtle
gliding,No,2,F1,0.166904799703657,Jeantet_Turtle
gliding,No,2,Accuracy,0.736593319154263,Jeantet_Turtle
other,No,2,Precision,0,Jeantet_Turtle
other,No,2,Recall,0,Jeantet_Turtle
other,No,2,F1,0,Jeantet_Turtle
other,No,2,Accuracy,0.499969041781212,Jeantet_Turtle
resting,No,2,Precision,0.951643284882904,Jeantet_Turtle
resting,No,2,Recall,0.765814479638009,Jeantet_Turtle
resting,No,2,F1,0.848675550652509,Jeantet_Turtle
resting,No,2,Accuracy,0.860382947631791,Jeantet_Turtle
staying at the surface,No,2,Precision,0.62078554049357,Jeantet_Turtle
staying at the surface,No,2,Recall,0.501052040959461,Jeantet_Turtle
staying at the surface,No,2,F1,0.554529224559497,Jeantet_Turtle
staying at the surface,No,2,Accuracy,0.736028066936968,Jeantet_Turtle
swimming,No,2,Precision,0.736650800519256,Jeantet_Turtle
swimming,No,2,Recall,0.784443830061746,Jeantet_Turtle
swimming,No,2,F1,0.759796483084888,Jeantet_Turtle
swimming,No,2,Accuracy,0.842072769527486,Jeantet_Turtle
breathing,No,2,Precision,0,Jeantet_Turtle
breathing,No,2,Recall,0,Jeantet_Turtle
breathing,No,2,F1,0,Jeantet_Turtle
breathing,No,2,Accuracy,0.5,Jeantet_Turtle
scratching,No,2,Precision,0,Jeantet_Turtle
scratching,No,2,Recall,0,Jeantet_Turtle
scratching,No,2,F1,0,Jeantet_Turtle
scratching,No,2,Accuracy,0.5,Jeantet_Turtle
Macro-Average,No,2,Precision,0.356200115724797,Jeantet_Turtle
Macro-Average,No,2,Recall,0.367780757597941,Jeantet_Turtle
Macro-Average,No,2,F1,0.329264917569041,Jeantet_Turtle
Macro-Average,No,2,Accuracy,0.660699050847588,Jeantet_Turtle
breathing,No,3,Precision,0.375,Jeantet_Turtle
breathing,No,3,Recall,0.0612244897959184,Jeantet_Turtle
breathing,No,3,F1,0.105263157894737,Jeantet_Turtle
breathing,No,3,Accuracy,0.53039053507178,Jeantet_Turtle
feeding,No,3,Precision,0.656126482213439,Jeantet_Turtle
feeding,No,3,Recall,0.288695652173913,Jeantet_Turtle
feeding,No,3,F1,0.400966183574879,Jeantet_Turtle
feeding,No,3,Accuracy,0.64030131445905,Jeantet_Turtle
gliding,No,3,Precision,0.572127139364303,Jeantet_Turtle
gliding,No,3,Recall,0.367924528301887,Jeantet_Turtle
gliding,No,3,F1,0.447846889952153,Jeantet_Turtle
gliding,No,3,Accuracy,0.675776278558278,Jeantet_Turtle
other,No,3,Precision,0,Jeantet_Turtle
other,No,3,Recall,0,Jeantet_Turtle
other,No,3,F1,0,Jeantet_Turtle
other,No,3,Accuracy,0.499866047508484,Jeantet_Turtle
resting,No,3,Precision,0.79005770084332,Jeantet_Turtle
resting,No,3,Recall,0.989988876529477,Jeantet_Turtle
resting,No,3,F1,0.878795359170575,Jeantet_Turtle
resting,No,3,Accuracy,0.933796353130827,Jeantet_Turtle
scratching,No,3,Precision,0.166666666666667,Jeantet_Turtle
scratching,No,3,Recall,0.0625,Jeantet_Turtle
scratching,No,3,F1,0.0909090909090909,Jeantet_Turtle
scratching,No,3,Accuracy,0.530807247852652,Jeantet_Turtle
staying at the surface,No,3,Precision,0.582417582417583,Jeantet_Turtle
staying at the surface,No,3,Recall,0.723196881091618,Jeantet_Turtle
staying at the surface,No,3,F1,0.645217391304348,Jeantet_Turtle
staying at the surface,No,3,Accuracy,0.849297293671965,Jeantet_Turtle
swimming,No,3,Precision,0.930325632162998,Jeantet_Turtle
swimming,No,3,Recall,0.882180438157668,Jeantet_Turtle
swimming,No,3,F1,0.905613600141668,Jeantet_Turtle
swimming,No,3,Accuracy,0.90644839563455,Jeantet_Turtle
Macro-Average,No,3,Precision,0.509090150458539,Jeantet_Turtle
Macro-Average,No,3,Recall,0.42196385825631,Jeantet_Turtle
Macro-Average,No,3,F1,0.434326459118431,Jeantet_Turtle
Macro-Average,No,3,Accuracy,0.695835433235948,Jeantet_Turtle
breathing,Transition,1,Precision,0.142857142857143,Jeantet_Turtle
breathing,Transition,1,Recall,0.00609756097560976,Jeantet_Turtle
breathing,Transition,1,F1,0.0116959064327485,Jeantet_Turtle
breathing,Transition,1,Accuracy,0.502949541321414,Jeantet_Turtle
feeding,Transition,1,Precision,0.0958156458459673,Jeantet_Turtle
feeding,Transition,1,Recall,0.339055793991416,Jeantet_Turtle
feeding,Transition,1,F1,0.149408983451537,Jeantet_Turtle
feeding,Transition,1,Accuracy,0.644618113515355,Jeantet_Turtle
gliding,Transition,1,Precision,0.149586125344896,Jeantet_Turtle
gliding,Transition,1,Recall,0.627272727272727,Jeantet_Turtle
gliding,Transition,1,F1,0.241565881604074,Jeantet_Turtle
gliding,Transition,1,Accuracy,0.73970886911882,Jeantet_Turtle
other,Transition,1,Precision,0.1,Jeantet_Turtle
other,Transition,1,Recall,0.00307219662058372,Jeantet_Turtle
other,Transition,1,F1,0.00596125186289121,Jeantet_Turtle
other,Transition,1,Accuracy,0.501233506103722,Jeantet_Turtle
resting,Transition,1,Precision,0.929395790902919,Jeantet_Turtle
resting,Transition,1,Recall,0.488161460561974,Jeantet_Turtle
resting,Transition,1,F1,0.640108477112264,Jeantet_Turtle
resting,Transition,1,Accuracy,0.728199958231146,Jeantet_Turtle
scratching,Transition,1,Precision,0,Jeantet_Turtle
scratching,Transition,1,Recall,0,Jeantet_Turtle
scratching,Transition,1,F1,0,Jeantet_Turtle
scratching,Transition,1,Accuracy,0.497819695418057,Jeantet_Turtle
staying at the surface,Transition,1,Precision,0.518933539412674,Jeantet_Turtle
staying at the surface,Transition,1,Recall,0.658979391560353,Jeantet_Turtle
staying at the surface,Transition,1,F1,0.58063121487246,Jeantet_Turtle
staying at the surface,Transition,1,Accuracy,0.807536669965534,Jeantet_Turtle
swimming,Transition,1,Precision,0.744155173685375,Jeantet_Turtle
swimming,Transition,1,Recall,0.860921501706485,Jeantet_Turtle
swimming,Transition,1,F1,0.798291071640492,Jeantet_Turtle
swimming,Transition,1,Accuracy,0.837577597806225,Jeantet_Turtle
Macro-Average,Transition,1,Precision,0.335092927256122,Jeantet_Turtle
Macro-Average,Transition,1,Recall,0.372945079086144,Jeantet_Turtle
Macro-Average,Transition,1,F1,0.303457848372058,Jeantet_Turtle
Macro-Average,Transition,1,Accuracy,0.657455493935034,Jeantet_Turtle
feeding,Transition,2,Precision,0.509212730318258,Jeantet_Turtle
feeding,Transition,2,Recall,0.219891500904159,Jeantet_Turtle
feeding,Transition,2,F1,0.307148269765092,Jeantet_Turtle
feeding,Transition,2,Accuracy,0.606265585661083,Jeantet_Turtle
gliding,Transition,2,Precision,0.102527030424943,Jeantet_Turtle
gliding,Transition,2,Recall,0.682426778242678,Jeantet_Turtle
gliding,Transition,2,F1,0.178270849273145,Jeantet_Turtle
gliding,Transition,2,Accuracy,0.751972099476254,Jeantet_Turtle
other,Transition,2,Precision,0,Jeantet_Turtle
other,Transition,2,Recall,0,Jeantet_Turtle
other,Transition,2,F1,0,Jeantet_Turtle
other,Transition,2,Accuracy,0.499900933699879,Jeantet_Turtle
resting,Transition,2,Precision,0.959000139645301,Jeantet_Turtle
resting,Transition,2,Recall,0.77685520361991,Jeantet_Turtle
resting,Transition,2,F1,0.858371351790513,Jeantet_Turtle
resting,Transition,2,Accuracy,0.869203380338542,Jeantet_Turtle
staying at the surface,Transition,2,Precision,0.685962920923193,Jeantet_Turtle
staying at the surface,Transition,2,Recall,0.508626735867583,Jeantet_Turtle
staying at the surface,Transition,2,F1,0.584132098268224,Jeantet_Turtle
staying at the surface,Transition,2,Accuracy,0.743283760747272,Jeantet_Turtle
swimming,Transition,2,Precision,0.736513321198081,Jeantet_Turtle
swimming,Transition,2,Recall,0.820339139249839,Jeantet_Turtle
swimming,Transition,2,F1,0.776169507782186,Jeantet_Turtle
swimming,Transition,2,Accuracy,0.857688480615542,Jeantet_Turtle
breathing,Transition,2,Precision,0,Jeantet_Turtle
breathing,Transition,2,Recall,0,Jeantet_Turtle
breathing,Transition,2,F1,0,Jeantet_Turtle
breathing,Transition,2,Accuracy,0.5,Jeantet_Turtle
scratching,Transition,2,Precision,0,Jeantet_Turtle
scratching,Transition,2,Recall,0,Jeantet_Turtle
scratching,Transition,2,F1,0,Jeantet_Turtle
scratching,Transition,2,Accuracy,0.5,Jeantet_Turtle
Macro-Average,Transition,2,Precision,0.374152017813722,Jeantet_Turtle
Macro-Average,Transition,2,Recall,0.376017419735521,Jeantet_Turtle
Macro-Average,Transition,2,F1,0.338011509609895,Jeantet_Turtle
Macro-Average,Transition,2,Accuracy,0.666039280067321,Jeantet_Turtle
breathing,Transition,3,Precision,0.428571428571429,Jeantet_Turtle
breathing,Transition,3,Recall,0.0612244897959184,Jeantet_Turtle
breathing,Transition,3,F1,0.107142857142857,Jeantet_Turtle
breathing,Transition,3,Accuracy,0.530434877037016,Jeantet_Turtle
feeding,Transition,3,Precision,0.75,Jeantet_Turtle
feeding,Transition,3,Recall,0.281739130434783,Jeantet_Turtle
feeding,Transition,3,F1,0.40960809102402,Jeantet_Turtle
feeding,Transition,3,Accuracy,0.638357937310415,Jeantet_Turtle
gliding,Transition,3,Precision,0.590330788804071,Jeantet_Turtle
gliding,Transition,3,Recall,0.364779874213836,Jeantet_Turtle
gliding,Transition,3,F1,0.450923226433431,Jeantet_Turtle
gliding,Transition,3,Accuracy,0.674858830361666,Jeantet_Turtle
other,Transition,3,Precision,0,Jeantet_Turtle
other,Transition,3,Recall,0,Jeantet_Turtle
other,Transition,3,F1,0,Jeantet_Turtle
other,Transition,3,Accuracy,0.499776745847473,Jeantet_Turtle
resting,Transition,3,Precision,0.803414962929679,Jeantet_Turtle
resting,Transition,3,Recall,0.994438264738598,Jeantet_Turtle
resting,Transition,3,F1,0.888778426742886,Jeantet_Turtle
resting,Transition,3,Accuracy,0.940614138191527,Jeantet_Turtle
scratching,Transition,3,Precision,0,Jeantet_Turtle
scratching,Transition,3,Recall,0,Jeantet_Turtle
scratching,Transition,3,F1,0,Jeantet_Turtle
scratching,Transition,3,Accuracy,0.499778623926326,Jeantet_Turtle
staying at the surface,Transition,3,Precision,0.637729549248748,Jeantet_Turtle
staying at the surface,Transition,3,Recall,0.744639376218324,Jeantet_Turtle
staying at the surface,Transition,3,F1,0.68705035971223,Jeantet_Turtle
staying at the surface,Transition,3,Accuracy,0.862284541975237,Jeantet_Turtle
swimming,Transition,3,Precision,0.928482917330501,Jeantet_Turtle
swimming,Transition,3,Recall,0.904778333620838,Jeantet_Turtle
swimming,Transition,3,F1,0.916477372007688,Jeantet_Turtle
swimming,Transition,3,Accuracy,0.915847922237337,Jeantet_Turtle
Macro-Average,Transition,3,Precision,0.517316205860553,Jeantet_Turtle
Macro-Average,Transition,3,Recall,0.418949933627787,Jeantet_Turtle
Macro-Average,Transition,3,F1,0.432497541632889,Jeantet_Turtle
Macro-Average,Transition,3,Accuracy,0.695244202110875,Jeantet_Turtle
Feeding,Bayesian,1,Precision,0.806539509536785,Ladds_Seal
Feeding,Bayesian,1,Recall,0.685780480741384,Ladds_Seal
Feeding,Bayesian,1,F1,0.741274064798873,Ladds_Seal
Feeding,Bayesian,1,Accuracy,0.782089555292551,Ladds_Seal
Grooming,Bayesian,1,Precision,0.925925925925926,Ladds_Seal
Grooming,Bayesian,1,Recall,0.0350631136044881,Ladds_Seal
Grooming,Bayesian,1,F1,0.0675675675675676,Ladds_Seal
Grooming,Bayesian,1,Accuracy,0.517396622245504,Ladds_Seal
Resting,Bayesian,1,Precision,0.974619289340102,Ladds_Seal
Resting,Bayesian,1,Recall,0.796019900497513,Ladds_Seal
Resting,Bayesian,1,F1,0.87631218621634,Ladds_Seal
Resting,Bayesian,1,Accuracy,0.896203069647426,Ladds_Seal
Travelling,Bayesian,1,Precision,0.556034482758621,Ladds_Seal
Travelling,Bayesian,1,Recall,0.84375,Ladds_Seal
Travelling,Bayesian,1,F1,0.670323325635104,Ladds_Seal
Travelling,Bayesian,1,Accuracy,0.749313570364855,Ladds_Seal
Macro-Average,Bayesian,1,Precision,0.815779801890358,Ladds_Seal
Macro-Average,Bayesian,1,Recall,0.590153373710846,Ladds_Seal
Macro-Average,Bayesian,1,F1,0.588869286054471,Ladds_Seal
Macro-Average,Bayesian,1,Accuracy,0.736250704387584,Ladds_Seal
Feeding,Bayesian,2,Precision,0.550081433224756,Ladds_Seal
Feeding,Bayesian,2,Recall,0.82781862745098,Ladds_Seal
Feeding,Bayesian,2,F1,0.660958904109589,Ladds_Seal
Feeding,Bayesian,2,Accuracy,0.81973852797468,Ladds_Seal
Grooming,Bayesian,2,Precision,0.607594936708861,Ladds_Seal
Grooming,Bayesian,2,Recall,0.335664335664336,Ladds_Seal
Grooming,Bayesian,2,F1,0.432432432432432,Ladds_Seal
Grooming,Bayesian,2,Accuracy,0.665725044395518,Ladds_Seal
Resting,Bayesian,2,Precision,0.966625463535229,Ladds_Seal
Resting,Bayesian,2,Recall,0.511445389143231,Ladds_Seal
Resting,Bayesian,2,F1,0.668947818648418,Ladds_Seal
Resting,Bayesian,2,Accuracy,0.753461388038952,Ladds_Seal
Travelling,Bayesian,2,Precision,0.880385078219013,Ladds_Seal
Travelling,Bayesian,2,Recall,0.871990464839094,Ladds_Seal
Travelling,Bayesian,2,F1,0.876167664670659,Ladds_Seal
Travelling,Bayesian,2,Accuracy,0.860783368012767,Ladds_Seal
Macro-Average,Bayesian,2,Precision,0.751171727921965,Ladds_Seal
Macro-Average,Bayesian,2,Recall,0.63672970427441,Ladds_Seal
Macro-Average,Bayesian,2,F1,0.659626704965274,Ladds_Seal
Macro-Average,Bayesian,2,Accuracy,0.77492708210548,Ladds_Seal
Feeding,Bayesian,3,Precision,0.532828282828283,Ladds_Seal
Feeding,Bayesian,3,Recall,0.512758201701094,Ladds_Seal
Feeding,Bayesian,3,F1,0.522600619195047,Ladds_Seal
Feeding,Bayesian,3,Accuracy,0.669361226908872,Ladds_Seal
Grooming,Bayesian,3,Precision,0.9,Ladds_Seal
Grooming,Bayesian,3,Recall,0.122171945701357,Ladds_Seal
Grooming,Bayesian,3,F1,0.215139442231076,Ladds_Seal
Grooming,Bayesian,3,Accuracy,0.560536119478245,Ladds_Seal
Resting,Bayesian,3,Precision,0.644508670520231,Ladds_Seal
Resting,Bayesian,3,Recall,0.673716012084592,Ladds_Seal
Resting,Bayesian,3,F1,0.658788774002954,Ladds_Seal
Resting,Bayesian,3,Accuracy,0.783075758556507,Ladds_Seal
Travelling,Bayesian,3,Precision,0.659233449477352,Ladds_Seal
Travelling,Bayesian,3,Recall,0.761061946902655,Ladds_Seal
Travelling,Bayesian,3,F1,0.706497386109037,Ladds_Seal
Travelling,Bayesian,3,Accuracy,0.737213271223895,Ladds_Seal
Macro-Average,Bayesian,3,Precision,0.684142600706467,Ladds_Seal
Macro-Average,Bayesian,3,Recall,0.517427026597424,Ladds_Seal
Macro-Average,Bayesian,3,F1,0.525756555384528,Ladds_Seal
Macro-Average,Bayesian,3,Accuracy,0.68754659404188,Ladds_Seal
Feeding,Duration,1,Precision,0.743607463718037,Ladds_Seal
Feeding,Duration,1,Recall,0.623226180133218,Ladds_Seal
Feeding,Duration,1,F1,0.678115645186702,Ladds_Seal
Feeding,Duration,1,Accuracy,0.732186843010304,Ladds_Seal
Grooming,Duration,1,Precision,0.717391304347826,Ladds_Seal
Grooming,Duration,1,Recall,0.0462833099579243,Ladds_Seal
Grooming,Duration,1,F1,0.0869565217391304,Ladds_Seal
Grooming,Duration,1,Accuracy,0.522264580360152,Ladds_Seal
Resting,Duration,1,Precision,0.853593611357587,Ladds_Seal
Resting,Duration,1,Recall,0.797678275290216,Ladds_Seal
Resting,Duration,1,F1,0.824689241320188,Ladds_Seal
Resting,Duration,1,Accuracy,0.886913725676331,Ladds_Seal
Travelling,Duration,1,Precision,0.549913729356668,Ladds_Seal
Travelling,Duration,1,Recall,0.810683139534884,Ladds_Seal
Travelling,Duration,1,F1,0.655309149654869,Ladds_Seal
Travelling,Duration,1,Accuracy,0.735386245865729,Ladds_Seal
Macro-Average,Duration,1,Precision,0.716126527195029,Ladds_Seal
Macro-Average,Duration,1,Recall,0.56946772622906,Ladds_Seal
Macro-Average,Duration,1,F1,0.561267639475223,Ladds_Seal
Macro-Average,Duration,1,Accuracy,0.719187848728129,Ladds_Seal
Feeding,Duration,2,Precision,0.44631217838765,Ladds_Seal
Feeding,Duration,2,Recall,0.79718137254902,Ladds_Seal
Feeding,Duration,2,F1,0.572245436551572,Ladds_Seal
Feeding,Duration,2,Accuracy,0.761041683376947,Ladds_Seal
Grooming,Duration,2,Precision,0.117293233082707,Ladds_Seal
Grooming,Duration,2,Recall,0.545454545454545,Ladds_Seal
Grooming,Duration,2,F1,0.193069306930693,Ladds_Seal
Grooming,Duration,2,Accuracy,0.732827870878442,Ladds_Seal
Resting,Duration,2,Precision,0.776470588235294,Ladds_Seal
Resting,Duration,2,Recall,0.561151079136691,Ladds_Seal
Resting,Duration,2,F1,0.651480637813212,Ladds_Seal
Resting,Duration,2,Accuracy,0.759888772399166,Ladds_Seal
Travelling,Duration,2,Precision,0.876332622601279,Ladds_Seal
Travelling,Duration,2,Recall,0.587842669845054,Ladds_Seal
Travelling,Duration,2,F1,0.703666714224568,Ladds_Seal
Travelling,Duration,2,Accuracy,0.741257896665868,Ladds_Seal
Macro-Average,Duration,2,Precision,0.554102155576733,Ladds_Seal
Macro-Average,Duration,2,Recall,0.622907416746327,Ladds_Seal
Macro-Average,Duration,2,F1,0.530115523880011,Ladds_Seal
Macro-Average,Duration,2,Accuracy,0.748754055830106,Ladds_Seal
Feeding,Duration,3,Precision,0.455467869222097,Ladds_Seal
Feeding,Duration,3,Recall,0.490886998784933,Ladds_Seal
Feeding,Duration,3,F1,0.472514619883041,Ladds_Seal
Feeding,Duration,3,Accuracy,0.631849896382119,Ladds_Seal
Grooming,Duration,3,Precision,0.808510638297872,Ladds_Seal
Grooming,Duration,3,Recall,0.343891402714932,Ladds_Seal
Grooming,Duration,3,F1,0.482539682539683,Ladds_Seal
Grooming,Duration,3,Accuracy,0.668646581122862,Ladds_Seal
Resting,Duration,3,Precision,0.679432624113475,Ladds_Seal
Resting,Duration,3,Recall,0.72356495468278,Ladds_Seal
Resting,Duration,3,F1,0.700804681784931,Ladds_Seal
Resting,Duration,3,Accuracy,0.8123727703016,Ladds_Seal
Travelling,Duration,3,Precision,0.659540775930325,Ladds_Seal
Travelling,Duration,3,Recall,0.670152855993564,Ladds_Seal
Travelling,Duration,3,F1,0.664804469273743,Ladds_Seal
Travelling,Duration,3,Accuracy,0.709050636672046,Ladds_Seal
Macro-Average,Duration,3,Precision,0.650737976890942,Ladds_Seal
Macro-Average,Duration,3,Recall,0.557124053044052,Ladds_Seal
Macro-Average,Duration,3,F1,0.580165863370349,Ladds_Seal
Macro-Average,Duration,3,Accuracy,0.705479971119656,Ladds_Seal
Feeding,HMM,1,Precision,0.755023183925812,Ladds_Seal
Feeding,HMM,1,Recall,0.565884737909065,Ladds_Seal
Feeding,HMM,1,F1,0.646912762787618,Ladds_Seal
Feeding,HMM,1,Accuracy,0.715076815539846,Ladds_Seal
Grooming,HMM,1,Precision,0.741379310344828,Ladds_Seal
Grooming,HMM,1,Recall,0.0603085553997195,Ladds_Seal
Grooming,HMM,1,F1,0.111543450064851,Ladds_Seal
Grooming,HMM,1,Accuracy,0.52914226852431,Ladds_Seal
Resting,HMM,1,Precision,0.929618768328446,Ladds_Seal
Resting,HMM,1,Recall,0.788557213930348,Ladds_Seal
Resting,HMM,1,F1,0.853297442799462,Ladds_Seal
Resting,HMM,1,Accuracy,0.889074790833344,Ladds_Seal
Travelling,HMM,1,Precision,0.526374859708193,Ladds_Seal
Travelling,HMM,1,Recall,0.852107558139535,Ladds_Seal
Travelling,HMM,1,F1,0.650756209241016,Ladds_Seal
Travelling,HMM,1,Accuracy,0.729665097014667,Ladds_Seal
Macro-Average,HMM,1,Precision,0.738099030576819,Ladds_Seal
Macro-Average,HMM,1,Recall,0.566714516344667,Ladds_Seal
Macro-Average,HMM,1,F1,0.565627466223237,Ladds_Seal
Macro-Average,HMM,1,Accuracy,0.715739742978042,Ladds_Seal
Feeding,HMM,2,Precision,0.497896749521989,Ladds_Seal
Feeding,HMM,2,Recall,0.797794117647059,Ladds_Seal
Feeding,HMM,2,F1,0.613138686131387,Ladds_Seal
Feeding,HMM,2,Accuracy,0.787000007519626,Ladds_Seal
Grooming,HMM,2,Precision,0.118299445471349,Ladds_Seal
Grooming,HMM,2,Recall,0.447552447552448,Ladds_Seal
Grooming,HMM,2,F1,0.187134502923977,Ladds_Seal
Grooming,HMM,2,Accuracy,0.691353711541314,Ladds_Seal
Resting,HMM,2,Precision,0.923887587822014,Ladds_Seal
Resting,HMM,2,Recall,0.516023544800523,Ladds_Seal
Resting,HMM,2,F1,0.662190516156106,Ladds_Seal
Resting,HMM,2,Accuracy,0.752567886303109,Ladds_Seal
Travelling,HMM,2,Precision,0.867297219833763,Ladds_Seal
Travelling,HMM,2,Recall,0.721334922526818,Ladds_Seal
Travelling,HMM,2,F1,0.787610619469027,Ladds_Seal
Travelling,HMM,2,Accuracy,0.790600875306993,Ladds_Seal
Macro-Average,HMM,2,Precision,0.601845250662279,Ladds_Seal
Macro-Average,HMM,2,Recall,0.620676258131712,Ladds_Seal
Macro-Average,HMM,2,F1,0.562518581170124,Ladds_Seal
Macro-Average,HMM,2,Accuracy,0.75538062016776,Ladds_Seal
Feeding,HMM,3,Precision,0.505899705014749,Ladds_Seal
Feeding,HMM,3,Recall,0.416767922235723,Ladds_Seal
Feeding,HMM,3,F1,0.457028647568288,Ladds_Seal
Feeding,HMM,3,Accuracy,0.629597507684183,Ladds_Seal
Grooming,HMM,3,Precision,0.783505154639175,Ladds_Seal
Grooming,HMM,3,Recall,0.343891402714932,Ladds_Seal
Grooming,HMM,3,F1,0.477987421383648,Ladds_Seal
Grooming,HMM,3,Accuracy,0.668096727750428,Ladds_Seal
Resting,HMM,3,Precision,0.729001584786054,Ladds_Seal
Resting,HMM,3,Recall,0.694864048338369,Ladds_Seal
Resting,HMM,3,F1,0.711523588553751,Ladds_Seal
Resting,HMM,3,Accuracy,0.810046803355892,Ladds_Seal
Travelling,HMM,3,Precision,0.644847699287103,Ladds_Seal
Travelling,HMM,3,Recall,0.80048270313757,Ladds_Seal
Travelling,HMM,3,F1,0.714285714285714,Ladds_Seal
Travelling,HMM,3,Accuracy,0.739631738438656,Ladds_Seal
Macro-Average,HMM,3,Precision,0.66581353593177,Ladds_Seal
Macro-Average,HMM,3,Recall,0.564001519106649,Ladds_Seal
Macro-Average,HMM,3,F1,0.59020634294785,Ladds_Seal
Macro-Average,HMM,3,Accuracy,0.71184319430729,Ladds_Seal
Feeding,Mode,1,Precision,0.771428571428571,Ladds_Seal
Feeding,Mode,1,Recall,0.578627280625543,Ladds_Seal
Feeding,Mode,1,F1,0.661260963097799,Ladds_Seal
Feeding,Mode,1,Accuracy,0.725943912203159,Ladds_Seal
Grooming,Mode,1,Precision,0.833333333333333,Ladds_Seal
Grooming,Mode,1,Recall,0.0420757363253857,Ladds_Seal
Grooming,Mode,1,F1,0.0801068090787717,Ladds_Seal
Grooming,Mode,1,Accuracy,0.520633064492473,Ladds_Seal
Resting,Mode,1,Precision,0.893457943925234,Ladds_Seal
Resting,Mode,1,Recall,0.792703150912106,Ladds_Seal
Resting,Mode,1,F1,0.840070298769772,Ladds_Seal
Resting,Mode,1,Accuracy,0.888112199913989,Ladds_Seal
Travelling,Mode,1,Precision,0.537037037037037,Ladds_Seal
Travelling,Mode,1,Recall,0.864098837209302,Ladds_Seal
Travelling,Mode,1,F1,0.662395543175488,Ladds_Seal
Travelling,Mode,1,Accuracy,0.741245248835478,Ladds_Seal
Macro-Average,Mode,1,Precision,0.758814221431044,Ladds_Seal
Macro-Average,Mode,1,Recall,0.569376251268084,Ladds_Seal
Macro-Average,Mode,1,F1,0.560958403530457,Ladds_Seal
Macro-Average,Mode,1,Accuracy,0.718983606361275,Ladds_Seal
Feeding,Mode,2,Precision,0.472747497219132,Ladds_Seal
Feeding,Mode,2,Recall,0.78125,Ladds_Seal
Feeding,Mode,2,F1,0.589050589050589,Ladds_Seal
Feeding,Mode,2,Accuracy,0.769438703766832,Ladds_Seal
Grooming,Mode,2,Precision,0.109195402298851,Ladds_Seal
Grooming,Mode,2,Recall,0.531468531468532,Ladds_Seal
Grooming,Mode,2,F1,0.181168057210965,Ladds_Seal
Grooming,Mode,2,Accuracy,0.723591797001259,Ladds_Seal
Resting,Mode,2,Precision,0.832310838445808,Ladds_Seal
Resting,Mode,2,Recall,0.532374100719425,Ladds_Seal
Resting,Mode,2,F1,0.649381731152772,Ladds_Seal
Resting,Mode,2,Accuracy,0.752451706976128,Ladds_Seal
Travelling,Mode,2,Precision,0.861892583120205,Ladds_Seal
Travelling,Mode,2,Recall,0.642669845053635,Ladds_Seal
Travelling,Mode,2,F1,0.736310255359825,Ladds_Seal
Travelling,Mode,2,Accuracy,0.755959619863379,Ladds_Seal
Macro-Average,Mode,2,Precision,0.569036580270999,Ladds_Seal
Macro-Average,Mode,2,Recall,0.621940619310398,Ladds_Seal
Macro-Average,Mode,2,F1,0.538977658193538,Ladds_Seal
Macro-Average,Mode,2,Accuracy,0.750360456901899,Ladds_Seal
Feeding,Mode,3,Precision,0.48252688172043,Ladds_Seal
Feeding,Mode,3,Recall,0.436208991494532,Ladds_Seal
Feeding,Mode,3,F1,0.458200382897256,Ladds_Seal
Feeding,Mode,3,Accuracy,0.627558870159308,Ladds_Seal
Grooming,Mode,3,Precision,0.816091954022989,Ladds_Seal
Grooming,Mode,3,Recall,0.321266968325792,Ladds_Seal
Grooming,Mode,3,F1,0.461038961038961,Ladds_Seal
Grooming,Mode,3,Accuracy,0.657700932843248,Ladds_Seal
Resting,Mode,3,Precision,0.679710144927536,Ladds_Seal
Resting,Mode,3,Recall,0.708459214501511,Ladds_Seal
Resting,Mode,3,F1,0.693786982248521,Ladds_Seal
Resting,Mode,3,Accuracy,0.805913035322465,Ladds_Seal
Travelling,Mode,3,Precision,0.65266106442577,Ladds_Seal
Travelling,Mode,3,Recall,0.749798873692679,Ladds_Seal
Travelling,Mode,3,F1,0.697865967802321,Ladds_Seal
Travelling,Mode,3,Accuracy,0.729530151969435,Ladds_Seal
Macro-Average,Mode,3,Precision,0.657747511274181,Ladds_Seal
Macro-Average,Mode,3,Recall,0.553933512003628,Ladds_Seal
Macro-Average,Mode,3,F1,0.577723073496765,Ladds_Seal
Macro-Average,Mode,3,Accuracy,0.705175747573614,Ladds_Seal
Feeding,No,1,Precision,0.752236483858421,Ladds_Seal
Feeding,No,1,Recall,0.560092673037938,Ladds_Seal
Feeding,No,1,F1,0.642098273572377,Ladds_Seal
Feeding,No,1,Accuracy,0.711859652725349,Ladds_Seal
Grooming,No,1,Precision,0.741379310344828,Ladds_Seal
Grooming,No,1,Recall,0.0603085553997195,Ladds_Seal
Grooming,No,1,F1,0.111543450064851,Ladds_Seal
Grooming,No,1,Accuracy,0.52914226852431,Ladds_Seal
Resting,No,1,Precision,0.85958595859586,Ladds_Seal
Resting,No,1,Recall,0.791873963515755,Ladds_Seal
Resting,No,1,F1,0.824341821320673,Ladds_Seal
Resting,No,1,Accuracy,0.884662046805579,Ladds_Seal
Travelling,No,1,Precision,0.529197080291971,Ladds_Seal
Travelling,No,1,Recall,0.843023255813954,Ladds_Seal
Travelling,No,1,F1,0.650224215246637,Ladds_Seal
Travelling,No,1,Accuracy,0.729404405271087,Ladds_Seal
Macro-Average,No,1,Precision,0.72059970827277,Ladds_Seal
Macro-Average,No,1,Recall,0.563824611941841,Ladds_Seal
Macro-Average,No,1,F1,0.557051940051135,Ladds_Seal
Macro-Average,No,1,Accuracy,0.713767093331581,Ladds_Seal
Feeding,No,2,Precision,0.468949044585987,Ladds_Seal
Feeding,No,2,Recall,0.721813725490196,Ladds_Seal
Feeding,No,2,F1,0.568532818532819,Ladds_Seal
Feeding,No,2,Accuracy,0.747220140399777,Ladds_Seal
Grooming,No,2,Precision,0.0905797101449275,Ladds_Seal
Grooming,No,2,Recall,0.524475524475525,Ladds_Seal
Grooming,No,2,F1,0.154479917610711,Ladds_Seal
Grooming,No,2,Accuracy,0.711055054244288,Ladds_Seal
Resting,No,2,Precision,0.796771130104463,Ladds_Seal
Resting,No,2,Recall,0.548724656638326,Ladds_Seal
Resting,No,2,F1,0.649883810999226,Ladds_Seal
Resting,No,2,Accuracy,0.756439380245461,Ladds_Seal
Travelling,No,2,Precision,0.845782356728912,Ladds_Seal
Travelling,No,2,Recall,0.626221692491061,Ladds_Seal
Travelling,No,2,F1,0.719627448294754,Ladds_Seal
Travelling,No,2,Accuracy,0.740622952783061,Ladds_Seal
Macro-Average,No,2,Precision,0.550520560391072,Ladds_Seal
Macro-Average,No,2,Recall,0.605308899773777,Ladds_Seal
Macro-Average,No,2,F1,0.523130998859377,Ladds_Seal
Macro-Average,No,2,Accuracy,0.738834381918147,Ladds_Seal
Feeding,No,3,Precision,0.471428571428571,Ladds_Seal
Feeding,No,3,Recall,0.441069258809235,Ladds_Seal
Feeding,No,3,F1,0.455743879472693,Ladds_Seal
Feeding,No,3,Accuracy,0.624814968068775,Ladds_Seal
Grooming,No,3,Precision,0.772277227722772,Ladds_Seal
Grooming,No,3,Recall,0.352941176470588,Ladds_Seal
Grooming,No,3,F1,0.484472049689441,Ladds_Seal
Grooming,No,3,Accuracy,0.6722550457133,Ladds_Seal
Resting,No,3,Precision,0.693098384728341,Ladds_Seal
Resting,No,3,Recall,0.712990936555891,Ladds_Seal
Resting,No,3,F1,0.702903946388682,Ladds_Seal
Resting,No,3,Accuracy,0.810802420617255,Ladds_Seal
Travelling,No,3,Precision,0.648532569792412,Ladds_Seal
Travelling,No,3,Recall,0.728881737731295,Ladds_Seal
Travelling,No,3,F1,0.686363636363636,Ladds_Seal
Travelling,No,3,Accuracy,0.720537000166937,Ladds_Seal
Macro-Average,No,3,Precision,0.646334188418024,Ladds_Seal
Macro-Average,No,3,Recall,0.558970777391752,Ladds_Seal
Macro-Average,No,3,F1,0.582370877978613,Ladds_Seal
Macro-Average,No,3,Accuracy,0.707102358641567,Ladds_Seal
Feeding,Transition,1,Precision,0.775058275058275,Ladds_Seal
Feeding,Transition,1,Recall,0.577758470894874,Ladds_Seal
Feeding,Transition,1,F1,0.662020905923345,Ladds_Seal
Feeding,Transition,1,Accuracy,0.726901072313205,Ladds_Seal
Grooming,Transition,1,Precision,0.8,Ladds_Seal
Grooming,Transition,1,Recall,0.0448807854137447,Ladds_Seal
Grooming,Transition,1,F1,0.0849933598937583,Ladds_Seal
Grooming,Transition,1,Accuracy,0.521900654479913,Ladds_Seal
Resting,Transition,1,Precision,0.914832535885168,Ladds_Seal
Resting,Transition,1,Recall,0.792703150912106,Ladds_Seal
Resting,Transition,1,F1,0.849400266548201,Ladds_Seal
Resting,Transition,1,Accuracy,0.889919080515319,Ladds_Seal
Travelling,Transition,1,Precision,0.538185890257559,Ladds_Seal
Travelling,Transition,1,Recall,0.873183139534884,Ladds_Seal
Travelling,Transition,1,F1,0.665927670777331,Ladds_Seal
Travelling,Transition,1,Accuracy,0.744670497541083,Ladds_Seal
Macro-Average,Transition,1,Precision,0.75701917530025,Ladds_Seal
Macro-Average,Transition,1,Recall,0.572131386688902,Ladds_Seal
Macro-Average,Transition,1,F1,0.565585550785659,Ladds_Seal
Macro-Average,Transition,1,Accuracy,0.72084782621238,Ladds_Seal
Feeding,Transition,2,Precision,0.500997207818109,Ladds_Seal
Feeding,Transition,2,Recall,0.769607843137255,Ladds_Seal
Feeding,Transition,2,F1,0.606909881613917,Ladds_Seal
Feeding,Transition,2,Accuracy,0.778190660958435,Ladds_Seal
Grooming,Transition,2,Precision,0.1078125,Ladds_Seal
Grooming,Transition,2,Recall,0.482517482517483,Ladds_Seal
Grooming,Transition,2,F1,0.176245210727969,Ladds_Seal
Grooming,Transition,2,Accuracy,0.702446886990117,Ladds_Seal
Resting,Transition,2,Precision,0.898395721925134,Ladds_Seal
Resting,Transition,2,Recall,0.549378678875082,Ladds_Seal
Resting,Transition,2,F1,0.681818181818182,Ladds_Seal
Resting,Transition,2,Accuracy,0.766732890526318,Ladds_Seal
Travelling,Transition,2,Precision,0.861574480538484,Ladds_Seal
Travelling,Transition,2,Recall,0.701787842669845,Ladds_Seal
Travelling,Transition,2,F1,0.773515501839201,Ladds_Seal
Travelling,Transition,2,Accuracy,0.779314018187223,Ladds_Seal
Macro-Average,Transition,2,Precision,0.592194977570432,Ladds_Seal
Macro-Average,Transition,2,Recall,0.625822961799916,Ladds_Seal
Macro-Average,Transition,2,F1,0.559622193999817,Ladds_Seal
Macro-Average,Transition,2,Accuracy,0.756671114165523,Ladds_Seal
Feeding,Transition,3,Precision,0.48921832884097,Ladds_Seal
Feeding,Transition,3,Recall,0.441069258809235,Ladds_Seal
Feeding,Transition,3,F1,0.463897763578275,Ladds_Seal
Feeding,Transition,3,Accuracy,0.631400104475172,Ladds_Seal
Grooming,Transition,3,Precision,0.837209302325582,Ladds_Seal
Grooming,Transition,3,Recall,0.32579185520362,Ladds_Seal
Grooming,Transition,3,F1,0.469055374592834,Ladds_Seal
Grooming,Transition,3,Accuracy,0.660329945197118,Ladds_Seal
Resting,Transition,3,Precision,0.712538226299694,Ladds_Seal
Resting,Transition,3,Recall,0.70392749244713,Ladds_Seal
Resting,Transition,3,F1,0.708206686930091,Ladds_Seal
Resting,Transition,3,Accuracy,0.810861866031173,Ladds_Seal
Travelling,Transition,3,Precision,0.648261758691207,Ladds_Seal
Travelling,Transition,3,Recall,0.765084473049075,Ladds_Seal
Travelling,Transition,3,F1,0.701845018450185,Ladds_Seal
Travelling,Transition,3,Accuracy,0.731311286934854,Ladds_Seal
Macro-Average,Transition,3,Precision,0.671806904039363,Ladds_Seal
Macro-Average,Transition,3,Recall,0.558968269877265,Ladds_Seal
Macro-Average,Transition,3,F1,0.585751210887846,Ladds_Seal
Macro-Average,Transition,3,Accuracy,0.708475800659579,Ladds_Seal
flying,Bayesian,1,Precision,0.860974367679511,Maekawa_Gull
flying,Bayesian,1,Recall,0.897143362518794,Maekawa_Gull
flying,Bayesian,1,F1,0.878686820563905,Maekawa_Gull
flying,Bayesian,1,Accuracy,0.932814105501821,Maekawa_Gull
foraging,Bayesian,1,Precision,0.333333333333333,Maekawa_Gull
foraging,Bayesian,1,Recall,0.000586510263929619,Maekawa_Gull
foraging,Bayesian,1,F1,0.00117096018735363,Maekawa_Gull
foraging,Bayesian,1,Accuracy,0.500277015302158,Maekawa_Gull
stationary,Bayesian,1,Precision,0.968172903275919,Maekawa_Gull
stationary,Bayesian,1,Recall,0.991804257012135,Maekawa_Gull
stationary,Bayesian,1,F1,0.979846119075928,Maekawa_Gull
stationary,Bayesian,1,Accuracy,0.932921802653009,Maekawa_Gull
Macro-Average,Bayesian,1,Precision,0.720826868096254,Maekawa_Gull
Macro-Average,Bayesian,1,Recall,0.629844709931619,Maekawa_Gull
Macro-Average,Bayesian,1,F1,0.619901299942396,Maekawa_Gull
Macro-Average,Bayesian,1,Accuracy,0.788670974485663,Maekawa_Gull
flying,Bayesian,2,Precision,0.607267501539725,Maekawa_Gull
flying,Bayesian,2,Recall,0.943540669856459,Maekawa_Gull
flying,Bayesian,2,F1,0.738945790657007,Maekawa_Gull
flying,Bayesian,2,Accuracy,0.957888903972566,Maekawa_Gull
foraging,Bayesian,2,Precision,0.111111111111111,Maekawa_Gull
foraging,Bayesian,2,Recall,0.00543900543900544,Maekawa_Gull
foraging,Bayesian,2,F1,0.0103703703703704,Maekawa_Gull
foraging,Bayesian,2,Accuracy,0.502323759782807,Maekawa_Gull
stationary,Bayesian,2,Precision,0.986975829285012,Maekawa_Gull
stationary,Bayesian,2,Recall,0.986182251340083,Maekawa_Gull
stationary,Bayesian,2,F1,0.986578880729299,Maekawa_Gull
stationary,Bayesian,2,Accuracy,0.903541945342173,Maekawa_Gull
unknown,Bayesian,2,Precision,0,Maekawa_Gull
unknown,Bayesian,2,Recall,0,Maekawa_Gull
unknown,Bayesian,2,F1,0,Maekawa_Gull
unknown,Bayesian,2,Accuracy,0.5,Maekawa_Gull
Macro-Average,Bayesian,2,Precision,0.426338610483962,Maekawa_Gull
Macro-Average,Bayesian,2,Recall,0.483790481658887,Maekawa_Gull
Macro-Average,Bayesian,2,F1,0.433973760439169,Maekawa_Gull
Macro-Average,Bayesian,2,Accuracy,0.715938652274387,Maekawa_Gull
flying,Bayesian,3,Precision,0.926928281461434,Maekawa_Gull
flying,Bayesian,3,Recall,0.812895569620253,Maekawa_Gull
flying,Bayesian,3,F1,0.866174920969442,Maekawa_Gull
flying,Bayesian,3,Accuracy,0.90220361399535,Maekawa_Gull
stationary,Bayesian,3,Precision,0.97561352856259,Maekawa_Gull
stationary,Bayesian,3,Recall,0.994743205593229,Maekawa_Gull
stationary,Bayesian,3,F1,0.985085504568052,Maekawa_Gull
stationary,Bayesian,3,Accuracy,0.906058861483873,Maekawa_Gull
foraging,Bayesian,3,Precision,0,Maekawa_Gull
foraging,Bayesian,3,Recall,0,Maekawa_Gull
foraging,Bayesian,3,F1,0,Maekawa_Gull
foraging,Bayesian,3,Accuracy,0.5,Maekawa_Gull
Macro-Average,Bayesian,3,Precision,0.634180603341342,Maekawa_Gull
Macro-Average,Bayesian,3,Recall,0.602546258404494,Maekawa_Gull
Macro-Average,Bayesian,3,F1,0.617086808512498,Maekawa_Gull
Macro-Average,Bayesian,3,Accuracy,0.769420825159741,Maekawa_Gull
flying,Duration,1,Precision,0.606318143695835,Maekawa_Gull
flying,Duration,1,Recall,0.95905191474308,Maekawa_Gull
flying,Duration,1,F1,0.742943272129351,Maekawa_Gull
flying,Duration,1,Accuracy,0.911791469637052,Maekawa_Gull
foraging,Duration,1,Precision,0.294117647058824,Maekawa_Gull
foraging,Duration,1,Recall,0.0439882697947214,Maekawa_Gull
foraging,Duration,1,F1,0.076530612244898,Maekawa_Gull
foraging,Duration,1,Accuracy,0.520532550214768,Maekawa_Gull
stationary,Duration,1,Precision,0.981945188359222,Maekawa_Gull
stationary,Duration,1,Recall,0.875253630395862,Maekawa_Gull
stationary,Duration,1,F1,0.92553482403921,Maekawa_Gull
stationary,Duration,1,Accuracy,0.906540125987971,Maekawa_Gull
unknown,Duration,1,Precision,0,Maekawa_Gull
unknown,Duration,1,Recall,0,Maekawa_Gull
unknown,Duration,1,F1,0,Maekawa_Gull
unknown,Duration,1,Accuracy,0,Maekawa_Gull
Macro-Average,Duration,1,Precision,0.47059524477847,Maekawa_Gull
Macro-Average,Duration,1,Recall,0.469573453733416,Maekawa_Gull
Macro-Average,Duration,1,F1,0.436252177103365,Maekawa_Gull
Macro-Average,Duration,1,Accuracy,0.584716036459948,Maekawa_Gull
flying,Duration,2,Precision,0.478801169590643,Maekawa_Gull
flying,Duration,2,Recall,0.626794258373206,Maekawa_Gull
flying,Duration,2,F1,0.542892664732698,Maekawa_Gull
flying,Duration,2,Accuracy,0.797875759184426,Maekawa_Gull
foraging,Duration,2,Precision,0.305566680016019,Maekawa_Gull
foraging,Duration,2,Recall,0.592851592851593,Maekawa_Gull
foraging,Duration,2,F1,0.403276955602537,Maekawa_Gull
foraging,Duration,2,Accuracy,0.784171899064554,Maekawa_Gull
stationary,Duration,2,Precision,0.988615351701585,Maekawa_Gull
stationary,Duration,2,Recall,0.96328171530673,Maekawa_Gull
stationary,Duration,2,F1,0.975784131102045,Maekawa_Gull
stationary,Duration,2,Accuracy,0.90530889044025,Maekawa_Gull
unknown,Duration,2,Precision,0,Maekawa_Gull
unknown,Duration,2,Recall,0,Maekawa_Gull
unknown,Duration,2,F1,0,Maekawa_Gull
unknown,Duration,2,Accuracy,0.5,Maekawa_Gull
Macro-Average,Duration,2,Precision,0.443245800327062,Maekawa_Gull
Macro-Average,Duration,2,Recall,0.545731891632882,Maekawa_Gull
Macro-Average,Duration,2,F1,0.48048843785932,Maekawa_Gull
Macro-Average,Duration,2,Accuracy,0.746839137172308,Maekawa_Gull
flying,Duration,3,Precision,0.888082016232379,Maekawa_Gull
flying,Duration,3,Recall,0.822389240506329,Maekawa_Gull
flying,Duration,3,F1,0.853974121996303,Maekawa_Gull
flying,Duration,3,Accuracy,0.904330590910749,Maekawa_Gull
foraging,Duration,3,Precision,0,Maekawa_Gull
foraging,Duration,3,Recall,0,Maekawa_Gull
foraging,Duration,3,F1,0,Maekawa_Gull
foraging,Duration,3,Accuracy,0.497911929840843,Maekawa_Gull
stationary,Duration,3,Precision,0.97646750524109,Maekawa_Gull
stationary,Duration,3,Recall,0.979393365925459,Maekawa_Gull
stationary,Duration,3,F1,0.977928247119649,Maekawa_Gull
stationary,Duration,3,Accuracy,0.903017146283193,Maekawa_Gull
unknown,Duration,3,Precision,0,Maekawa_Gull
unknown,Duration,3,Recall,0,Maekawa_Gull
unknown,Duration,3,F1,0,Maekawa_Gull
unknown,Duration,3,Accuracy,0,Maekawa_Gull
Macro-Average,Duration,3,Precision,0.466137380368367,Maekawa_Gull
Macro-Average,Duration,3,Recall,0.450445651607947,Maekawa_Gull
Macro-Average,Duration,3,F1,0.457975592278988,Maekawa_Gull
Macro-Average,Duration,3,Accuracy,0.576314916758696,Maekawa_Gull
flying,HMM,1,Precision,0.245463983784051,Maekawa_Gull
flying,HMM,1,Recall,0.878217033695941,Maekawa_Gull
flying,HMM,1,F1,0.383686559378683,Maekawa_Gull
flying,HMM,1,Accuracy,0.645467343206797,Maekawa_Gull
foraging,HMM,1,Precision,0.263157894736842,Maekawa_Gull
foraging,HMM,1,Recall,0.00293255131964809,Maekawa_Gull
foraging,HMM,1,F1,0.00580046403712297,Maekawa_Gull
foraging,HMM,1,Accuracy,0.501352596851178,Maekawa_Gull
stationary,HMM,1,Precision,0.910254724012451,Maekawa_Gull
stationary,HMM,1,Recall,0.413009747364233,Maekawa_Gull
stationary,HMM,1,F1,0.568207008853433,Maekawa_Gull
stationary,HMM,1,Accuracy,0.627846711985221,Maekawa_Gull
Macro-Average,HMM,1,Precision,0.472958867511115,Maekawa_Gull
Macro-Average,HMM,1,Recall,0.431386444126607,Maekawa_Gull
Macro-Average,HMM,1,F1,0.319231344089746,Maekawa_Gull
Macro-Average,HMM,1,Accuracy,0.591555550681065,Maekawa_Gull
flying,HMM,2,Precision,0.615744870651204,Maekawa_Gull
flying,HMM,2,Recall,0.880701754385965,Maekawa_Gull
flying,HMM,2,F1,0.724767029793936,Maekawa_Gull
flying,HMM,2,Accuracy,0.927848156055184,Maekawa_Gull
foraging,HMM,2,Precision,0.191176470588235,Maekawa_Gull
foraging,HMM,2,Recall,0.0404040404040404,Maekawa_Gull
foraging,HMM,2,F1,0.0667094291212316,Maekawa_Gull
foraging,HMM,2,Accuracy,0.51864731580786,Maekawa_Gull
stationary,HMM,2,Precision,0.985137625587064,Maekawa_Gull
stationary,HMM,2,Recall,0.98695652173913,Maekawa_Gull
stationary,HMM,2,F1,0.986046234863586,Maekawa_Gull
stationary,HMM,2,Accuracy,0.891019244476123,Maekawa_Gull
unknown,HMM,2,Precision,0,Maekawa_Gull
unknown,HMM,2,Recall,0,Maekawa_Gull
unknown,HMM,2,F1,0,Maekawa_Gull
unknown,HMM,2,Accuracy,0.5,Maekawa_Gull
Macro-Average,HMM,2,Precision,0.448014741706626,Maekawa_Gull
Macro-Average,HMM,2,Recall,0.477015579132284,Maekawa_Gull
Macro-Average,HMM,2,F1,0.444380673444689,Maekawa_Gull
Macro-Average,HMM,2,Accuracy,0.709378679084792,Maekawa_Gull
flying,HMM,3,Precision,0.937441204139229,Maekawa_Gull
flying,HMM,3,Recall,0.788370253164557,Maekawa_Gull
flying,HMM,3,F1,0.856467554791577,Maekawa_Gull
flying,HMM,3,Accuracy,0.890700714740518,Maekawa_Gull
foraging,HMM,3,Precision,0.153846153846154,Maekawa_Gull
foraging,HMM,3,Recall,0.032258064516129,Maekawa_Gull
foraging,HMM,3,F1,0.0533333333333333,Maekawa_Gull
foraging,HMM,3,Accuracy,0.515873823683057,Maekawa_Gull
stationary,HMM,3,Precision,0.972322070452912,Maekawa_Gull
stationary,HMM,3,Recall,0.995374020922042,Maekawa_Gull
stationary,HMM,3,F1,0.983713016598696,Maekawa_Gull
stationary,HMM,3,Accuracy,0.893632956406967,Maekawa_Gull
Macro-Average,HMM,3,Precision,0.687869809479431,Maekawa_Gull
Macro-Average,HMM,3,Recall,0.605334112867576,Maekawa_Gull
Macro-Average,HMM,3,F1,0.631171301574535,Maekawa_Gull
Macro-Average,HMM,3,Accuracy,0.76673583161018,Maekawa_Gull
flying,Mode,1,Precision,0.843391646438436,Maekawa_Gull
flying,Mode,1,Recall,0.891129388874149,Maekawa_Gull
flying,Mode,1,F1,0.866603595080416,Maekawa_Gull
flying,Mode,1,Accuracy,0.927565656438036,Maekawa_Gull
foraging,Mode,1,Precision,0,Maekawa_Gull
foraging,Mode,1,Recall,0,Maekawa_Gull
foraging,Mode,1,F1,0,Maekawa_Gull
foraging,Mode,1,Accuracy,0.499902561021161,Maekawa_Gull
stationary,Mode,1,Precision,0.964285018412797,Maekawa_Gull
stationary,Mode,1,Recall,0.984483787547245,Maekawa_Gull
stationary,Mode,1,F1,0.974279723996732,Maekawa_Gull
stationary,Mode,1,Accuracy,0.921806910681092,Maekawa_Gull
Macro-Average,Mode,1,Precision,0.602558888283745,Maekawa_Gull
Macro-Average,Mode,1,Recall,0.625204392140465,Maekawa_Gull
Macro-Average,Mode,1,F1,0.613627773025716,Maekawa_Gull
Macro-Average,Mode,1,Accuracy,0.783091709380097,Maekawa_Gull
flying,Mode,2,Precision,0.583069453240448,Maekawa_Gull
flying,Mode,2,Recall,0.881020733652313,Maekawa_Gull
flying,Mode,2,F1,0.701727642276423,Maekawa_Gull
flying,Mode,2,Accuracy,0.926179041087821,Maekawa_Gull
foraging,Mode,2,Precision,0.221967963386728,Maekawa_Gull
foraging,Mode,2,Recall,0.0753690753690754,Maekawa_Gull
foraging,Mode,2,F1,0.112529002320186,Maekawa_Gull
foraging,Mode,2,Accuracy,0.535281812711745,Maekawa_Gull
stationary,Mode,2,Precision,0.986884216193581,Maekawa_Gull
stationary,Mode,2,Recall,0.982564026206075,Maekawa_Gull
stationary,Mode,2,F1,0.984719382806321,Maekawa_Gull
stationary,Mode,2,Accuracy,0.901425455725988,Maekawa_Gull
unknown,Mode,2,Precision,0,Maekawa_Gull
unknown,Mode,2,Recall,0,Maekawa_Gull
unknown,Mode,2,F1,0,Maekawa_Gull
unknown,Mode,2,Accuracy,0.5,Maekawa_Gull
Macro-Average,Mode,2,Precision,0.447980408205189,Maekawa_Gull
Macro-Average,Mode,2,Recall,0.484738458806866,Maekawa_Gull
Macro-Average,Mode,2,F1,0.449744006850732,Maekawa_Gull
Macro-Average,Mode,2,Accuracy,0.715721577381389,Maekawa_Gull
flying,Mode,3,Precision,0.935064935064935,Maekawa_Gull
flying,Mode,3,Recall,0.79746835443038,Maekawa_Gull
flying,Mode,3,F1,0.860802732707088,Maekawa_Gull
flying,Mode,3,Accuracy,0.895066375276495,Maekawa_Gull
foraging,Mode,3,Precision,0.0384615384615385,Maekawa_Gull
foraging,Mode,3,Recall,0.0161290322580645,Maekawa_Gull
foraging,Mode,3,F1,0.0227272727272727,Maekawa_Gull
foraging,Mode,3,Accuracy,0.507484496640377,Maekawa_Gull
stationary,Mode,3,Precision,0.974311454311454,Maekawa_Gull
stationary,Mode,3,Recall,0.994900909425432,Maekawa_Gull
stationary,Mode,3,F1,0.984498543487308,Maekawa_Gull
stationary,Mode,3,Accuracy,0.90111840838067,Maekawa_Gull
unknown,Mode,3,Precision,0,Maekawa_Gull
unknown,Mode,3,Recall,0,Maekawa_Gull
unknown,Mode,3,F1,0,Maekawa_Gull
unknown,Mode,3,Accuracy,0,Maekawa_Gull
Macro-Average,Mode,3,Precision,0.486959481959482,Maekawa_Gull
Macro-Average,Mode,3,Recall,0.452124574028469,Maekawa_Gull
Macro-Average,Mode,3,F1,0.467007137230417,Maekawa_Gull
Macro-Average,Mode,3,Accuracy,0.575917320074385,Maekawa_Gull
flying,No,1,Precision,0.8232744520772,Maekawa_Gull
flying,No,1,Recall,0.890333421774122,Maekawa_Gull
flying,No,1,F1,0.855491820692586,Maekawa_Gull
flying,No,1,Accuracy,0.92437787009822,Maekawa_Gull
foraging,No,1,Precision,0.128205128205128,Maekawa_Gull
foraging,No,1,Recall,0.00293255131964809,Maekawa_Gull
foraging,No,1,F1,0.00573394495412844,Maekawa_Gull
foraging,No,1,Accuracy,0.501190198553112,Maekawa_Gull
stationary,No,1,Precision,0.963653125674271,Maekawa_Gull
stationary,No,1,Recall,0.977282673562761,Maekawa_Gull
stationary,No,1,F1,0.970420045234121,Maekawa_Gull
stationary,No,1,Accuracy,0.917437832323957,Maekawa_Gull
unknown,No,1,Precision,0,Maekawa_Gull
unknown,No,1,Recall,0,Maekawa_Gull
unknown,No,1,F1,0,Maekawa_Gull
unknown,No,1,Accuracy,0,Maekawa_Gull
Macro-Average,No,1,Precision,0.47878317648915,Maekawa_Gull
Macro-Average,No,1,Recall,0.467637161664133,Maekawa_Gull
Macro-Average,No,1,F1,0.457911452720209,Maekawa_Gull
Macro-Average,No,1,Accuracy,0.585751475243822,Maekawa_Gull
flying,No,2,Precision,0.576514000434122,Maekawa_Gull
flying,No,2,Recall,0.847208931419458,Maekawa_Gull
flying,No,2,F1,0.686127615603203,Maekawa_Gull
flying,No,2,Accuracy,0.909447292790492,Maekawa_Gull
foraging,No,2,Precision,0.209469153515065,Maekawa_Gull
foraging,No,2,Recall,0.113442113442113,Maekawa_Gull
foraging,No,2,F1,0.147177419354839,Maekawa_Gull
foraging,No,2,Accuracy,0.552827228897502,Maekawa_Gull
stationary,No,2,Precision,0.986319228002877,Maekawa_Gull
stationary,No,2,Recall,0.980092316855271,Maekawa_Gull
stationary,No,2,F1,0.983195913246101,Maekawa_Gull
stationary,No,2,Accuracy,0.896501076460423,Maekawa_Gull
unknown,No,2,Precision,0,Maekawa_Gull
unknown,No,2,Recall,0,Maekawa_Gull
unknown,No,2,F1,0,Maekawa_Gull
unknown,No,2,Accuracy,0.5,Maekawa_Gull
Macro-Average,No,2,Precision,0.443075595488016,Maekawa_Gull
Macro-Average,No,2,Recall,0.485185840429211,Maekawa_Gull
Macro-Average,No,2,F1,0.454125237051036,Maekawa_Gull
Macro-Average,No,2,Accuracy,0.714693899537104,Maekawa_Gull
flying,No,3,Precision,0.93647828117702,Maekawa_Gull
flying,No,3,Recall,0.793117088607595,Maekawa_Gull
flying,No,3,F1,0.858856286142643,Maekawa_Gull
flying,No,3,Accuracy,0.892995536706208,Maekawa_Gull
foraging,No,3,Precision,0.0694444444444445,Maekawa_Gull
foraging,No,3,Recall,0.0806451612903226,Maekawa_Gull
foraging,No,3,F1,0.0746268656716418,Maekawa_Gull
foraging,No,3,Accuracy,0.538768128415566,Maekawa_Gull
stationary,No,3,Precision,0.975458537845518,Maekawa_Gull
stationary,No,3,Recall,0.992482783998318,Maekawa_Gull
stationary,No,3,F1,0.98389702433686,Maekawa_Gull
stationary,No,3,Accuracy,0.904542550300317,Maekawa_Gull
unknown,No,3,Precision,0,Maekawa_Gull
unknown,No,3,Recall,0,Maekawa_Gull
unknown,No,3,F1,0,Maekawa_Gull
unknown,No,3,Accuracy,0,Maekawa_Gull
Macro-Average,No,3,Precision,0.495345315866746,Maekawa_Gull
Macro-Average,No,3,Recall,0.466561258474059,Maekawa_Gull
Macro-Average,No,3,F1,0.479345044037786,Maekawa_Gull
Macro-Average,No,3,Accuracy,0.584076553855523,Maekawa_Gull
flying,Transition,1,Precision,0.837027812370278,Maekawa_Gull
flying,Transition,1,Recall,0.8916600336075,Maekawa_Gull
flying,Transition,1,F1,0.863480644056184,Maekawa_Gull
flying,Transition,1,Accuracy,0.926945937919671,Maekawa_Gull
foraging,Transition,1,Precision,0.0526315789473684,Maekawa_Gull
foraging,Transition,1,Recall,0.000586510263929619,Maekawa_Gull
foraging,Transition,1,F1,0.00116009280742459,Maekawa_Gull
foraging,Transition,1,Accuracy,0.500147096663706,Maekawa_Gull
stationary,Transition,1,Precision,0.964366604186192,Maekawa_Gull
stationary,Transition,1,Recall,0.982514422120549,Maekawa_Gull
stationary,Transition,1,F1,0.973355930867312,Maekawa_Gull
stationary,Transition,1,Accuracy,0.921129636513702,Maekawa_Gull
unknown,Transition,1,Precision,0,Maekawa_Gull
unknown,Transition,1,Recall,0,Maekawa_Gull
unknown,Transition,1,F1,0,Maekawa_Gull
unknown,Transition,1,Accuracy,0,Maekawa_Gull
Macro-Average,Transition,1,Precision,0.46350649887596,Maekawa_Gull
Macro-Average,Transition,1,Recall,0.468690241497995,Maekawa_Gull
Macro-Average,Transition,1,F1,0.45949916693273,Maekawa_Gull
Macro-Average,Transition,1,Accuracy,0.58705566777427,Maekawa_Gull
flying,Transition,2,Precision,0.581732821169441,Maekawa_Gull
flying,Transition,2,Recall,0.869537480063796,Maekawa_Gull
flying,Transition,2,F1,0.697097557857052,Maekawa_Gull
flying,Transition,2,Accuracy,0.920546259805499,Maekawa_Gull
foraging,Transition,2,Precision,0.236170212765957,Maekawa_Gull
foraging,Transition,2,Recall,0.0862470862470862,Maekawa_Gull
foraging,Transition,2,F1,0.126351735913489,Maekawa_Gull
foraging,Transition,2,Accuracy,0.5405865482258,Maekawa_Gull
stationary,Transition,2,Precision,0.986229890556785,Maekawa_Gull
stationary,Transition,2,Recall,0.982176891006552,Maekawa_Gull
stationary,Transition,2,F1,0.984199218167169,Maekawa_Gull
stationary,Transition,2,Accuracy,0.896723691404915,Maekawa_Gull
unknown,Transition,2,Precision,0,Maekawa_Gull
unknown,Transition,2,Recall,0,Maekawa_Gull
unknown,Transition,2,F1,0,Maekawa_Gull
unknown,Transition,2,Accuracy,0.5,Maekawa_Gull
Macro-Average,Transition,2,Precision,0.451033231123046,Maekawa_Gull
Macro-Average,Transition,2,Recall,0.484490364329358,Maekawa_Gull
Macro-Average,Transition,2,F1,0.451912127984427,Maekawa_Gull
Macro-Average,Transition,2,Accuracy,0.714464124859054,Maekawa_Gull
flying,Transition,3,Precision,0.936426914153132,Maekawa_Gull
flying,Transition,3,Recall,0.798259493670886,Maekawa_Gull
flying,Transition,3,F1,0.861840700405723,Maekawa_Gull
flying,Transition,3,Accuracy,0.895540540652577,Maekawa_Gull
foraging,Transition,3,Precision,0.0810810810810811,Maekawa_Gull
foraging,Transition,3,Recall,0.0483870967741936,Maekawa_Gull
foraging,Transition,3,F1,0.0606060606060606,Maekawa_Gull
foraging,Transition,3,Accuracy,0.523404721882526,Maekawa_Gull
stationary,Transition,3,Precision,0.974644403215832,Maekawa_Gull
stationary,Transition,3,Recall,0.994164958208484,Maekawa_Gull
stationary,Transition,3,F1,0.984307908501835,Maekawa_Gull
stationary,Transition,3,Accuracy,0.902101784123547,Maekawa_Gull
unknown,Transition,3,Precision,0,Maekawa_Gull
unknown,Transition,3,Recall,0,Maekawa_Gull
unknown,Transition,3,F1,0,Maekawa_Gull
unknown,Transition,3,Accuracy,0,Maekawa_Gull
Macro-Average,Transition,3,Precision,0.498038099612511,Maekawa_Gull
Macro-Average,Transition,3,Recall,0.460202887163391,Maekawa_Gull
Macro-Average,Transition,3,F1,0.476688667378405,Maekawa_Gull
Macro-Average,Transition,3,Accuracy,0.580261761664663,Maekawa_Gull
drinking,Bayesian,1,Precision,0.0984936268829664,Mauny_Goat
drinking,Bayesian,1,Recall,0.111842105263158,Mauny_Goat
drinking,Bayesian,1,F1,0.104744300677757,Mauny_Goat
drinking,Bayesian,1,Accuracy,0.501659649367525,Mauny_Goat
feeder,Bayesian,1,Precision,0.509076763485477,Mauny_Goat
feeder,Bayesian,1,Recall,0.674107142857143,Mauny_Goat
feeder,Bayesian,1,F1,0.580082742316785,Mauny_Goat
feeder,Bayesian,1,Accuracy,0.648395010535608,Mauny_Goat
ruminating,Bayesian,1,Precision,0.66213768115942,Mauny_Goat
ruminating,Bayesian,1,Recall,0.253995830437804,Mauny_Goat
ruminating,Bayesian,1,F1,0.367152184831743,Mauny_Goat
ruminating,Bayesian,1,Accuracy,0.59007453371029,Mauny_Goat
salt,Bayesian,1,Precision,0.132478632478632,Mauny_Goat
salt,Bayesian,1,Recall,0.202614379084967,Mauny_Goat
salt,Bayesian,1,F1,0.160206718346253,Mauny_Goat
salt,Bayesian,1,Accuracy,0.461884112619407,Mauny_Goat
other,Bayesian,1,Precision,0,Mauny_Goat
other,Bayesian,1,Recall,0,Mauny_Goat
other,Bayesian,1,F1,0,Mauny_Goat
other,Bayesian,1,Accuracy,0.5,Mauny_Goat
Macro-Average,Bayesian,1,Precision,0.280437340801299,Mauny_Goat
Macro-Average,Bayesian,1,Recall,0.248511891528614,Mauny_Goat
Macro-Average,Bayesian,1,F1,0.242437189234508,Mauny_Goat
Macro-Average,Bayesian,1,Accuracy,0.540402661246566,Mauny_Goat
drinking,Bayesian,2,Precision,0.145228215767635,Mauny_Goat
drinking,Bayesian,2,Recall,0.0258684405025868,Mauny_Goat
drinking,Bayesian,2,F1,0.0439146800501882,Mauny_Goat
drinking,Bayesian,2,Accuracy,0.499121695107134,Mauny_Goat
feeder,Bayesian,2,Precision,0.451895682664913,Mauny_Goat
feeder,Bayesian,2,Recall,0.702316076294278,Mauny_Goat
feeder,Bayesian,2,F1,0.549939991998933,Mauny_Goat
feeder,Bayesian,2,Accuracy,0.638270738181187,Mauny_Goat
ruminating,Bayesian,2,Precision,0.526622619510299,Mauny_Goat
ruminating,Bayesian,2,Recall,0.490942028985507,Mauny_Goat
ruminating,Bayesian,2,F1,0.508156759797488,Mauny_Goat
ruminating,Bayesian,2,Accuracy,0.64480985746796,Mauny_Goat
salt,Bayesian,2,Precision,0.234473133286811,Mauny_Goat
salt,Bayesian,2,Recall,0.194107452339688,Mauny_Goat
salt,Bayesian,2,F1,0.212389380530973,Mauny_Goat
salt,Bayesian,2,Accuracy,0.519571030873898,Mauny_Goat
other,Bayesian,2,Precision,0,Mauny_Goat
other,Bayesian,2,Recall,0,Mauny_Goat
other,Bayesian,2,F1,0,Mauny_Goat
other,Bayesian,2,Accuracy,0.5,Mauny_Goat
Macro-Average,Bayesian,2,Precision,0.271643930245932,Mauny_Goat
Macro-Average,Bayesian,2,Recall,0.282646799624412,Mauny_Goat
Macro-Average,Bayesian,2,F1,0.262880162475516,Mauny_Goat
Macro-Average,Bayesian,2,Accuracy,0.560354664326036,Mauny_Goat
drinking,Bayesian,3,Precision,0.301587301587302,Mauny_Goat
drinking,Bayesian,3,Recall,0.0221703617269545,Mauny_Goat
drinking,Bayesian,3,F1,0.041304347826087,Mauny_Goat
drinking,Bayesian,3,Accuracy,0.506828214919205,Mauny_Goat
feeder,Bayesian,3,Precision,0.360475754803294,Mauny_Goat
feeder,Bayesian,3,Recall,0.849595687331536,Mauny_Goat
feeder,Bayesian,3,F1,0.506182752529308,Mauny_Goat
feeder,Bayesian,3,Accuracy,0.589546045104617,Mauny_Goat
ruminating,Bayesian,3,Precision,0.625698324022346,Mauny_Goat
ruminating,Bayesian,3,Recall,0.406217616580311,Mauny_Goat
ruminating,Bayesian,3,F1,0.492617027961043,Mauny_Goat
ruminating,Bayesian,3,Accuracy,0.645843851025198,Mauny_Goat
salt,Bayesian,3,Precision,0.0830860534124629,Mauny_Goat
salt,Bayesian,3,Recall,0.0202751629254164,Mauny_Goat
salt,Bayesian,3,F1,0.0325960419091967,Mauny_Goat
salt,Bayesian,3,Accuracy,0.476868847612579,Mauny_Goat
other,Bayesian,3,Precision,0,Mauny_Goat
other,Bayesian,3,Recall,0,Mauny_Goat
other,Bayesian,3,F1,0,Mauny_Goat
other,Bayesian,3,Accuracy,0.5,Mauny_Goat
Macro-Average,Bayesian,3,Precision,0.274169486765081,Mauny_Goat
Macro-Average,Bayesian,3,Recall,0.259651765712844,Mauny_Goat
Macro-Average,Bayesian,3,F1,0.214540034045127,Mauny_Goat
Macro-Average,Bayesian,3,Accuracy,0.54381739173232,Mauny_Goat
drinking,Duration,1,Precision,0.0508624502432552,Mauny_Goat
drinking,Duration,1,Recall,0.151315789473684,Mauny_Goat
drinking,Duration,1,F1,0.0761337305527971,Mauny_Goat
drinking,Duration,1,Accuracy,0.425985694987923,Mauny_Goat
feeder,Duration,1,Precision,0.377801494130203,Mauny_Goat
feeder,Duration,1,Recall,0.243131868131868,Mauny_Goat
feeder,Duration,1,F1,0.295862933556206,Mauny_Goat
feeder,Duration,1,Accuracy,0.505361030737252,Mauny_Goat
ruminating,Duration,1,Precision,0.454970760233918,Mauny_Goat
ruminating,Duration,1,Recall,0.270326615705351,Mauny_Goat
ruminating,Duration,1,F1,0.339145597210113,Mauny_Goat
ruminating,Duration,1,Accuracy,0.542904349230621,Mauny_Goat
salt,Duration,1,Precision,0.147312859884837,Mauny_Goat
salt,Duration,1,Recall,0.222948438634713,Mauny_Goat
salt,Duration,1,F1,0.177405374169315,Mauny_Goat
salt,Duration,1,Accuracy,0.475866771209909,Mauny_Goat
other,Duration,1,Precision,0,Mauny_Goat
other,Duration,1,Recall,0,Mauny_Goat
other,Duration,1,F1,0,Mauny_Goat
other,Duration,1,Accuracy,0.5,Mauny_Goat
Macro-Average,Duration,1,Precision,0.206189512898443,Mauny_Goat
Macro-Average,Duration,1,Recall,0.177544542389123,Mauny_Goat
Macro-Average,Duration,1,F1,0.177709527097686,Mauny_Goat
Macro-Average,Duration,1,Accuracy,0.490023569233141,Mauny_Goat
drinking,Duration,2,Precision,0.0447154471544715,Mauny_Goat
drinking,Duration,2,Recall,0.040650406504065,Mauny_Goat
drinking,Duration,2,F1,0.0425861401471158,Mauny_Goat
drinking,Duration,2,Accuracy,0.441540169055975,Mauny_Goat
feeder,Duration,2,Precision,0.345839017735334,Mauny_Goat
feeder,Duration,2,Recall,0.345367847411444,Mauny_Goat
feeder,Duration,2,F1,0.34560327198364,Mauny_Goat
feeder,Duration,2,Accuracy,0.509422091904565,Mauny_Goat
ruminating,Duration,2,Precision,0.406332453825858,Mauny_Goat
ruminating,Duration,2,Recall,0.334782608695652,Mauny_Goat
ruminating,Duration,2,F1,0.367103694874851,Mauny_Goat
ruminating,Duration,2,Accuracy,0.555821056413942,Mauny_Goat
salt,Duration,2,Precision,0.127211457455771,Mauny_Goat
salt,Duration,2,Recall,0.174465626805315,Mauny_Goat
salt,Duration,2,F1,0.147137637028015,Mauny_Goat
salt,Duration,2,Accuracy,0.440884459115329,Mauny_Goat
other,Duration,2,Precision,0,Mauny_Goat
other,Duration,2,Recall,0,Mauny_Goat
other,Duration,2,F1,0,Mauny_Goat
other,Duration,2,Accuracy,0.5,Mauny_Goat
Macro-Average,Duration,2,Precision,0.184819675234287,Mauny_Goat
Macro-Average,Duration,2,Recall,0.179053297883295,Mauny_Goat
Macro-Average,Duration,2,F1,0.180486148806724,Mauny_Goat
Macro-Average,Duration,2,Accuracy,0.489533555297962,Mauny_Goat
drinking,Duration,3,Precision,0.0890052356020942,Mauny_Goat
drinking,Duration,3,Recall,0.0396732788798133,Mauny_Goat
drinking,Duration,3,F1,0.0548829701372074,Mauny_Goat
drinking,Duration,3,Accuracy,0.486167908789752,Mauny_Goat
feeder,Duration,3,Precision,0.299423018524142,Mauny_Goat
feeder,Duration,3,Recall,0.531536388140162,Mauny_Goat
feeder,Duration,3,F1,0.383061383061383,Mauny_Goat
feeder,Duration,3,Accuracy,0.48914948903411,Mauny_Goat
ruminating,Duration,3,Precision,0.244235695986336,Mauny_Goat
ruminating,Duration,3,Recall,0.148186528497409,Mauny_Goat
ruminating,Duration,3,F1,0.18445662689455,Mauny_Goat
ruminating,Duration,3,Accuracy,0.466034656190097,Mauny_Goat
salt,Duration,3,Precision,0.178965224766751,Mauny_Goat
salt,Duration,3,Recall,0.152787834902245,Mauny_Goat
salt,Duration,3,F1,0.16484375,Mauny_Goat
salt,Duration,3,Accuracy,0.472173417881786,Mauny_Goat
other,Duration,3,Precision,0,Mauny_Goat
other,Duration,3,Recall,0,Mauny_Goat
other,Duration,3,F1,0,Mauny_Goat
other,Duration,3,Accuracy,0.5,Mauny_Goat
Macro-Average,Duration,3,Precision,0.162325834975865,Mauny_Goat
Macro-Average,Duration,3,Recall,0.174436806083926,Mauny_Goat
Macro-Average,Duration,3,F1,0.157448946018628,Mauny_Goat
Macro-Average,Duration,3,Accuracy,0.482705094379149,Mauny_Goat
drinking,HMM,1,Precision,0.140483383685801,Mauny_Goat
drinking,HMM,1,Recall,0.122368421052632,Mauny_Goat
drinking,HMM,1,F1,0.130801687763713,Mauny_Goat
drinking,HMM,1,Accuracy,0.521499456725228,Mauny_Goat
feeder,HMM,1,Precision,0.509962304792676,Mauny_Goat
feeder,HMM,1,Recall,0.650412087912088,Mauny_Goat
feeder,HMM,1,F1,0.571687292484153,Mauny_Goat
feeder,HMM,1,Accuracy,0.643822747165133,Mauny_Goat
ruminating,HMM,1,Precision,0.636771300448431,Mauny_Goat
ruminating,HMM,1,Recall,0.345378735232801,Mauny_Goat
ruminating,HMM,1,F1,0.447848614552827,Mauny_Goat
ruminating,HMM,1,Accuracy,0.616561868111352,Mauny_Goat
salt,HMM,1,Precision,0.159638554216867,Mauny_Goat
salt,HMM,1,Recall,0.230936819172113,Mauny_Goat
salt,HMM,1,F1,0.188780053428317,Mauny_Goat
salt,HMM,1,Accuracy,0.487721156838804,Mauny_Goat
other,HMM,1,Precision,0,Mauny_Goat
other,HMM,1,Recall,0,Mauny_Goat
other,HMM,1,F1,0,Mauny_Goat
other,HMM,1,Accuracy,0.5,Mauny_Goat
Macro-Average,HMM,1,Precision,0.289371108628755,Mauny_Goat
Macro-Average,HMM,1,Recall,0.269819212673927,Mauny_Goat
Macro-Average,HMM,1,F1,0.267823529645802,Mauny_Goat
Macro-Average,HMM,1,Accuracy,0.553921045768103,Mauny_Goat
drinking,HMM,2,Precision,0.192857142857143,Mauny_Goat
drinking,HMM,2,Recall,0.0798226164079823,Mauny_Goat
drinking,HMM,2,F1,0.112911657083116,Mauny_Goat
drinking,HMM,2,Accuracy,0.509604214198359,Mauny_Goat
feeder,HMM,2,Precision,0.420365535248042,Mauny_Goat
feeder,HMM,2,Recall,0.603201634877384,Mauny_Goat
feeder,HMM,2,F1,0.495453909637712,Mauny_Goat
feeder,HMM,2,Accuracy,0.593735648899366,Mauny_Goat
ruminating,HMM,2,Precision,0.462555066079295,Mauny_Goat
ruminating,HMM,2,Recall,0.532608695652174,Mauny_Goat
ruminating,HMM,2,F1,0.49511620074099,Mauny_Goat
ruminating,HMM,2,Accuracy,0.625147323032699,Mauny_Goat
salt,HMM,2,Precision,0.220023282887078,Mauny_Goat
salt,HMM,2,Recall,0.109185441941075,Mauny_Goat
salt,HMM,2,F1,0.145945945945946,Mauny_Goat
salt,HMM,2,Accuracy,0.507269652740561,Mauny_Goat
other,HMM,2,Precision,0,Mauny_Goat
other,HMM,2,Recall,0,Mauny_Goat
other,HMM,2,F1,0,Mauny_Goat
other,HMM,2,Accuracy,0.5,Mauny_Goat
Macro-Average,HMM,2,Precision,0.259160205414312,Mauny_Goat
Macro-Average,HMM,2,Recall,0.264963677775723,Mauny_Goat
Macro-Average,HMM,2,F1,0.249885542681553,Mauny_Goat
Macro-Average,HMM,2,Accuracy,0.547151367774197,Mauny_Goat
drinking,HMM,3,Precision,0.360655737704918,Mauny_Goat
drinking,HMM,3,Recall,0.0256709451575263,Mauny_Goat
drinking,HMM,3,F1,0.0479302832244009,Mauny_Goat
drinking,HMM,3,Accuracy,0.509062252764522,Mauny_Goat
feeder,HMM,3,Precision,0.363782419095708,Mauny_Goat
feeder,HMM,3,Recall,0.8544474393531,Mauny_Goat
feeder,HMM,3,F1,0.510302640051513,Mauny_Goat
feeder,HMM,3,Accuracy,0.594849618957125,Mauny_Goat
ruminating,HMM,3,Precision,0.577794561933535,Mauny_Goat
ruminating,HMM,3,Recall,0.396373056994819,Mauny_Goat
ruminating,HMM,3,F1,0.470190534726491,Mauny_Goat
ruminating,HMM,3,Accuracy,0.629932560243441,Mauny_Goat
salt,HMM,3,Precision,0.169611307420495,Mauny_Goat
salt,HMM,3,Recall,0.0347574221578566,Mauny_Goat
salt,HMM,3,F1,0.0576923076923077,Mauny_Goat
salt,HMM,3,Accuracy,0.492077246823976,Mauny_Goat
other,HMM,3,Precision,0,Mauny_Goat
other,HMM,3,Recall,0,Mauny_Goat
other,HMM,3,F1,0,Mauny_Goat
other,HMM,3,Accuracy,0.5,Mauny_Goat
Macro-Average,HMM,3,Precision,0.294368805230931,Mauny_Goat
Macro-Average,HMM,3,Recall,0.26224977273266,Mauny_Goat
Macro-Average,HMM,3,F1,0.217223153138943,Mauny_Goat
Macro-Average,HMM,3,Accuracy,0.545184335757813,Mauny_Goat
drinking,Mode,1,Precision,0.0787760416666667,Mauny_Goat
drinking,Mode,1,Recall,0.159210526315789,Mauny_Goat
drinking,Mode,1,F1,0.105400696864111,Mauny_Goat
drinking,Mode,1,Accuracy,0.480916464162219,Mauny_Goat
feeder,Mode,1,Precision,0.484730538922156,Mauny_Goat
feeder,Mode,1,Recall,0.555975274725275,Mauny_Goat
feeder,Mode,1,F1,0.517914267434421,Mauny_Goat
feeder,Mode,1,Accuracy,0.606470794627935,Mauny_Goat
ruminating,Mode,1,Precision,0.602158828064765,Mauny_Goat
ruminating,Mode,1,Recall,0.271369006254343,Mauny_Goat
ruminating,Mode,1,F1,0.374131736526946,Mauny_Goat
ruminating,Mode,1,Accuracy,0.584605508868609,Mauny_Goat
salt,Mode,1,Precision,0.152050113895216,Mauny_Goat
salt,Mode,1,Recall,0.193899782135076,Mauny_Goat
salt,Mode,1,F1,0.170443664219598,Mauny_Goat
salt,Mode,1,Accuracy,0.483320464938112,Mauny_Goat
other,Mode,1,Precision,0,Mauny_Goat
other,Mode,1,Recall,0,Mauny_Goat
other,Mode,1,F1,0,Mauny_Goat
other,Mode,1,Accuracy,0.5,Mauny_Goat
Macro-Average,Mode,1,Precision,0.263543104509761,Mauny_Goat
Macro-Average,Mode,1,Recall,0.236090917886097,Mauny_Goat
Macro-Average,Mode,1,F1,0.233578073009015,Mauny_Goat
Macro-Average,Mode,1,Accuracy,0.531062646519375,Mauny_Goat
drinking,Mode,2,Precision,0.192270531400966,Mauny_Goat
drinking,Mode,2,Recall,0.147080561714708,Mauny_Goat
drinking,Mode,2,F1,0.166666666666667,Mauny_Goat
drinking,Mode,2,Accuracy,0.517485567165521,Mauny_Goat
feeder,Mode,2,Precision,0.420187199595244,Mauny_Goat
feeder,Mode,2,Recall,0.565735694822888,Mauny_Goat
feeder,Mode,2,F1,0.482218028741472,Mauny_Goat
feeder,Mode,2,Accuracy,0.587770809617777,Mauny_Goat
ruminating,Mode,2,Precision,0.46121513183034,Mauny_Goat
ruminating,Mode,2,Recall,0.43731884057971,Mauny_Goat
ruminating,Mode,2,F1,0.44894922819416,Mauny_Goat
ruminating,Mode,2,Accuracy,0.60213049467002,Mauny_Goat
salt,Mode,2,Precision,0.211618257261411,Mauny_Goat
salt,Mode,2,Recall,0.147313691507799,Mauny_Goat
salt,Mode,2,F1,0.173705722070845,Mauny_Goat
salt,Mode,2,Accuracy,0.506556972890501,Mauny_Goat
other,Mode,2,Precision,0,Mauny_Goat
other,Mode,2,Recall,0,Mauny_Goat
other,Mode,2,F1,0,Mauny_Goat
other,Mode,2,Accuracy,0.5,Mauny_Goat
Macro-Average,Mode,2,Precision,0.257058224017592,Mauny_Goat
Macro-Average,Mode,2,Recall,0.259489757725021,Mauny_Goat
Macro-Average,Mode,2,F1,0.254307929134629,Mauny_Goat
Macro-Average,Mode,2,Accuracy,0.542788768868764,Mauny_Goat
drinking,Mode,3,Precision,0.206185567010309,Mauny_Goat
drinking,Mode,3,Recall,0.0700116686114352,Mauny_Goat
drinking,Mode,3,F1,0.104529616724739,Mauny_Goat
drinking,Mode,3,Accuracy,0.512656763098287,Mauny_Goat
feeder,Mode,3,Precision,0.341323106423778,Mauny_Goat
feeder,Mode,3,Recall,0.767654986522911,Mauny_Goat
feeder,Mode,3,F1,0.472540235606438,Mauny_Goat
feeder,Mode,3,Accuracy,0.554331090383758,Mauny_Goat
ruminating,Mode,3,Precision,0.583333333333333,Mauny_Goat
ruminating,Mode,3,Recall,0.366321243523316,Mauny_Goat
ruminating,Mode,3,F1,0.450031826861871,Mauny_Goat
ruminating,Mode,3,Accuracy,0.621500060101096,Mauny_Goat
salt,Mode,3,Precision,0.148571428571429,Mauny_Goat
salt,Mode,3,Recall,0.0376538740043447,Mauny_Goat
salt,Mode,3,F1,0.0600808781051415,Mauny_Goat
salt,Mode,3,Accuracy,0.486742527010786,Mauny_Goat
other,Mode,3,Precision,0,Mauny_Goat
other,Mode,3,Recall,0,Mauny_Goat
other,Mode,3,F1,0,Mauny_Goat
other,Mode,3,Accuracy,0.5,Mauny_Goat
Macro-Average,Mode,3,Precision,0.25588268706777,Mauny_Goat
Macro-Average,Mode,3,Recall,0.248328354532401,Mauny_Goat
Macro-Average,Mode,3,F1,0.217436511459638,Mauny_Goat
Macro-Average,Mode,3,Accuracy,0.535046088118785,Mauny_Goat
drinking,No,1,Precision,0.0863945578231293,Mauny_Goat
drinking,No,1,Recall,0.167105263157895,Mauny_Goat
drinking,No,1,F1,0.11390134529148,Mauny_Goat
drinking,No,1,Accuracy,0.489885453450896,Mauny_Goat
feeder,No,1,Precision,0.479245283018868,Mauny_Goat
feeder,No,1,Recall,0.479739010989011,Mauny_Goat
feeder,No,1,F1,0.479492019907328,Mauny_Goat
feeder,No,1,Accuracy,0.588583876632636,Mauny_Goat
ruminating,No,1,Precision,0.538210320052253,Mauny_Goat
ruminating,No,1,Recall,0.286309937456567,Mauny_Goat
ruminating,No,1,F1,0.373780902699025,Mauny_Goat
ruminating,No,1,Accuracy,0.573168827370137,Mauny_Goat
salt,No,1,Precision,0.164431197218082,Mauny_Goat
salt,No,1,Recall,0.240377632534495,Mauny_Goat
salt,No,1,F1,0.195280235988201,Mauny_Goat
salt,No,1,Accuracy,0.491831062909494,Mauny_Goat
other,No,1,Precision,0,Mauny_Goat
other,No,1,Recall,0,Mauny_Goat
other,No,1,F1,0,Mauny_Goat
other,No,1,Accuracy,0.5,Mauny_Goat
Macro-Average,No,1,Precision,0.253656271622467,Mauny_Goat
Macro-Average,No,1,Recall,0.234706368827594,Mauny_Goat
Macro-Average,No,1,F1,0.232490900777207,Mauny_Goat
Macro-Average,No,1,Accuracy,0.528693844072633,Mauny_Goat
drinking,No,2,Precision,0.184210526315789,Mauny_Goat
drinking,No,2,Recall,0.139689578713969,Mauny_Goat
drinking,No,2,F1,0.158890290037831,Mauny_Goat
drinking,No,2,Accuracy,0.513723024572219,Mauny_Goat
feeder,No,2,Precision,0.403920403920404,Mauny_Goat
feeder,No,2,Recall,0.463215258855586,Mauny_Goat
feeder,No,2,F1,0.431540536252578,Mauny_Goat
feeder,No,2,Accuracy,0.560770040050878,Mauny_Goat
other,No,2,Precision,0,Mauny_Goat
other,No,2,Recall,0,Mauny_Goat
other,No,2,F1,0,Mauny_Goat
other,No,2,Accuracy,0.499430523917995,Mauny_Goat
ruminating,No,2,Precision,0.446776039679512,Mauny_Goat
ruminating,No,2,Recall,0.424275362318841,Mauny_Goat
ruminating,No,2,F1,0.435235086415165,Mauny_Goat
ruminating,No,2,Accuracy,0.592302970415619,Mauny_Goat
salt,No,2,Precision,0.195968645016797,Mauny_Goat
salt,No,2,Recall,0.202195262853842,Mauny_Goat
salt,No,2,F1,0.199033266988911,Mauny_Goat
salt,No,2,Accuracy,0.49967087623551,Mauny_Goat
Macro-Average,No,2,Precision,0.246175122986501,Mauny_Goat
Macro-Average,No,2,Recall,0.245875092548447,Mauny_Goat
Macro-Average,No,2,F1,0.244939835938897,Mauny_Goat
Macro-Average,No,2,Accuracy,0.533179487038444,Mauny_Goat
drinking,No,3,Precision,0.219135802469136,Mauny_Goat
drinking,No,3,Recall,0.0828471411901984,Mauny_Goat
drinking,No,3,F1,0.120237087214225,Mauny_Goat
drinking,No,3,Accuracy,0.516946016415533,Mauny_Goat
feeder,No,3,Precision,0.335090957026101,Mauny_Goat
feeder,No,3,Recall,0.685175202156334,Mauny_Goat
feeder,No,3,F1,0.450070821529745,Mauny_Goat
feeder,No,3,Accuracy,0.540189519543395,Mauny_Goat
ruminating,No,3,Precision,0.535011801730921,Mauny_Goat
ruminating,No,3,Recall,0.352331606217617,Mauny_Goat
ruminating,No,3,F1,0.42486722899094,Mauny_Goat
ruminating,No,3,Accuracy,0.604004630947636,Mauny_Goat
salt,No,3,Precision,0.216640502354788,Mauny_Goat
salt,No,3,Recall,0.0999275887038378,Mauny_Goat
salt,No,3,F1,0.136769078295342,Mauny_Goat
salt,No,3,Accuracy,0.496238557487147,Mauny_Goat
other,No,3,Precision,0,Mauny_Goat
other,No,3,Recall,0,Mauny_Goat
other,No,3,F1,0,Mauny_Goat
other,No,3,Accuracy,0.5,Mauny_Goat
Macro-Average,No,3,Precision,0.261175812716189,Mauny_Goat
Macro-Average,No,3,Recall,0.244056307653597,Mauny_Goat
Macro-Average,No,3,F1,0.226388843206051,Mauny_Goat
Macro-Average,No,3,Accuracy,0.531475744878742,Mauny_Goat
drinking,Transition,1,Precision,0.0861694424330196,Mauny_Goat
drinking,Transition,1,Recall,0.156578947368421,Mauny_Goat
drinking,Transition,1,F1,0.111163007940215,Mauny_Goat
drinking,Transition,1,Accuracy,0.490271619032237,Mauny_Goat
feeder,Transition,1,Precision,0.485901639344262,Mauny_Goat
feeder,Transition,1,Recall,0.508928571428571,Mauny_Goat
feeder,Transition,1,F1,0.497148607849715,Mauny_Goat
feeder,Transition,1,Accuracy,0.59819559924827,Mauny_Goat
ruminating,Transition,1,Precision,0.561253561253561,Mauny_Goat
ruminating,Transition,1,Recall,0.273801250868659,Mauny_Goat
ruminating,Transition,1,F1,0.368052312003737,Mauny_Goat
ruminating,Transition,1,Accuracy,0.575922601280696,Mauny_Goat
salt,Transition,1,Precision,0.160936007640879,Mauny_Goat
salt,Transition,1,Recall,0.244734931009441,Mauny_Goat
salt,Transition,1,F1,0.194180351483722,Mauny_Goat
salt,Transition,1,Accuracy,0.488286268923524,Mauny_Goat
other,Transition,1,Precision,0,Mauny_Goat
other,Transition,1,Recall,0,Mauny_Goat
other,Transition,1,F1,0,Mauny_Goat
other,Transition,1,Accuracy,0.5,Mauny_Goat
Macro-Average,Transition,1,Precision,0.258852130134344,Mauny_Goat
Macro-Average,Transition,1,Recall,0.236808740135018,Mauny_Goat
Macro-Average,Transition,1,F1,0.234108855855478,Mauny_Goat
Macro-Average,Transition,1,Accuracy,0.530535217696945,Mauny_Goat
drinking,Transition,2,Precision,0.205448354143019,Mauny_Goat
drinking,Transition,2,Recall,0.133776792313378,Mauny_Goat
drinking,Transition,2,F1,0.162041181736795,Mauny_Goat
drinking,Transition,2,Accuracy,0.519952631103719,Mauny_Goat
feeder,Transition,2,Precision,0.411163304780326,Mauny_Goat
feeder,Transition,2,Recall,0.506811989100818,Mauny_Goat
feeder,Transition,2,F1,0.454004576659039,Mauny_Goat
feeder,Transition,2,Accuracy,0.572013417090416,Mauny_Goat
other,Transition,2,Precision,0,Mauny_Goat
other,Transition,2,Recall,0,Mauny_Goat
other,Transition,2,F1,0,Mauny_Goat
other,Transition,2,Accuracy,0.499715261958998,Mauny_Goat
ruminating,Transition,2,Precision,0.462903225806452,Mauny_Goat
ruminating,Transition,2,Recall,0.415942028985507,Mauny_Goat
ruminating,Transition,2,F1,0.438167938931298,Mauny_Goat
ruminating,Transition,2,Accuracy,0.597888369864655,Mauny_Goat
salt,Transition,2,Precision,0.200547945205479,Mauny_Goat
salt,Transition,2,Recall,0.211438474870017,Mauny_Goat
salt,Transition,2,F1,0.205849268841395,Mauny_Goat
salt,Transition,2,Accuracy,0.502667959005852,Mauny_Goat
Macro-Average,Transition,2,Precision,0.256012565987055,Mauny_Goat
Macro-Average,Transition,2,Recall,0.253593857053944,Mauny_Goat
Macro-Average,Transition,2,F1,0.252012593233705,Mauny_Goat
Macro-Average,Transition,2,Accuracy,0.538447527804728,Mauny_Goat
drinking,Transition,3,Precision,0.210909090909091,Mauny_Goat
drinking,Transition,3,Recall,0.0676779463243874,Mauny_Goat
drinking,Transition,3,F1,0.102473498233216,Mauny_Goat
drinking,Transition,3,Accuracy,0.51284439111885,Mauny_Goat
feeder,Transition,3,Precision,0.335348954396573,Mauny_Goat
feeder,Transition,3,Recall,0.717520215633423,Mauny_Goat
feeder,Transition,3,F1,0.457074175824176,Mauny_Goat
feeder,Transition,3,Accuracy,0.542453153380261,Mauny_Goat
ruminating,Transition,3,Precision,0.568403908794788,Mauny_Goat
ruminating,Transition,3,Recall,0.361658031088083,Mauny_Goat
ruminating,Transition,3,F1,0.44205193160228,Mauny_Goat
ruminating,Transition,3,Accuracy,0.616115950830977,Mauny_Goat
salt,Transition,3,Precision,0.188065099457505,Mauny_Goat
salt,Transition,3,Recall,0.0753077480086894,Mauny_Goat
salt,Transition,3,F1,0.107549120992761,Mauny_Goat
salt,Transition,3,Accuracy,0.489311927406584,Mauny_Goat
other,Transition,3,Precision,0,Mauny_Goat
other,Transition,3,Recall,0,Mauny_Goat
other,Transition,3,F1,0,Mauny_Goat
other,Transition,3,Accuracy,0.5,Mauny_Goat
Macro-Average,Transition,3,Precision,0.260545410711591,Mauny_Goat
Macro-Average,Transition,3,Recall,0.244432788210917,Mauny_Goat
Macro-Average,Transition,3,F1,0.221829745330486,Mauny_Goat
Macro-Average,Transition,3,Accuracy,0.532145084547334,Mauny_Goat
Feeding,Bayesian,1,Precision,0.246105919003115,Pagano_Bear
Feeding,Bayesian,1,Recall,0.541095890410959,Pagano_Bear
Feeding,Bayesian,1,F1,0.338329764453962,Pagano_Bear
Feeding,Bayesian,1,Accuracy,0.710438655587993,Pagano_Bear
Foraging,Bayesian,1,Precision,0.284697508896797,Pagano_Bear
Foraging,Bayesian,1,Recall,0.131147540983607,Pagano_Bear
Foraging,Bayesian,1,F1,0.179573512906846,Pagano_Bear
Foraging,Bayesian,1,Accuracy,0.538470210621253,Pagano_Bear
Grooming,Bayesian,1,Precision,0.407582938388626,Pagano_Bear
Grooming,Bayesian,1,Recall,0.152843601895735,Pagano_Bear
Grooming,Bayesian,1,F1,0.222317966393796,Pagano_Bear
Grooming,Bayesian,1,Accuracy,0.549435617873601,Pagano_Bear
Locomotion,Bayesian,1,Precision,0.383732057416268,Pagano_Bear
Locomotion,Bayesian,1,Recall,0.727107887579329,Pagano_Bear
Locomotion,Bayesian,1,F1,0.502348888192922,Pagano_Bear
Locomotion,Bayesian,1,Accuracy,0.778063435360088,Pagano_Bear
Other,Bayesian,1,Precision,0.44698703279939,Pagano_Bear
Other,Bayesian,1,Recall,0.379533678756477,Pagano_Bear
Other,Bayesian,1,F1,0.410507880910683,Pagano_Bear
Other,Bayesian,1,Accuracy,0.638652908188165,Pagano_Bear
Resting,Bayesian,1,Precision,0.738202247191011,Pagano_Bear
Resting,Bayesian,1,Recall,0.640350877192982,Pagano_Bear
Resting,Bayesian,1,F1,0.68580375782881,Pagano_Bear
Resting,Bayesian,1,Accuracy,0.784786617211315,Pagano_Bear
Swimming,Bayesian,1,Precision,0.25,Pagano_Bear
Swimming,Bayesian,1,Recall,0.548314606741573,Pagano_Bear
Swimming,Bayesian,1,F1,0.343420126671358,Pagano_Bear
Swimming,Bayesian,1,Accuracy,0.729474114504958,Pagano_Bear
Macro-Average,Bayesian,1,Precision,0.393901100527887,Pagano_Bear
Macro-Average,Bayesian,1,Recall,0.445770583365809,Pagano_Bear
Macro-Average,Bayesian,1,F1,0.383185985336911,Pagano_Bear
Macro-Average,Bayesian,1,Accuracy,0.675617365621053,Pagano_Bear
Feeding,Bayesian,2,Precision,0.794642857142857,Pagano_Bear
Feeding,Bayesian,2,Recall,0.162112932604736,Pagano_Bear
Feeding,Bayesian,2,F1,0.26928895612708,Pagano_Bear
Feeding,Bayesian,2,Accuracy,0.577440682620557,Pagano_Bear
Foraging,Bayesian,2,Precision,0.176181102362205,Pagano_Bear
Foraging,Bayesian,2,Recall,0.252112676056338,Pagano_Bear
Foraging,Bayesian,2,F1,0.207415990730012,Pagano_Bear
Foraging,Bayesian,2,Accuracy,0.564047151482014,Pagano_Bear
Grooming,Bayesian,2,Precision,0.320712694877506,Pagano_Bear
Grooming,Bayesian,2,Recall,0.471744471744472,Pagano_Bear
Grooming,Bayesian,2,F1,0.381836261186609,Pagano_Bear
Grooming,Bayesian,2,Accuracy,0.638084483387465,Pagano_Bear
Locomotion,Bayesian,2,Precision,0.454188481675393,Pagano_Bear
Locomotion,Bayesian,2,Recall,0.344587884806356,Pagano_Bear
Locomotion,Bayesian,2,F1,0.391869000564653,Pagano_Bear
Locomotion,Bayesian,2,Accuracy,0.639978381336842,Pagano_Bear
Other,Bayesian,2,Precision,0.132283464566929,Pagano_Bear
Other,Bayesian,2,Recall,0.258196721311475,Pagano_Bear
Other,Bayesian,2,F1,0.17493925720236,Pagano_Bear
Other,Bayesian,2,Accuracy,0.501611086245742,Pagano_Bear
Resting,Bayesian,2,Precision,0.552356020942408,Pagano_Bear
Resting,Bayesian,2,Recall,0.453032742887815,Pagano_Bear
Resting,Bayesian,2,F1,0.497788263049248,Pagano_Bear
Resting,Bayesian,2,Accuracy,0.665401289242335,Pagano_Bear
Swimming,Bayesian,2,Precision,0.0486725663716814,Pagano_Bear
Swimming,Bayesian,2,Recall,0.0188356164383562,Pagano_Bear
Swimming,Bayesian,2,F1,0.0271604938271605,Pagano_Bear
Swimming,Bayesian,2,Accuracy,0.493781444582815,Pagano_Bear
Macro-Average,Bayesian,2,Precision,0.354148169705568,Pagano_Bear
Macro-Average,Bayesian,2,Recall,0.280089006549935,Pagano_Bear
Macro-Average,Bayesian,2,F1,0.278614031812446,Pagano_Bear
Macro-Average,Bayesian,2,Accuracy,0.582906359842538,Pagano_Bear
Feeding,Bayesian,3,Precision,0.328082191780822,Pagano_Bear
Feeding,Bayesian,3,Recall,0.62532637075718,Pagano_Bear
Feeding,Bayesian,3,F1,0.4303683737646,Pagano_Bear
Feeding,Bayesian,3,Accuracy,0.747062008435966,Pagano_Bear
Foraging,Bayesian,3,Precision,0.245791245791246,Pagano_Bear
Foraging,Bayesian,3,Recall,0.0830489192263936,Pagano_Bear
Foraging,Bayesian,3,F1,0.124149659863946,Pagano_Bear
Foraging,Bayesian,3,Accuracy,0.526315334137912,Pagano_Bear
Grooming,Bayesian,3,Precision,0.355721393034826,Pagano_Bear
Grooming,Bayesian,3,Recall,0.0930383864671438,Pagano_Bear
Grooming,Bayesian,3,F1,0.147498710675606,Pagano_Bear
Grooming,Bayesian,3,Accuracy,0.527208128515409,Pagano_Bear
Locomotion,Bayesian,3,Precision,0.419654154365247,Pagano_Bear
Locomotion,Bayesian,3,Recall,0.766563944530046,Pagano_Bear
Locomotion,Bayesian,3,F1,0.542382120468793,Pagano_Bear
Locomotion,Bayesian,3,Accuracy,0.784217897391013,Pagano_Bear
Other,Bayesian,3,Precision,0.33375156838143,Pagano_Bear
Other,Bayesian,3,Recall,0.143550998381004,Pagano_Bear
Other,Bayesian,3,F1,0.200754716981132,Pagano_Bear
Other,Bayesian,3,Accuracy,0.530226203415854,Pagano_Bear
Resting,Bayesian,3,Precision,0.583292140385566,Pagano_Bear
Resting,Bayesian,3,Recall,0.638182801514332,Pagano_Bear
Resting,Bayesian,3,F1,0.609504132231405,Pagano_Bear
Resting,Bayesian,3,Accuracy,0.75317022465457,Pagano_Bear
Swimming,Bayesian,3,Precision,0.0627099664053751,Pagano_Bear
Swimming,Bayesian,3,Recall,0.918032786885246,Pagano_Bear
Swimming,Bayesian,3,F1,0.117400419287212,Pagano_Bear
Swimming,Bayesian,3,Accuracy,0.907867530084031,Pagano_Bear
Macro-Average,Bayesian,3,Precision,0.33271466573493,Pagano_Bear
Macro-Average,Bayesian,3,Recall,0.466820601108764,Pagano_Bear
Macro-Average,Bayesian,3,F1,0.310294019038956,Pagano_Bear
Macro-Average,Bayesian,3,Accuracy,0.682295332376394,Pagano_Bear
Feeding,Duration,1,Precision,0.225190839694656,Pagano_Bear
Feeding,Duration,1,Recall,0.50513698630137,Pagano_Bear
Feeding,Duration,1,F1,0.311510031678986,Pagano_Bear
Feeding,Duration,1,Accuracy,0.689540673975325,Pagano_Bear
Foraging,Duration,1,Precision,0.212686567164179,Pagano_Bear
Foraging,Duration,1,Recall,0.0467213114754098,Pagano_Bear
Foraging,Duration,1,F1,0.0766129032258065,Pagano_Bear
Foraging,Duration,1,Accuracy,0.509134657895202,Pagano_Bear
Grooming,Duration,1,Precision,0.402697495183044,Pagano_Bear
Grooming,Duration,1,Recall,0.123815165876777,Pagano_Bear
Grooming,Duration,1,F1,0.189397371998188,Pagano_Bear
Grooming,Duration,1,Accuracy,0.539599004930329,Pagano_Bear
Locomotion,Duration,1,Precision,0.337040205303678,Pagano_Bear
Locomotion,Duration,1,Recall,0.71441523118767,Pagano_Bear
Locomotion,Duration,1,F1,0.458006393490264,Pagano_Bear
Locomotion,Duration,1,Accuracy,0.754326957157621,Pagano_Bear
Other,Duration,1,Precision,0.384324834749764,Pagano_Bear
Other,Duration,1,Recall,0.26360103626943,Pagano_Bear
Other,Duration,1,F1,0.312716096811372,Pagano_Bear
Other,Duration,1,Accuracy,0.585833231050677,Pagano_Bear
Resting,Duration,1,Precision,0.708489054991992,Pagano_Bear
Resting,Duration,1,Recall,0.646686159844055,Pagano_Bear
Resting,Duration,1,F1,0.676178343949045,Pagano_Bear
Resting,Duration,1,Accuracy,0.781878924393473,Pagano_Bear
Swimming,Duration,1,Precision,0.173364854215918,Pagano_Bear
Swimming,Duration,1,Recall,0.49438202247191,Pagano_Bear
Swimming,Duration,1,F1,0.256709451575263,Pagano_Bear
Swimming,Duration,1,Accuracy,0.683157315716483,Pagano_Bear
Macro-Average,Duration,1,Precision,0.349113407329033,Pagano_Bear
Macro-Average,Duration,1,Recall,0.399251130489517,Pagano_Bear
Macro-Average,Duration,1,F1,0.325875798961275,Pagano_Bear
Macro-Average,Duration,1,Accuracy,0.649067252159873,Pagano_Bear
Feeding,Duration,2,Precision,0.681274900398406,Pagano_Bear
Feeding,Duration,2,Recall,0.155737704918033,Pagano_Bear
Feeding,Duration,2,F1,0.253521126760563,Pagano_Bear
Feeding,Duration,2,Accuracy,0.571580533012389,Pagano_Bear
Foraging,Duration,2,Precision,0.162841530054645,Pagano_Bear
Foraging,Duration,2,Recall,0.209859154929577,Pagano_Bear
Foraging,Duration,2,F1,0.183384615384615,Pagano_Bear
Foraging,Duration,2,Accuracy,0.54818042944286,Pagano_Bear
Grooming,Duration,2,Precision,0.286917462099944,Pagano_Bear
Grooming,Duration,2,Recall,0.418509418509419,Pagano_Bear
Grooming,Duration,2,F1,0.340439706862092,Pagano_Bear
Grooming,Duration,2,Accuracy,0.607459261995972,Pagano_Bear
Locomotion,Duration,2,Precision,0.454166666666667,Pagano_Bear
Locomotion,Duration,2,Recall,0.324726911618669,Pagano_Bear
Locomotion,Duration,2,F1,0.378691372321946,Pagano_Bear
Locomotion,Duration,2,Accuracy,0.631907783149694,Pagano_Bear
Other,Duration,2,Precision,0.135038363171356,Pagano_Bear
Other,Duration,2,Recall,0.270491803278689,Pagano_Bear
Other,Duration,2,F1,0.18014329580348,Pagano_Bear
Other,Duration,2,Accuracy,0.504827885288889,Pagano_Bear
Resting,Duration,2,Precision,0.57033957033957,Pagano_Bear
Resting,Duration,2,Recall,0.441760601180891,Pagano_Bear
Resting,Duration,2,F1,0.497882637628554,Pagano_Bear
Resting,Duration,2,Accuracy,0.665483588653348,Pagano_Bear
Swimming,Duration,2,Precision,0.15989847715736,Pagano_Bear
Swimming,Duration,2,Recall,0.107876712328767,Pagano_Bear
Swimming,Duration,2,F1,0.128834355828221,Pagano_Bear
Swimming,Duration,2,Accuracy,0.529865628891656,Pagano_Bear
Macro-Average,Duration,2,Precision,0.350068138555421,Pagano_Bear
Macro-Average,Duration,2,Recall,0.275566043823435,Pagano_Bear
Macro-Average,Duration,2,F1,0.280413872941353,Pagano_Bear
Macro-Average,Duration,2,Accuracy,0.579900730062115,Pagano_Bear
Feeding,Duration,3,Precision,0.323099415204678,Pagano_Bear
Feeding,Duration,3,Recall,0.577023498694517,Pagano_Bear
Feeding,Duration,3,F1,0.414245548266167,Pagano_Bear
Feeding,Duration,3,Accuracy,0.726588518104782,Pagano_Bear
Foraging,Duration,3,Precision,0.231884057971015,Pagano_Bear
Foraging,Duration,3,Recall,0.0364050056882821,Pagano_Bear
Foraging,Duration,3,F1,0.0629301868239921,Pagano_Bear
Foraging,Duration,3,Accuracy,0.511005327396015,Pagano_Bear
Grooming,Duration,3,Precision,0.408536585365854,Pagano_Bear
Grooming,Duration,3,Recall,0.0435914118412492,Pagano_Bear
Grooming,Duration,3,F1,0.078777189888301,Pagano_Bear
Grooming,Duration,3,Accuracy,0.514563376663243,Pagano_Bear
Locomotion,Duration,3,Precision,0.40415986949429,Pagano_Bear
Locomotion,Duration,3,Recall,0.763482280431433,Pagano_Bear
Locomotion,Duration,3,F1,0.528533333333333,Pagano_Bear
Locomotion,Duration,3,Accuracy,0.776557554902542,Pagano_Bear
Other,Duration,3,Precision,0.296,Pagano_Bear
Other,Duration,3,Recall,0.139773340528872,Pagano_Bear
Other,Duration,3,F1,0.189882697947214,Pagano_Bear
Other,Duration,3,Accuracy,0.521686357275391,Pagano_Bear
Resting,Duration,3,Precision,0.570219123505976,Pagano_Bear
Resting,Duration,3,Recall,0.619253650621958,Pagano_Bear
Resting,Duration,3,F1,0.593725693544205,Pagano_Bear
Resting,Duration,3,Accuracy,0.742141682990053,Pagano_Bear
Swimming,Duration,3,Precision,0.0411954765751212,Pagano_Bear
Swimming,Duration,3,Recall,0.836065573770492,Pagano_Bear
Swimming,Duration,3,F1,0.0785219399538106,Pagano_Bear
Swimming,Duration,3,Accuracy,0.845495509935845,Pagano_Bear
Macro-Average,Duration,3,Precision,0.325013504016705,Pagano_Bear
Macro-Average,Duration,3,Recall,0.430799251653829,Pagano_Bear
Macro-Average,Duration,3,F1,0.278088084251003,Pagano_Bear
Macro-Average,Duration,3,Accuracy,0.66257690389541,Pagano_Bear
Feeding,HMM,1,Precision,0.258660508083141,Pagano_Bear
Feeding,HMM,1,Recall,0.575342465753425,Pagano_Bear
Feeding,HMM,1,F1,0.356877323420074,Pagano_Bear
Feeding,HMM,1,Accuracy,0.727872425127085,Pagano_Bear
Foraging,HMM,1,Precision,0.315301391035549,Pagano_Bear
Foraging,HMM,1,Recall,0.167213114754098,Pagano_Bear
Foraging,HMM,1,F1,0.218532404927691,Pagano_Bear
Foraging,HMM,1,Accuracy,0.553738704086866,Pagano_Bear
Grooming,HMM,1,Precision,0.389851485148515,Pagano_Bear
Grooming,HMM,1,Recall,0.186611374407583,Pagano_Bear
Grooming,HMM,1,F1,0.252403846153846,Pagano_Bear
Grooming,HMM,1,Accuracy,0.55782785185549,Pagano_Bear
Locomotion,HMM,1,Precision,0.390523690773067,Pagano_Bear
Locomotion,HMM,1,Recall,0.70988213961922,Pagano_Bear
Locomotion,HMM,1,F1,0.503861003861004,Pagano_Bear
Locomotion,HMM,1,Accuracy,0.773831286190866,Pagano_Bear
Other,HMM,1,Precision,0.417922948073702,Pagano_Bear
Other,HMM,1,Recall,0.323186528497409,Pagano_Bear
Other,HMM,1,F1,0.364499634769905,Pagano_Bear
Other,HMM,1,Accuracy,0.61259439228029,Pagano_Bear
Resting,HMM,1,Precision,0.704356846473029,Pagano_Bear
Resting,HMM,1,Recall,0.661793372319688,Pagano_Bear
Resting,HMM,1,F1,0.682412060301508,Pagano_Bear
Resting,HMM,1,Accuracy,0.787609930388277,Pagano_Bear
Swimming,HMM,1,Precision,0.241059602649007,Pagano_Bear
Swimming,HMM,1,Recall,0.408988764044944,Pagano_Bear
Swimming,HMM,1,F1,0.303333333333333,Pagano_Bear
Swimming,HMM,1,Accuracy,0.669516967787336,Pagano_Bear
Macro-Average,HMM,1,Precision,0.388239496033716,Pagano_Bear
Macro-Average,HMM,1,Recall,0.433288251342338,Pagano_Bear
Macro-Average,HMM,1,F1,0.383131372395337,Pagano_Bear
Macro-Average,HMM,1,Accuracy,0.668998793959458,Pagano_Bear
Feeding,HMM,2,Precision,0.716279069767442,Pagano_Bear
Feeding,HMM,2,Recall,0.140255009107468,Pagano_Bear
Feeding,HMM,2,F1,0.234577303884235,Pagano_Bear
Feeding,HMM,2,Accuracy,0.56533266097568,Pagano_Bear
Foraging,HMM,2,Precision,0.168925964546403,Pagano_Bear
Foraging,HMM,2,Recall,0.228169014084507,Pagano_Bear
Foraging,HMM,2,F1,0.194128220491312,Pagano_Bear
Foraging,HMM,2,Accuracy,0.555038722481578,Pagano_Bear
Grooming,HMM,2,Precision,0.298791018998273,Pagano_Bear
Grooming,HMM,2,Recall,0.425061425061425,Pagano_Bear
Grooming,HMM,2,F1,0.350912778904665,Pagano_Bear
Grooming,HMM,2,Accuracy,0.6149032678369,Pagano_Bear
Locomotion,HMM,2,Precision,0.450793650793651,Pagano_Bear
Locomotion,HMM,2,Recall,0.282025819265144,Pagano_Bear
Locomotion,HMM,2,F1,0.346976175931582,Pagano_Bear
Locomotion,HMM,2,Accuracy,0.614199518436044,Pagano_Bear
Other,HMM,2,Precision,0.13770325203252,Pagano_Bear
Other,HMM,2,Recall,0.27766393442623,Pagano_Bear
Other,HMM,2,F1,0.184103260869565,Pagano_Bear
Other,HMM,2,Accuracy,0.507951202135219,Pagano_Bear
Resting,HMM,2,Precision,0.520168573148706,Pagano_Bear
Resting,HMM,2,Recall,0.463768115942029,Pagano_Bear
Resting,HMM,2,F1,0.490351872871737,Pagano_Bear
Resting,HMM,2,Accuracy,0.660672478271229,Pagano_Bear
Swimming,HMM,2,Precision,0.176470588235294,Pagano_Bear
Swimming,HMM,2,Recall,0.0873287671232877,Pagano_Bear
Swimming,HMM,2,F1,0.116838487972509,Pagano_Bear
Swimming,HMM,2,Accuracy,0.526355292652553,Pagano_Bear
Macro-Average,HMM,2,Precision,0.352733159646041,Pagano_Bear
Macro-Average,HMM,2,Recall,0.272038869287156,Pagano_Bear
Macro-Average,HMM,2,F1,0.273984014417944,Pagano_Bear
Macro-Average,HMM,2,Accuracy,0.577779020398458,Pagano_Bear
Feeding,HMM,3,Precision,0.328749181401441,Pagano_Bear
Feeding,HMM,3,Recall,0.655352480417755,Pagano_Bear
Feeding,HMM,3,F1,0.437854339293502,Pagano_Bear
Feeding,HMM,3,Accuracy,0.759132706706136,Pagano_Bear
Foraging,HMM,3,Precision,0.247288503253796,Pagano_Bear
Foraging,HMM,3,Recall,0.129692832764505,Pagano_Bear
Foraging,HMM,3,F1,0.170149253731343,Pagano_Bear
Foraging,HMM,3,Accuracy,0.541285851471878,Pagano_Bear
Grooming,HMM,3,Precision,0.38136826783115,Pagano_Bear
Grooming,HMM,3,Recall,0.1704619388419,Pagano_Bear
Grooming,HMM,3,F1,0.235611510791367,Pagano_Bear
Grooming,HMM,3,Accuracy,0.553542928860258,Pagano_Bear
Locomotion,HMM,3,Precision,0.451896392229417,Pagano_Bear
Locomotion,HMM,3,Recall,0.752696456086287,Pagano_Bear
Locomotion,HMM,3,F1,0.564739884393064,Pagano_Bear
Locomotion,HMM,3,Accuracy,0.791035053097139,Pagano_Bear
Other,HMM,3,Precision,0.264350453172205,Pagano_Bear
Other,HMM,3,Recall,0.094441446303292,Pagano_Bear
Other,HMM,3,F1,0.139165009940358,Pagano_Bear
Other,HMM,3,Accuracy,0.509114306876216,Pagano_Bear
Resting,HMM,3,Precision,0.58713794796269,Pagano_Bear
Resting,HMM,3,Recall,0.64683612763656,Pagano_Bear
Resting,HMM,3,F1,0.615542974781266,Pagano_Bear
Resting,HMM,3,Accuracy,0.757653284337517,Pagano_Bear
Swimming,HMM,3,Precision,0.0792079207920792,Pagano_Bear
Swimming,HMM,3,Recall,0.918032786885246,Pagano_Bear
Swimming,HMM,3,F1,0.145833333333333,Pagano_Bear
Swimming,HMM,3,Accuracy,0.919233944163718,Pagano_Bear
Macro-Average,HMM,3,Precision,0.334285523806111,Pagano_Bear
Macro-Average,HMM,3,Recall,0.481073438419363,Pagano_Bear
Macro-Average,HMM,3,F1,0.329842329466319,Pagano_Bear
Macro-Average,HMM,3,Accuracy,0.690142582216123,Pagano_Bear
Feeding,Mode,1,Precision,0.214285714285714,Pagano_Bear
Feeding,Mode,1,Recall,0.565068493150685,Pagano_Bear
Feeding,Mode,1,F1,0.310734463276836,Pagano_Bear
Feeding,Mode,1,Accuracy,0.707397634553485,Pagano_Bear
Foraging,Mode,1,Precision,0.194244604316547,Pagano_Bear
Foraging,Mode,1,Recall,0.0442622950819672,Pagano_Bear
Foraging,Mode,1,F1,0.0720961281708945,Pagano_Bear
Foraging,Mode,1,Accuracy,0.507028666419085,Pagano_Bear
Grooming,Mode,1,Precision,0.461363636363636,Pagano_Bear
Grooming,Mode,1,Recall,0.120260663507109,Pagano_Bear
Grooming,Mode,1,F1,0.190789473684211,Pagano_Bear
Grooming,Mode,1,Accuracy,0.543075064050619,Pagano_Bear
Locomotion,Mode,1,Precision,0.324789747697237,Pagano_Bear
Locomotion,Mode,1,Recall,0.735267452402539,Pagano_Bear
Locomotion,Mode,1,F1,0.450555555555556,Pagano_Bear
Locomotion,Mode,1,Accuracy,0.755726119670007,Pagano_Bear
Other,Mode,1,Precision,0.407199100112486,Pagano_Bear
Other,Mode,1,Recall,0.234455958549223,Pagano_Bear
Other,Mode,1,F1,0.29757501027538,Pagano_Bear
Other,Mode,1,Accuracy,0.580073438947482,Pagano_Bear
Resting,Mode,1,Precision,0.682046138415246,Pagano_Bear
Resting,Mode,1,Recall,0.662768031189084,Pagano_Bear
Resting,Mode,1,F1,0.672268907563025,Pagano_Bear
Resting,Mode,1,Accuracy,0.783236992508272,Pagano_Bear
Swimming,Mode,1,Precision,0.201402805611222,Pagano_Bear
Swimming,Mode,1,Recall,0.451685393258427,Pagano_Bear
Swimming,Mode,1,F1,0.278586278586279,Pagano_Bear
Swimming,Mode,1,Accuracy,0.677191738260272,Pagano_Bear
Macro-Average,Mode,1,Precision,0.355047392400298,Pagano_Bear
Macro-Average,Mode,1,Recall,0.401966898162719,Pagano_Bear
Macro-Average,Mode,1,F1,0.324657973873169,Pagano_Bear
Macro-Average,Mode,1,Accuracy,0.650532807772746,Pagano_Bear
Feeding,Mode,2,Precision,0.698060941828255,Pagano_Bear
Feeding,Mode,2,Recall,0.229508196721311,Pagano_Bear
Feeding,Mode,2,F1,0.345442083618917,Pagano_Bear
Feeding,Mode,2,Accuracy,0.606186263114625,Pagano_Bear
Foraging,Mode,2,Precision,0.156110615521855,Pagano_Bear
Foraging,Mode,2,Recall,0.246478873239437,Pagano_Bear
Foraging,Mode,2,F1,0.191152375750956,Pagano_Bear
Foraging,Mode,2,Accuracy,0.553154979663132,Pagano_Bear
Grooming,Mode,2,Precision,0.315340909090909,Pagano_Bear
Grooming,Mode,2,Recall,0.454545454545455,Pagano_Bear
Grooming,Mode,2,F1,0.372358269037236,Pagano_Bear
Grooming,Mode,2,Accuracy,0.630687283220146,Pagano_Bear
Locomotion,Mode,2,Precision,0.454666666666667,Pagano_Bear
Locomotion,Mode,2,Recall,0.33862959285005,Pagano_Bear
Locomotion,Mode,2,F1,0.388161639157655,Pagano_Bear
Locomotion,Mode,2,Accuracy,0.637619198160921,Pagano_Bear
Other,Mode,2,Precision,0.134009009009009,Pagano_Bear
Other,Mode,2,Recall,0.243852459016393,Pagano_Bear
Other,Mode,2,F1,0.17296511627907,Pagano_Bear
Other,Mode,2,Accuracy,0.503308305707487,Pagano_Bear
Resting,Mode,2,Precision,0.568055555555556,Pagano_Bear
Resting,Mode,2,Recall,0.439076757917338,Pagano_Bear
Resting,Mode,2,F1,0.495307296397215,Pagano_Bear
Resting,Mode,2,Accuracy,0.663962967950806,Pagano_Bear
Swimming,Mode,2,Precision,0.099601593625498,Pagano_Bear
Swimming,Mode,2,Recall,0.0428082191780822,Pagano_Bear
Swimming,Mode,2,F1,0.0598802395209581,Pagano_Bear
Swimming,Mode,2,Accuracy,0.504967745952678,Pagano_Bear
Macro-Average,Mode,2,Precision,0.34654932732825,Pagano_Bear
Macro-Average,Mode,2,Recall,0.284985650495438,Pagano_Bear
Macro-Average,Mode,2,F1,0.289323859966001,Pagano_Bear
Macro-Average,Mode,2,Accuracy,0.585698106252828,Pagano_Bear
Feeding,Mode,3,Precision,0.311166875784191,Pagano_Bear
Feeding,Mode,3,Recall,0.647519582245431,Pagano_Bear
Feeding,Mode,3,F1,0.420338983050848,Pagano_Bear
Feeding,Mode,3,Accuracy,0.750334620599778,Pagano_Bear
Foraging,Mode,3,Precision,0.183673469387755,Pagano_Bear
Foraging,Mode,3,Recall,0.0204778156996587,Pagano_Bear
Foraging,Mode,3,F1,0.0368474923234391,Pagano_Bear
Foraging,Mode,3,Accuracy,0.504807077322942,Pagano_Bear
Grooming,Mode,3,Precision,0.358974358974359,Pagano_Bear
Grooming,Mode,3,Recall,0.0273259596616786,Pagano_Bear
Grooming,Mode,3,F1,0.0507859733978235,Pagano_Bear
Grooming,Mode,3,Accuracy,0.50807097267307,Pagano_Bear
Locomotion,Mode,3,Precision,0.390943396226415,Pagano_Bear
Locomotion,Mode,3,Recall,0.798151001540832,Pagano_Bear
Locomotion,Mode,3,F1,0.524822695035461,Pagano_Bear
Locomotion,Mode,3,Accuracy,0.782876796666744,Pagano_Bear
Other,Mode,3,Precision,0.284603421461897,Pagano_Bear
Other,Mode,3,Recall,0.098758769562871,Pagano_Bear
Other,Mode,3,F1,0.146634615384615,Pagano_Bear
Other,Mode,3,Accuracy,0.513385644562343,Pagano_Bear
Resting,Mode,3,Precision,0.562589928057554,Pagano_Bear
Resting,Mode,3,Recall,0.634396971335857,Pagano_Bear
Resting,Mode,3,F1,0.596339603457041,Pagano_Bear
Resting,Mode,3,Accuracy,0.745881626112095,Pagano_Bear
Swimming,Mode,3,Precision,0.0473484848484848,Pagano_Bear
Swimming,Mode,3,Recall,0.819672131147541,Pagano_Bear
Swimming,Mode,3,F1,0.0895255147717099,Pagano_Bear
Swimming,Mode,3,Accuracy,0.848359653938474,Pagano_Bear
Macro-Average,Mode,3,Precision,0.305614276391522,Pagano_Bear
Macro-Average,Mode,3,Recall,0.435186033027696,Pagano_Bear
Macro-Average,Mode,3,F1,0.26647069677442,Pagano_Bear
Macro-Average,Mode,3,Accuracy,0.664816627410778,Pagano_Bear
Feeding,No,1,Precision,0.216072782410917,Pagano_Bear
Feeding,No,1,Recall,0.488013698630137,Pagano_Bear
Feeding,No,1,F1,0.299527062532843,Pagano_Bear
Feeding,No,1,Accuracy,0.679799199041844,Pagano_Bear
Foraging,No,1,Precision,0.240896358543417,Pagano_Bear
Foraging,No,1,Recall,0.0704918032786885,Pagano_Bear
Foraging,No,1,F1,0.109067850348763,Pagano_Bear
Foraging,No,1,Accuracy,0.516974596353476,Pagano_Bear
Grooming,No,1,Precision,0.413721413721414,Pagano_Bear
Grooming,No,1,Recall,0.117890995260664,Pagano_Bear
Grooming,No,1,F1,0.18349469801752,Pagano_Bear
Grooming,No,1,Accuracy,0.538651887958484,Pagano_Bear
Locomotion,No,1,Precision,0.330137557315548,Pagano_Bear
Locomotion,No,1,Recall,0.71804170444243,Pagano_Bear
Locomotion,No,1,F1,0.45231296402056,Pagano_Bear
Locomotion,No,1,Accuracy,0.752356840539282,Pagano_Bear
Other,No,1,Precision,0.368478260869565,Pagano_Bear
Other,No,1,Recall,0.219559585492228,Pagano_Bear
Other,No,1,F1,0.275162337662338,Pagano_Bear
Other,No,1,Accuracy,0.56881814582,Pagano_Bear
Resting,No,1,Precision,0.675456389452333,Pagano_Bear
Resting,No,1,Recall,0.649122807017544,Pagano_Bear
Resting,No,1,F1,0.662027833001988,Pagano_Bear
Resting,No,1,Accuracy,0.775958730361749,Pagano_Bear
Swimming,No,1,Precision,0.176767676767677,Pagano_Bear
Swimming,No,1,Recall,0.471910112359551,Pagano_Bear
Swimming,No,1,F1,0.257195345988977,Pagano_Bear
Swimming,No,1,Accuracy,0.676255385809857,Pagano_Bear
Macro-Average,No,1,Precision,0.345932919868696,Pagano_Bear
Macro-Average,No,1,Recall,0.390718672354463,Pagano_Bear
Macro-Average,No,1,F1,0.319826870224713,Pagano_Bear
Macro-Average,No,1,Accuracy,0.644116397983527,Pagano_Bear
Feeding,No,2,Precision,0.612307692307692,Pagano_Bear
Feeding,No,2,Recall,0.181238615664845,Pagano_Bear
Feeding,No,2,F1,0.279690794096978,Pagano_Bear
Feeding,No,2,Accuracy,0.580715204703984,Pagano_Bear
Foraging,No,2,Precision,0.165029469548134,Pagano_Bear
Foraging,No,2,Recall,0.236619718309859,Pagano_Bear
Foraging,No,2,F1,0.194444444444444,Pagano_Bear
Foraging,No,2,Accuracy,0.555337566963494,Pagano_Bear
Grooming,No,2,Precision,0.30229746070133,Pagano_Bear
Grooming,No,2,Recall,0.409500409500409,Pagano_Bear
Grooming,No,2,F1,0.347826086956522,Pagano_Bear
Grooming,No,2,Accuracy,0.612252609367069,Pagano_Bear
Locomotion,No,2,Precision,0.44180225281602,Pagano_Bear
Locomotion,No,2,Recall,0.350546176762661,Pagano_Bear
Locomotion,No,2,F1,0.390919158361019,Pagano_Bear
Locomotion,No,2,Accuracy,0.640710162156904,Pagano_Bear
Other,No,2,Precision,0.13431151241535,Pagano_Bear
Other,No,2,Recall,0.243852459016393,Pagano_Bear
Other,No,2,F1,0.173216885007278,Pagano_Bear
Other,No,2,Accuracy,0.503616804859115,Pagano_Bear
Resting,No,2,Precision,0.567901234567901,Pagano_Bear
Resting,No,2,Recall,0.469135802469136,Pagano_Bear
Resting,No,2,F1,0.513815402704292,Pagano_Bear
Resting,No,2,Accuracy,0.675150460205261,Pagano_Bear
Swimming,No,2,Precision,0.167613636363636,Pagano_Bear
Swimming,No,2,Recall,0.101027397260274,Pagano_Bear
Swimming,No,2,F1,0.126068376068376,Pagano_Bear
Swimming,No,2,Accuracy,0.529204607721046,Pagano_Bear
Macro-Average,No,2,Precision,0.341609036960009,Pagano_Bear
Macro-Average,No,2,Recall,0.28456008271194,Pagano_Bear
Macro-Average,No,2,F1,0.28942587823413,Pagano_Bear
Macro-Average,No,2,Accuracy,0.585283916568125,Pagano_Bear
Feeding,No,3,Precision,0.311015118790497,Pagano_Bear
Feeding,No,3,Recall,0.563968668407311,Pagano_Bear
Feeding,No,3,F1,0.40092807424594,Pagano_Bear
Feeding,No,3,Accuracy,0.717988079021096,Pagano_Bear
Foraging,No,3,Precision,0.23030303030303,Pagano_Bear
Foraging,No,3,Recall,0.043230944254835,Pagano_Bear
Foraging,No,3,F1,0.0727969348659004,Pagano_Bear
Foraging,No,3,Accuracy,0.512992441165984,Pagano_Bear
Grooming,No,3,Precision,0.386666666666667,Pagano_Bear
Grooming,No,3,Recall,0.0377358490566038,Pagano_Bear
Grooming,No,3,F1,0.0687611144042679,Pagano_Bear
Grooming,No,3,Accuracy,0.512008395748105,Pagano_Bear
Locomotion,No,3,Precision,0.399677679290894,Pagano_Bear
Locomotion,No,3,Recall,0.764252696456086,Pagano_Bear
Locomotion,No,3,F1,0.524867724867725,Pagano_Bear
Locomotion,No,3,Accuracy,0.774854929941506,Pagano_Bear
Other,No,3,Precision,0.297331639135959,Pagano_Bear
Other,No,3,Recall,0.126281705342688,Pagano_Bear
Other,No,3,F1,0.177272727272727,Pagano_Bear
Other,No,3,Accuracy,0.519870117147087,Pagano_Bear
Resting,No,3,Precision,0.551575931232092,Pagano_Bear
Resting,No,3,Recall,0.624661979448351,Pagano_Bear
Resting,No,3,F1,0.585848338828303,Pagano_Bear
Resting,No,3,Accuracy,0.738902775773597,Pagano_Bear
Swimming,No,3,Precision,0.0399659863945578,Pagano_Bear
Swimming,No,3,Recall,0.770491803278689,Pagano_Bear
Swimming,No,3,F1,0.0759902991107518,Pagano_Bear
Swimming,No,3,Accuracy,0.816252990370706,Pagano_Bear
Macro-Average,No,3,Precision,0.316648007401957,Pagano_Bear
Macro-Average,No,3,Recall,0.41866052089208,Pagano_Bear
Macro-Average,No,3,F1,0.272352173370802,Pagano_Bear
Macro-Average,No,3,Accuracy,0.656124247024011,Pagano_Bear
Feeding,Transition,1,Precision,0.227309236947791,Pagano_Bear
Feeding,Transition,1,Recall,0.48458904109589,Pagano_Bear
Feeding,Transition,1,F1,0.309458720612356,Pagano_Bear
Feeding,Transition,1,Accuracy,0.68255780917189,Pagano_Bear
Foraging,Transition,1,Precision,0.252631578947368,Pagano_Bear
Foraging,Transition,1,Recall,0.0786885245901639,Pagano_Bear
Foraging,Transition,1,F1,0.12,Pagano_Bear
Foraging,Transition,1,Accuracy,0.520196473729818,Pagano_Bear
Grooming,Transition,1,Precision,0.384116693679092,Pagano_Bear
Grooming,Transition,1,Recall,0.140402843601896,Pagano_Bear
Grooming,Transition,1,F1,0.205639913232104,Pagano_Bear
Grooming,Transition,1,Accuracy,0.542855422952358,Pagano_Bear
Locomotion,Transition,1,Precision,0.333472628499791,Pagano_Bear
Locomotion,Transition,1,Recall,0.723481414324569,Pagano_Bear
Locomotion,Transition,1,F1,0.456521739130435,Pagano_Bear
Locomotion,Transition,1,Accuracy,0.755873190900503,Pagano_Bear
Other,Transition,1,Precision,0.384406165004533,Pagano_Bear
Other,Transition,1,Recall,0.274611398963731,Pagano_Bear
Other,Transition,1,F1,0.320362674726105,Pagano_Bear
Other,Transition,1,Accuracy,0.589434859098335,Pagano_Bear
Resting,Transition,1,Precision,0.70873786407767,Pagano_Bear
Resting,Transition,1,Recall,0.640350877192982,Pagano_Bear
Resting,Transition,1,F1,0.672811059907834,Pagano_Bear
Resting,Transition,1,Accuracy,0.779166933128691,Pagano_Bear
Swimming,Transition,1,Precision,0.194444444444444,Pagano_Bear
Swimming,Transition,1,Recall,0.456179775280899,Pagano_Bear
Swimming,Transition,1,F1,0.272666218938885,Pagano_Bear
Swimming,Transition,1,Accuracy,0.676753054530939,Pagano_Bear
Macro-Average,Transition,1,Precision,0.355016944514384,Pagano_Bear
Macro-Average,Transition,1,Recall,0.399757696435733,Pagano_Bear
Macro-Average,Transition,1,F1,0.336780046649674,Pagano_Bear
Macro-Average,Transition,1,Accuracy,0.649548249073219,Pagano_Bear
Feeding,Transition,2,Precision,0.682170542635659,Pagano_Bear
Feeding,Transition,2,Recall,0.160291438979964,Pagano_Bear
Feeding,Transition,2,F1,0.259587020648968,Pagano_Bear
Feeding,Transition,2,Accuracy,0.573700192057188,Pagano_Bear
Foraging,Transition,2,Precision,0.169560776302349,Pagano_Bear
Foraging,Transition,2,Recall,0.233802816901408,Pagano_Bear
Foraging,Transition,2,F1,0.196566015393724,Pagano_Bear
Foraging,Transition,2,Accuracy,0.556670263095837,Pagano_Bear
Grooming,Transition,2,Precision,0.302511415525114,Pagano_Bear
Grooming,Transition,2,Recall,0.434070434070434,Pagano_Bear
Grooming,Transition,2,F1,0.356542213252607,Pagano_Bear
Grooming,Transition,2,Accuracy,0.619087156759488,Pagano_Bear
Locomotion,Transition,2,Precision,0.450063211125158,Pagano_Bear
Locomotion,Transition,2,Recall,0.353525322740814,Pagano_Bear
Locomotion,Transition,2,F1,0.395995550611791,Pagano_Bear
Locomotion,Transition,2,Accuracy,0.643052183999049,Pagano_Bear
Other,Transition,2,Precision,0.137284701114488,Pagano_Bear
Other,Transition,2,Recall,0.27766393442623,Pagano_Bear
Other,Transition,2,F1,0.183728813559322,Pagano_Bear
Other,Transition,2,Accuracy,0.507488453407778,Pagano_Bear
Resting,Transition,2,Precision,0.575988896599584,Pagano_Bear
Resting,Transition,2,Recall,0.445517981749866,Pagano_Bear
Resting,Transition,2,F1,0.502421307506053,Pagano_Bear
Resting,Transition,2,Accuracy,0.668166424756277,Pagano_Bear
Swimming,Transition,2,Precision,0.151515151515152,Pagano_Bear
Swimming,Transition,2,Recall,0.0684931506849315,Pagano_Bear
Swimming,Transition,2,F1,0.0943396226415094,Pagano_Bear
Swimming,Transition,2,Accuracy,0.517955666251557,Pagano_Bear
Macro-Average,Transition,2,Precision,0.352727813545358,Pagano_Bear
Macro-Average,Transition,2,Recall,0.281909297079092,Pagano_Bear
Macro-Average,Transition,2,F1,0.284168649087711,Pagano_Bear
Macro-Average,Transition,2,Accuracy,0.583731477189596,Pagano_Bear
Feeding,Transition,3,Precision,0.322651128914785,Pagano_Bear
Feeding,Transition,3,Recall,0.578328981723238,Pagano_Bear
Feeding,Transition,3,F1,0.414212248714353,Pagano_Bear
Feeding,Transition,3,Accuracy,0.726973772659131,Pagano_Bear
Foraging,Transition,3,Precision,0.219387755102041,Pagano_Bear
Foraging,Transition,3,Recall,0.0489192263936291,Pagano_Bear
Foraging,Transition,3,F1,0.08,Pagano_Bear
Foraging,Transition,3,Accuracy,0.514071237314142,Pagano_Bear
Grooming,Transition,3,Precision,0.330578512396694,Pagano_Bear
Grooming,Transition,3,Recall,0.0520494469746259,Pagano_Bear
Grooming,Transition,3,F1,0.089938167509837,Pagano_Bear
Grooming,Transition,3,Accuracy,0.513945988026532,Pagano_Bear
Locomotion,Transition,3,Precision,0.398961661341853,Pagano_Bear
Locomotion,Transition,3,Recall,0.76964560862866,Pagano_Bear
Locomotion,Transition,3,F1,0.525512887953709,Pagano_Bear
Locomotion,Transition,3,Accuracy,0.776471472420881,Pagano_Bear
Other,Transition,3,Precision,0.283599088838269,Pagano_Bear
Other,Transition,3,Recall,0.134376686454398,Pagano_Bear
Other,Transition,3,F1,0.182350787257415,Pagano_Bear
Other,Transition,3,Accuracy,0.517970815840658,Pagano_Bear
Resting,Transition,3,Precision,0.5685,Pagano_Bear
Resting,Transition,3,Recall,0.614926987560844,Pagano_Bear
Resting,Transition,3,F1,0.590802805923617,Pagano_Bear
Resting,Transition,3,Accuracy,0.739978351459496,Pagano_Bear
Swimming,Transition,3,Precision,0.0466666666666667,Pagano_Bear
Swimming,Transition,3,Recall,0.80327868852459,Pagano_Bear
Swimming,Transition,3,F1,0.0882088208820882,Pagano_Bear
Swimming,Transition,3,Accuracy,0.840468481392581,Pagano_Bear
Macro-Average,Transition,3,Precision,0.310049259037187,Pagano_Bear
Macro-Average,Transition,3,Recall,0.428789375179998,Pagano_Bear
Macro-Average,Transition,3,F1,0.28157510260586,Pagano_Bear
Macro-Average,Transition,3,Accuracy,0.661411445587632,Pagano_Bear
Active,Bayesian,1,Precision,0.42764857881137,Smit_Cat
Active,Bayesian,1,Recall,0.592128801431127,Smit_Cat
Active,Bayesian,1,F1,0.49662415603901,Smit_Cat
Active,Bayesian,1,Accuracy,0.765563161387555,Smit_Cat
Eating,Bayesian,1,Precision,0.626208378088077,Smit_Cat
Eating,Bayesian,1,Recall,0.913793103448276,Smit_Cat
Eating,Bayesian,1,F1,0.74314850223072,Smit_Cat
Eating,Bayesian,1,Accuracy,0.932672689827994,Smit_Cat
Grooming,Bayesian,1,Precision,0.578039215686275,Smit_Cat
Grooming,Bayesian,1,Recall,0.621940928270042,Smit_Cat
Grooming,Bayesian,1,F1,0.599186991869919,Smit_Cat
Grooming,Bayesian,1,Accuracy,0.770433996383364,Smit_Cat
Lying,Bayesian,1,Precision,0.391446028513238,Smit_Cat
Lying,Bayesian,1,Recall,0.535973229224763,Smit_Cat
Lying,Bayesian,1,F1,0.452448210922787,Smit_Cat
Lying,Bayesian,1,Accuracy,0.644064915873165,Smit_Cat
Sitting,Bayesian,1,Precision,0.355780022446689,Smit_Cat
Sitting,Bayesian,1,Recall,0.280530973451327,Smit_Cat
Sitting,Bayesian,1,F1,0.313706086095992,Smit_Cat
Sitting,Bayesian,1,Accuracy,0.537046641194285,Smit_Cat
Standing,Bayesian,1,Precision,0.627483443708609,Smit_Cat
Standing,Bayesian,1,Recall,0.283258594917788,Smit_Cat
Standing,Bayesian,1,F1,0.390319258496396,Smit_Cat
Standing,Bayesian,1,Accuracy,0.624276220179856,Smit_Cat
Littering,Bayesian,1,Precision,0,Smit_Cat
Littering,Bayesian,1,Recall,0,Smit_Cat
Littering,Bayesian,1,F1,0,Smit_Cat
Littering,Bayesian,1,Accuracy,0.5,Smit_Cat
Macro-Average,Bayesian,1,Precision,0.429515095322037,Smit_Cat
Macro-Average,Bayesian,1,Recall,0.461089375820475,Smit_Cat
Macro-Average,Bayesian,1,F1,0.427919029379261,Smit_Cat
Macro-Average,Bayesian,1,Accuracy,0.682008232120888,Smit_Cat
Active,Bayesian,2,Precision,0.599164926931107,Smit_Cat
Active,Bayesian,2,Recall,0.726582278481013,Smit_Cat
Active,Bayesian,2,F1,0.65675057208238,Smit_Cat
Active,Bayesian,2,Accuracy,0.845374005981828,Smit_Cat
Eating,Bayesian,2,Precision,0.872941176470588,Smit_Cat
Eating,Bayesian,2,Recall,0.837471783295711,Smit_Cat
Eating,Bayesian,2,F1,0.854838709677419,Smit_Cat
Eating,Bayesian,2,Accuracy,0.913651145885144,Smit_Cat
Grooming,Bayesian,2,Precision,0.783494105037513,Smit_Cat
Grooming,Bayesian,2,Recall,0.814938684503902,Smit_Cat
Grooming,Bayesian,2,F1,0.798907103825137,Smit_Cat
Grooming,Bayesian,2,Accuracy,0.886670330719826,Smit_Cat
Lying,Bayesian,2,Precision,0.61864406779661,Smit_Cat
Lying,Bayesian,2,Recall,0.0526885600866113,Smit_Cat
Lying,Bayesian,2,F1,0.0971067509145327,Smit_Cat
Lying,Bayesian,2,Accuracy,0.511253736783748,Smit_Cat
Sitting,Bayesian,2,Precision,0.0452604611443211,Smit_Cat
Sitting,Bayesian,2,Recall,0.0612009237875289,Smit_Cat
Sitting,Bayesian,2,F1,0.0520373097692685,Smit_Cat
Sitting,Bayesian,2,Accuracy,0.416215358558385,Smit_Cat
Standing,Bayesian,2,Precision,0.0749302510960542,Smit_Cat
Standing,Bayesian,2,Recall,0.528089887640449,Smit_Cat
Standing,Bayesian,2,F1,0.131239092495637,Smit_Cat
Standing,Bayesian,2,Accuracy,0.549018077042385,Smit_Cat
Littering,Bayesian,2,Precision,0,Smit_Cat
Littering,Bayesian,2,Recall,0,Smit_Cat
Littering,Bayesian,2,F1,0,Smit_Cat
Littering,Bayesian,2,Accuracy,0.5,Smit_Cat
Macro-Average,Bayesian,2,Precision,0.427776426925171,Smit_Cat
Macro-Average,Bayesian,2,Recall,0.431567445399316,Smit_Cat
Macro-Average,Bayesian,2,F1,0.370125648394911,Smit_Cat
Macro-Average,Bayesian,2,Accuracy,0.660311807853045,Smit_Cat
Active,Bayesian,3,Precision,0.616541353383459,Smit_Cat
Active,Bayesian,3,Recall,0.361764705882353,Smit_Cat
Active,Bayesian,3,F1,0.455977757182576,Smit_Cat
Active,Bayesian,3,Accuracy,0.670410073680396,Smit_Cat
Eating,Bayesian,3,Precision,0.852678571428571,Smit_Cat
Eating,Bayesian,3,Recall,0.491002570694087,Smit_Cat
Eating,Bayesian,3,F1,0.623164763458401,Smit_Cat
Eating,Bayesian,3,Accuracy,0.743329089454469,Smit_Cat
Grooming,Bayesian,3,Precision,0.37801350048216,Smit_Cat
Grooming,Bayesian,3,Recall,0.761165048543689,Smit_Cat
Grooming,Bayesian,3,F1,0.505154639175258,Smit_Cat
Grooming,Bayesian,3,Accuracy,0.787843487607574,Smit_Cat
Littering,Bayesian,3,Precision,0.5,Smit_Cat
Littering,Bayesian,3,Recall,0.0181818181818182,Smit_Cat
Littering,Bayesian,3,F1,0.0350877192982456,Smit_Cat
Littering,Bayesian,3,Accuracy,0.509027857388513,Smit_Cat
Lying,Bayesian,3,Precision,0.627647285329226,Smit_Cat
Lying,Bayesian,3,Recall,0.498014054384357,Smit_Cat
Lying,Bayesian,3,F1,0.555366269165247,Smit_Cat
Lying,Bayesian,3,Accuracy,0.646396670655676,Smit_Cat
Sitting,Bayesian,3,Precision,0.379581151832461,Smit_Cat
Sitting,Bayesian,3,Recall,0.386151797603196,Smit_Cat
Sitting,Bayesian,3,F1,0.382838283828383,Smit_Cat
Sitting,Bayesian,3,Accuracy,0.569035424272638,Smit_Cat
Standing,Bayesian,3,Precision,0.115869017632242,Smit_Cat
Standing,Bayesian,3,Recall,0.150819672131148,Smit_Cat
Standing,Bayesian,3,F1,0.131054131054131,Smit_Cat
Standing,Bayesian,3,Accuracy,0.552558273565574,Smit_Cat
Macro-Average,Bayesian,3,Precision,0.495761554298303,Smit_Cat
Macro-Average,Bayesian,3,Recall,0.38101423820295,Smit_Cat
Macro-Average,Bayesian,3,F1,0.384091937594606,Smit_Cat
Macro-Average,Bayesian,3,Accuracy,0.63980012523212,Smit_Cat
Active,Duration,1,Precision,0.447905477980666,Smit_Cat
Active,Duration,1,Recall,0.745974955277281,Smit_Cat
Active,Duration,1,F1,0.559731543624161,Smit_Cat
Active,Duration,1,Accuracy,0.837597777831425,Smit_Cat
Eating,Duration,1,Precision,0.597519729425028,Smit_Cat
Eating,Duration,1,Recall,0.830721003134796,Smit_Cat
Eating,Duration,1,F1,0.695081967213115,Smit_Cat
Eating,Duration,1,Accuracy,0.890510160484285,Smit_Cat
Grooming,Duration,1,Precision,0.58125,Smit_Cat
Grooming,Duration,1,Recall,0.627848101265823,Smit_Cat
Grooming,Duration,1,F1,0.603651115618661,Smit_Cat
Grooming,Duration,1,Accuracy,0.773538276069922,Smit_Cat
Lying,Duration,1,Precision,0.370617696160267,Smit_Cat
Lying,Duration,1,Recall,0.495259341885109,Smit_Cat
Lying,Duration,1,F1,0.423967534017665,Smit_Cat
Lying,Duration,1,Accuracy,0.622546724691725,Smit_Cat
Sitting,Duration,1,Precision,0.340924313462827,Smit_Cat
Sitting,Duration,1,Recall,0.225221238938053,Smit_Cat
Sitting,Duration,1,F1,0.27124966693312,Smit_Cat
Sitting,Duration,1,Accuracy,0.524137323299273,Smit_Cat
Standing,Duration,1,Precision,0.414868105515588,Smit_Cat
Standing,Duration,1,Recall,0.258594917787743,Smit_Cat
Standing,Duration,1,F1,0.318600368324125,Smit_Cat
Standing,Duration,1,Accuracy,0.591660562395337,Smit_Cat
Littering,Duration,1,Precision,0,Smit_Cat
Littering,Duration,1,Recall,0,Smit_Cat
Littering,Duration,1,F1,0,Smit_Cat
Littering,Duration,1,Accuracy,0.5,Smit_Cat
Macro-Average,Duration,1,Precision,0.393297903220625,Smit_Cat
Macro-Average,Duration,1,Recall,0.454802794041258,Smit_Cat
Macro-Average,Duration,1,F1,0.41032602796155,Smit_Cat
Macro-Average,Duration,1,Accuracy,0.677141546395995,Smit_Cat
Active,Duration,2,Precision,0.598095238095238,Smit_Cat
Active,Duration,2,Recall,0.79493670886076,Smit_Cat
Active,Duration,2,F1,0.682608695652174,Smit_Cat
Active,Duration,2,Accuracy,0.877778171526311,Smit_Cat
Eating,Duration,2,Precision,0.767164179104478,Smit_Cat
Eating,Duration,2,Recall,0.580135440180587,Smit_Cat
Eating,Duration,2,F1,0.660668380462725,Smit_Cat
Eating,Duration,2,Accuracy,0.782723087321932,Smit_Cat
Grooming,Duration,2,Precision,0.706374085684431,Smit_Cat
Grooming,Duration,2,Recall,0.753623188405797,Smit_Cat
Grooming,Duration,2,F1,0.729234088457389,Smit_Cat
Grooming,Duration,2,Accuracy,0.847878315784447,Smit_Cat
Littering,Duration,2,Precision,0,Smit_Cat
Littering,Duration,2,Recall,0,Smit_Cat
Littering,Duration,2,F1,0,Smit_Cat
Littering,Duration,2,Accuracy,0.499912709497207,Smit_Cat
Lying,Duration,2,Precision,0.51528384279476,Smit_Cat
Lying,Duration,2,Recall,0.0425839047275352,Smit_Cat
Lying,Duration,2,F1,0.0786666666666667,Smit_Cat
Lying,Duration,2,Accuracy,0.502680282343647,Smit_Cat
Sitting,Duration,2,Precision,0.0605550883095038,Smit_Cat
Sitting,Duration,2,Recall,0.0831408775981524,Smit_Cat
Sitting,Duration,2,F1,0.0700729927007299,Smit_Cat
Sitting,Duration,2,Accuracy,0.427287647720705,Smit_Cat
Standing,Duration,2,Precision,0.0727056019070322,Smit_Cat
Standing,Duration,2,Recall,0.514044943820225,Smit_Cat
Standing,Duration,2,F1,0.127392969021928,Smit_Cat
Standing,Duration,2,Accuracy,0.540791232332569,Smit_Cat
Macro-Average,Duration,2,Precision,0.388596862270777,Smit_Cat
Macro-Average,Duration,2,Recall,0.395495009084722,Smit_Cat
Macro-Average,Duration,2,F1,0.335520541851659,Smit_Cat
Macro-Average,Duration,2,Accuracy,0.639864492360974,Smit_Cat
Active,Duration,3,Precision,0.535598705501618,Smit_Cat
Active,Duration,3,Recall,0.486764705882353,Smit_Cat
Active,Duration,3,F1,0.510015408320493,Smit_Cat
Active,Duration,3,Accuracy,0.723738273543504,Smit_Cat
Eating,Duration,3,Precision,0.752941176470588,Smit_Cat
Eating,Duration,3,Recall,0.493573264781491,Smit_Cat
Eating,Duration,3,F1,0.596273291925466,Smit_Cat
Eating,Duration,3,Accuracy,0.742639712959466,Smit_Cat
Grooming,Duration,3,Precision,0.317226890756303,Smit_Cat
Grooming,Duration,3,Recall,0.733009708737864,Smit_Cat
Grooming,Duration,3,F1,0.442815249266862,Smit_Cat
Grooming,Duration,3,Accuracy,0.74968242446239,Smit_Cat
Littering,Duration,3,Precision,0.0909090909090909,Smit_Cat
Littering,Duration,3,Recall,0.0181818181818182,Smit_Cat
Littering,Duration,3,F1,0.0303030303030303,Smit_Cat
Littering,Duration,3,Accuracy,0.508460392066949,Smit_Cat
Lying,Duration,3,Precision,0.606656580937973,Smit_Cat
Lying,Duration,3,Recall,0.490070271921784,Smit_Cat
Lying,Duration,3,F1,0.54216663849924,Smit_Cat
Lying,Duration,3,Accuracy,0.634678599458345,Smit_Cat
Sitting,Duration,3,Precision,0.420588235294118,Smit_Cat
Sitting,Duration,3,Recall,0.317354638260098,Smit_Cat
Sitting,Duration,3,F1,0.361750569187959,Smit_Cat
Sitting,Duration,3,Accuracy,0.572756174677851,Smit_Cat
Standing,Duration,3,Precision,0.137931034482759,Smit_Cat
Standing,Duration,3,Recall,0.170491803278689,Smit_Cat
Standing,Duration,3,F1,0.152492668621701,Smit_Cat
Standing,Duration,3,Accuracy,0.564087047472678,Smit_Cat
Macro-Average,Duration,3,Precision,0.408835959193207,Smit_Cat
Macro-Average,Duration,3,Recall,0.387063744434871,Smit_Cat
Macro-Average,Duration,3,F1,0.376545265160679,Smit_Cat
Macro-Average,Duration,3,Accuracy,0.642291803520169,Smit_Cat
Active,HMM,1,Precision,0.547195622435021,Smit_Cat
Active,HMM,1,Recall,0.715563506261181,Smit_Cat
Active,HMM,1,F1,0.62015503875969,Smit_Cat
Active,HMM,1,Accuracy,0.83499188807964,Smit_Cat
Eating,HMM,1,Precision,0.653799758745477,Smit_Cat
Eating,HMM,1,Recall,0.849529780564263,Smit_Cat
Eating,HMM,1,F1,0.738922972051806,Smit_Cat
Eating,HMM,1,Accuracy,0.904787165097668,Smit_Cat
Grooming,HMM,1,Precision,0.67584940312213,Smit_Cat
Grooming,HMM,1,Recall,0.621097046413502,Smit_Cat
Grooming,HMM,1,F1,0.647317502198769,Smit_Cat
Grooming,HMM,1,Accuracy,0.783951175406872,Smit_Cat
Lying,HMM,1,Precision,0.330932999373826,Smit_Cat
Lying,HMM,1,Recall,0.589514779698829,Smit_Cat
Lying,HMM,1,F1,0.423902145578504,Smit_Cat
Lying,HMM,1,Accuracy,0.617501251826853,Smit_Cat
Sitting,HMM,1,Precision,0.294630872483221,Smit_Cat
Sitting,HMM,1,Recall,0.194247787610619,Smit_Cat
Sitting,HMM,1,F1,0.234133333333333,Smit_Cat
Sitting,HMM,1,Accuracy,0.502626501250014,Smit_Cat
Standing,HMM,1,Precision,0.506147540983607,Smit_Cat
Standing,HMM,1,Recall,0.184603886397608,Smit_Cat
Standing,HMM,1,F1,0.270536692223439,Smit_Cat
Standing,HMM,1,Accuracy,0.573714869313257,Smit_Cat
Littering,HMM,1,Precision,0,Smit_Cat
Littering,HMM,1,Recall,0,Smit_Cat
Littering,HMM,1,F1,0,Smit_Cat
Littering,HMM,1,Accuracy,0.5,Smit_Cat
Macro-Average,HMM,1,Precision,0.42979374244904,Smit_Cat
Macro-Average,HMM,1,Recall,0.450650969563715,Smit_Cat
Macro-Average,HMM,1,F1,0.419281097735077,Smit_Cat
Macro-Average,HMM,1,Accuracy,0.673938978710615,Smit_Cat
Active,HMM,2,Precision,0.637113402061856,Smit_Cat
Active,HMM,2,Recall,0.782278481012658,Smit_Cat
Active,HMM,2,F1,0.702272727272727,Smit_Cat
Active,HMM,2,Accuracy,0.874715201685874,Smit_Cat
Eating,HMM,2,Precision,0.772845953002611,Smit_Cat
Eating,HMM,2,Recall,0.668171557562077,Smit_Cat
Eating,HMM,2,F1,0.716707021791768,Smit_Cat
Eating,HMM,2,Accuracy,0.825893688385558,Smit_Cat
Grooming,HMM,2,Precision,0.830073349633252,Smit_Cat
Grooming,HMM,2,Recall,0.756967670011148,Smit_Cat
Grooming,HMM,2,F1,0.791836734693878,Smit_Cat
Grooming,HMM,2,Accuracy,0.864171643901785,Smit_Cat
Lying,HMM,2,Precision,0.494983277591973,Smit_Cat
Lying,HMM,2,Recall,0.0534103211836882,Smit_Cat
Lying,HMM,2,F1,0.0964169381107492,Smit_Cat
Lying,HMM,2,Accuracy,0.501386582456365,Smit_Cat
Sitting,HMM,2,Precision,0.0710900473933649,Smit_Cat
Sitting,HMM,2,Recall,0.121247113163972,Smit_Cat
Sitting,HMM,2,F1,0.089628681177977,Smit_Cat
Sitting,HMM,2,Accuracy,0.420251139966476,Smit_Cat
Standing,HMM,2,Precision,0.0759493670886076,Smit_Cat
Standing,HMM,2,Recall,0.48876404494382,Smit_Cat
Standing,HMM,2,F1,0.131469588213071,Smit_Cat
Standing,HMM,2,Accuracy,0.548254544243265,Smit_Cat
Littering,HMM,2,Precision,0,Smit_Cat
Littering,HMM,2,Recall,0,Smit_Cat
Littering,HMM,2,F1,0,Smit_Cat
Littering,HMM,2,Accuracy,0.5,Smit_Cat
Macro-Average,HMM,2,Precision,0.411722199538809,Smit_Cat
Macro-Average,HMM,2,Recall,0.410119883982481,Smit_Cat
Macro-Average,HMM,2,F1,0.361190241608596,Smit_Cat
Macro-Average,HMM,2,Accuracy,0.647810400091332,Smit_Cat
Active,HMM,3,Precision,0.718579234972678,Smit_Cat
Active,HMM,3,Recall,0.386764705882353,Smit_Cat
Active,HMM,3,F1,0.502868068833652,Smit_Cat
Active,HMM,3,Accuracy,0.686332387164311,Smit_Cat
Eating,HMM,3,Precision,0.803921568627451,Smit_Cat
Eating,HMM,3,Recall,0.526992287917738,Smit_Cat
Eating,HMM,3,F1,0.636645962732919,Smit_Cat
Eating,HMM,3,Accuracy,0.760204938061028,Smit_Cat
Grooming,HMM,3,Precision,0.415952890792291,Smit_Cat
Grooming,HMM,3,Recall,0.754368932038835,Smit_Cat
Grooming,HMM,3,F1,0.536231884057971,Smit_Cat
Grooming,HMM,3,Accuracy,0.798751683848318,Smit_Cat
Littering,HMM,3,Precision,0.25,Smit_Cat
Littering,HMM,3,Recall,0.0181818181818182,Smit_Cat
Littering,HMM,3,F1,0.0338983050847458,Smit_Cat
Littering,HMM,3,Accuracy,0.508901753983721,Smit_Cat
Lying,HMM,3,Precision,0.624305782424044,Smit_Cat
Lying,HMM,3,Recall,0.583868010999083,Smit_Cat
Lying,HMM,3,F1,0.603410167350805,Smit_Cat
Lying,HMM,3,Accuracy,0.669905143020764,Smit_Cat
Sitting,HMM,3,Precision,0.397017707362535,Smit_Cat
Sitting,HMM,3,Recall,0.378162450066578,Smit_Cat
Sitting,HMM,3,F1,0.387360763809957,Smit_Cat
Sitting,HMM,3,Accuracy,0.576206137803701,Smit_Cat
Standing,HMM,3,Precision,0.231578947368421,Smit_Cat
Standing,HMM,3,Recall,0.216393442622951,Smit_Cat
Standing,HMM,3,F1,0.223728813559322,Smit_Cat
Standing,HMM,3,Accuracy,0.593938908811475,Smit_Cat
Macro-Average,HMM,3,Precision,0.491622304506774,Smit_Cat
Macro-Average,HMM,3,Recall,0.409247378244194,Smit_Cat
Macro-Average,HMM,3,F1,0.417734852204196,Smit_Cat
Macro-Average,HMM,3,Accuracy,0.656320136099045,Smit_Cat
Active,Mode,1,Precision,0.498910675381264,Smit_Cat
Active,Mode,1,Recall,0.819320214669052,Smit_Cat
Active,Mode,1,F1,0.620176032498307,Smit_Cat
Active,Mode,1,Accuracy,0.877988391553749,Smit_Cat
Eating,Mode,1,Precision,0.577868852459016,Smit_Cat
Eating,Mode,1,Recall,0.884012539184953,Smit_Cat
Eating,Mode,1,F1,0.698884758364312,Smit_Cat
Eating,Mode,1,Accuracy,0.913327444588996,Smit_Cat
Grooming,Mode,1,Precision,0.672297297297297,Smit_Cat
Grooming,Mode,1,Recall,0.671729957805907,Smit_Cat
Grooming,Mode,1,F1,0.672013507809202,Smit_Cat
Grooming,Mode,1,Accuracy,0.806630500301387,Smit_Cat
Lying,Mode,1,Precision,0.341269841269841,Smit_Cat
Lying,Mode,1,Recall,0.575571667596208,Smit_Cat
Lying,Mode,1,F1,0.428482457961387,Smit_Cat
Lying,Mode,1,Accuracy,0.622556902145814,Smit_Cat
Sitting,Mode,1,Precision,0.306474820143885,Smit_Cat
Sitting,Mode,1,Recall,0.188495575221239,Smit_Cat
Sitting,Mode,1,F1,0.233424657534247,Smit_Cat
Sitting,Mode,1,Accuracy,0.507572729167893,Smit_Cat
Standing,Mode,1,Precision,0.556231003039514,Smit_Cat
Standing,Mode,1,Recall,0.136771300448431,Smit_Cat
Standing,Mode,1,F1,0.219556088782244,Smit_Cat
Standing,Mode,1,Accuracy,0.557125431189818,Smit_Cat
Littering,Mode,1,Precision,0,Smit_Cat
Littering,Mode,1,Recall,0,Smit_Cat
Littering,Mode,1,F1,0,Smit_Cat
Littering,Mode,1,Accuracy,0.5,Smit_Cat
Macro-Average,Mode,1,Precision,0.421864641370117,Smit_Cat
Macro-Average,Mode,1,Recall,0.467985893560827,Smit_Cat
Macro-Average,Mode,1,F1,0.410362500421386,Smit_Cat
Macro-Average,Mode,1,Accuracy,0.683600199849665,Smit_Cat
Active,Mode,2,Precision,0.631481481481482,Smit_Cat
Active,Mode,2,Recall,0.863291139240506,Smit_Cat
Active,Mode,2,F1,0.729411764705882,Smit_Cat
Active,Mode,2,Accuracy,0.913075207544852,Smit_Cat
Eating,Mode,2,Precision,0.791075050709939,Smit_Cat
Eating,Mode,2,Recall,0.880361173814898,Smit_Cat
Eating,Mode,2,F1,0.833333333333333,Smit_Cat
Eating,Mode,2,Accuracy,0.930481905174869,Smit_Cat
Grooming,Mode,2,Precision,0.842538190364277,Smit_Cat
Grooming,Mode,2,Recall,0.79933110367893,Smit_Cat
Grooming,Mode,2,F1,0.820366132723112,Smit_Cat
Grooming,Mode,2,Accuracy,0.885868187753798,Smit_Cat
Lying,Mode,2,Precision,0.542124542124542,Smit_Cat
Lying,Mode,2,Recall,0.0534103211836882,Smit_Cat
Lying,Mode,2,F1,0.0972404730617609,Smit_Cat
Lying,Mode,2,Accuracy,0.505746072731348,Smit_Cat
Sitting,Mode,2,Precision,0.047098402018503,Smit_Cat
Sitting,Mode,2,Recall,0.0646651270207852,Smit_Cat
Sitting,Mode,2,F1,0.0545012165450122,Smit_Cat
Sitting,Mode,2,Accuracy,0.416412776319887,Smit_Cat
Standing,Mode,2,Precision,0.0727046115496469,Smit_Cat
Standing,Mode,2,Recall,0.491573033707865,Smit_Cat
Standing,Mode,2,F1,0.126673905175534,Smit_Cat
Standing,Mode,2,Accuracy,0.539004971550987,Smit_Cat
Littering,Mode,2,Precision,0,Smit_Cat
Littering,Mode,2,Recall,0,Smit_Cat
Littering,Mode,2,F1,0,Smit_Cat
Littering,Mode,2,Accuracy,0.5,Smit_Cat
Macro-Average,Mode,2,Precision,0.41814603974977,Smit_Cat
Macro-Average,Mode,2,Recall,0.450375985520953,Smit_Cat
Macro-Average,Mode,2,F1,0.380218117934948,Smit_Cat
Macro-Average,Mode,2,Accuracy,0.670084160153677,Smit_Cat
Active,Mode,3,Precision,0.591876208897486,Smit_Cat
Active,Mode,3,Recall,0.45,Smit_Cat
Active,Mode,3,F1,0.511278195488722,Smit_Cat
Active,Mode,3,Accuracy,0.710557837097878,Smit_Cat
Eating,Mode,3,Precision,0.75,Smit_Cat
Eating,Mode,3,Recall,0.640102827763496,Smit_Cat
Eating,Mode,3,F1,0.690707350901526,Smit_Cat
Eating,Mode,3,Accuracy,0.814588012091332,Smit_Cat
Grooming,Mode,3,Precision,0.394061399094112,Smit_Cat
Grooming,Mode,3,Recall,0.760194174757282,Smit_Cat
Grooming,Mode,3,F1,0.519058667550547,Smit_Cat
Grooming,Mode,3,Accuracy,0.793540653158655,Smit_Cat
Littering,Mode,3,Precision,0.125,Smit_Cat
Littering,Mode,3,Recall,0.0181818181818182,Smit_Cat
Littering,Mode,3,F1,0.0317460317460317,Smit_Cat
Littering,Mode,3,Accuracy,0.508649547174137,Smit_Cat
Lying,Mode,3,Precision,0.62995839112344,Smit_Cat
Lying,Mode,3,Recall,0.693858845096242,Smit_Cat
Lying,Mode,3,F1,0.660366385577203,Smit_Cat
Lying,Mode,3,Accuracy,0.705375942072739,Smit_Cat
Sitting,Mode,3,Precision,0.484615384615385,Smit_Cat
Sitting,Mode,3,Recall,0.279627163781625,Smit_Cat
Sitting,Mode,3,F1,0.354629890233605,Smit_Cat
Sitting,Mode,3,Accuracy,0.581369757745662,Smit_Cat
Standing,Mode,3,Precision,0.13135593220339,Smit_Cat
Standing,Mode,3,Recall,0.101639344262295,Smit_Cat
Standing,Mode,3,F1,0.11460258780037,Smit_Cat
Standing,Mode,3,Accuracy,0.537473317964481,Smit_Cat
Macro-Average,Mode,3,Precision,0.443838187990545,Smit_Cat
Macro-Average,Mode,3,Recall,0.420514881977537,Smit_Cat
Macro-Average,Mode,3,F1,0.411769872756858,Smit_Cat
Macro-Average,Mode,3,Accuracy,0.664507866757841,Smit_Cat
Active,No,1,Precision,0.521464646464647,Smit_Cat
Active,No,1,Recall,0.738819320214669,Smit_Cat
Active,No,1,F1,0.61139896373057,Smit_Cat
Active,No,1,Accuracy,0.843314920366216,Smit_Cat
Eating,No,1,Precision,0.582978723404255,Smit_Cat
Eating,No,1,Recall,0.858934169278997,Smit_Cat
Eating,No,1,F1,0.694550063371356,Smit_Cat
Eating,No,1,Accuracy,0.902180435607061,Smit_Cat
Grooming,No,1,Precision,0.628048780487805,Smit_Cat
Grooming,No,1,Recall,0.608438818565401,Smit_Cat
Grooming,No,1,F1,0.618088298328333,Smit_Cat
Grooming,No,1,Accuracy,0.77204641350211,Smit_Cat
Lying,No,1,Precision,0.35956678700361,Smit_Cat
Lying,No,1,Recall,0.555493586168433,Smit_Cat
Lying,No,1,F1,0.43655489809336,Smit_Cat
Lying,No,1,Accuracy,0.63060014411275,Smit_Cat
Sitting,No,1,Precision,0.335054874112331,Smit_Cat
Sitting,No,1,Recall,0.229646017699115,Smit_Cat
Sitting,No,1,F1,0.272512470464689,Smit_Cat
Sitting,No,1,Accuracy,0.522213765907641,Smit_Cat
Standing,No,1,Precision,0.491961414790997,Smit_Cat
Standing,No,1,Recall,0.228699551569507,Smit_Cat
Standing,No,1,F1,0.312244897959184,Smit_Cat
Standing,No,1,Accuracy,0.589978342806194,Smit_Cat
Littering,No,1,Precision,0,Smit_Cat
Littering,No,1,Recall,0,Smit_Cat
Littering,No,1,F1,0,Smit_Cat
Littering,No,1,Accuracy,0.5,Smit_Cat
Macro-Average,No,1,Precision,0.417010746609092,Smit_Cat
Macro-Average,No,1,Recall,0.46000449478516,Smit_Cat
Macro-Average,No,1,F1,0.42076422742107,Smit_Cat
Macro-Average,No,1,Accuracy,0.68004771747171,Smit_Cat
Active,No,2,Precision,0.617357001972387,Smit_Cat
Active,No,2,Recall,0.792405063291139,Smit_Cat
Active,No,2,F1,0.694013303769401,Smit_Cat
Active,No,2,Accuracy,0.878098761582113,Smit_Cat
Eating,No,2,Precision,0.742596810933941,Smit_Cat
Eating,No,2,Recall,0.735891647855531,Smit_Cat
Eating,No,2,F1,0.739229024943311,Smit_Cat
Eating,No,2,Accuracy,0.857305522609498,Smit_Cat
Grooming,No,2,Precision,0.767281105990783,Smit_Cat
Grooming,No,2,Recall,0.74247491638796,Smit_Cat
Grooming,No,2,F1,0.754674220963173,Smit_Cat
Grooming,No,2,Accuracy,0.850438446661855,Smit_Cat
Littering,No,2,Precision,0,Smit_Cat
Littering,No,2,Recall,0,Smit_Cat
Littering,No,2,F1,0,Smit_Cat
Littering,No,2,Accuracy,0.499825418994413,Smit_Cat
Lying,No,2,Precision,0.53,Smit_Cat
Lying,No,2,Recall,0.057380007217611,Smit_Cat
Lying,No,2,F1,0.103549332464995,Smit_Cat
Lying,No,2,Accuracy,0.505048152502166,Smit_Cat
Sitting,No,2,Precision,0.0691399662731872,Smit_Cat
Sitting,No,2,Recall,0.0946882217090069,Smit_Cat
Sitting,No,2,F1,0.0799220272904483,Smit_Cat
Sitting,No,2,Accuracy,0.434391379117241,Smit_Cat
Standing,No,2,Precision,0.0746634026927785,Smit_Cat
Standing,No,2,Recall,0.514044943820225,Smit_Cat
Standing,No,2,F1,0.130388314926968,Smit_Cat
Standing,No,2,Accuracy,0.546905740392603,Smit_Cat
Macro-Average,No,2,Precision,0.400148326837582,Smit_Cat
Macro-Average,No,2,Recall,0.419554971468782,Smit_Cat
Macro-Average,No,2,F1,0.357396603479757,Smit_Cat
Macro-Average,No,2,Accuracy,0.653144774551413,Smit_Cat
Active,No,3,Precision,0.646825396825397,Smit_Cat
Active,No,3,Recall,0.479411764705882,Smit_Cat
Active,No,3,F1,0.550675675675676,Smit_Cat
Active,No,3,Accuracy,0.727522446350203,Smit_Cat
Eating,No,3,Precision,0.711920529801325,Smit_Cat
Eating,No,3,Recall,0.552699228791774,Smit_Cat
Eating,No,3,F1,0.622286541244573,Smit_Cat
Eating,No,3,Accuracy,0.770622916133644,Smit_Cat
Grooming,No,3,Precision,0.375255623721881,Smit_Cat
Grooming,No,3,Recall,0.712621359223301,Smit_Cat
Grooming,No,3,F1,0.491627595445412,Smit_Cat
Grooming,No,3,Accuracy,0.768460212321931,Smit_Cat
Littering,No,3,Precision,0.0625,Smit_Cat
Littering,No,3,Recall,0.0181818181818182,Smit_Cat
Littering,No,3,F1,0.028169014084507,Smit_Cat
Littering,No,3,Accuracy,0.50814513355497,Smit_Cat
Lying,No,3,Precision,0.6219982211681,Smit_Cat
Lying,No,3,Recall,0.641002138710663,Smit_Cat
Lying,No,3,F1,0.631357207342763,Smit_Cat
Lying,No,3,Accuracy,0.685208200085383,Smit_Cat
Sitting,No,3,Precision,0.463855421686747,Smit_Cat
Sitting,No,3,Recall,0.307589880159787,Smit_Cat
Sitting,No,3,F1,0.369895916733387,Smit_Cat
Sitting,No,3,Accuracy,0.583924039870543,Smit_Cat
Standing,No,3,Precision,0.129411764705882,Smit_Cat
Standing,No,3,Recall,0.144262295081967,Smit_Cat
Standing,No,3,F1,0.136434108527132,Smit_Cat
Standing,No,3,Accuracy,0.55286031420765,Smit_Cat
Macro-Average,No,3,Precision,0.430252422558476,Smit_Cat
Macro-Average,No,3,Recall,0.407966926407885,Smit_Cat
Macro-Average,No,3,F1,0.404349437007636,Smit_Cat
Macro-Average,No,3,Accuracy,0.656677608932046,Smit_Cat
Active,Transition,1,Precision,0.543193717277487,Smit_Cat
Active,Transition,1,Recall,0.742397137745975,Smit_Cat
Active,Transition,1,F1,0.627362055933484,Smit_Cat
Active,Transition,1,Accuracy,0.847169375813224,Smit_Cat
Eating,Transition,1,Precision,0.615470852017937,Smit_Cat
Eating,Transition,1,Recall,0.860501567398119,Smit_Cat
Eating,Transition,1,F1,0.717647058823529,Smit_Cat
Eating,Transition,1,Accuracy,0.906374965795677,Smit_Cat
Grooming,Transition,1,Precision,0.641589180050719,Smit_Cat
Grooming,Transition,1,Recall,0.640506329113924,Smit_Cat
Grooming,Transition,1,F1,0.641047297297297,Smit_Cat
Grooming,Transition,1,Accuracy,0.788306208559373,Smit_Cat
Lying,Transition,1,Precision,0.363066715812753,Smit_Cat
Lying,Transition,1,Recall,0.549358616843279,Smit_Cat
Lying,Transition,1,F1,0.437194851309365,Smit_Cat
Lying,Transition,1,Accuracy,0.631348186988329,Smit_Cat
Sitting,Transition,1,Precision,0.323076923076923,Smit_Cat
Sitting,Transition,1,Recall,0.250884955752212,Smit_Cat
Sitting,Transition,1,F1,0.282440846824408,Smit_Cat
Sitting,Transition,1,Accuracy,0.518627156890672,Smit_Cat
Standing,Transition,1,Precision,0.531128404669261,Smit_Cat
Standing,Transition,1,Recall,0.204035874439462,Smit_Cat
Standing,Transition,1,F1,0.294816414686825,Smit_Cat
Standing,Transition,1,Accuracy,0.583430863334184,Smit_Cat
Littering,Transition,1,Precision,0,Smit_Cat
Littering,Transition,1,Recall,0,Smit_Cat
Littering,Transition,1,F1,0,Smit_Cat
Littering,Transition,1,Accuracy,0.5,Smit_Cat
Macro-Average,Transition,1,Precision,0.431075113272154,Smit_Cat
Macro-Average,Transition,1,Recall,0.463954925898996,Smit_Cat
Macro-Average,Transition,1,F1,0.42864407498213,Smit_Cat
Macro-Average,Transition,1,Accuracy,0.68217953676878,Smit_Cat
Active,Transition,2,Precision,0.639112903225807,Smit_Cat
Active,Transition,2,Recall,0.80253164556962,Smit_Cat
Active,Transition,2,F1,0.711560044893378,Smit_Cat
Active,Transition,2,Accuracy,0.884561828757188,Smit_Cat
Eating,Transition,2,Precision,0.792452830188679,Smit_Cat
Eating,Transition,2,Recall,0.758465011286682,Smit_Cat
Eating,Transition,2,F1,0.775086505190311,Smit_Cat
Eating,Transition,2,Accuracy,0.870946253289292,Smit_Cat
Grooming,Transition,2,Precision,0.811320754716981,Smit_Cat
Grooming,Transition,2,Recall,0.767001114827202,Smit_Cat
Grooming,Transition,2,F1,0.788538681948424,Smit_Cat
Grooming,Transition,2,Accuracy,0.8670260928337,Smit_Cat
Lying,Transition,2,Precision,0.529644268774704,Smit_Cat
Lying,Transition,2,Recall,0.0483579935041501,Smit_Cat
Lying,Transition,2,F1,0.0886243386243386,Smit_Cat
Lying,Transition,2,Accuracy,0.504225945108883,Smit_Cat
Sitting,Transition,2,Precision,0.0629084967320261,Smit_Cat
Sitting,Transition,2,Recall,0.0889145496535797,Smit_Cat
Sitting,Transition,2,F1,0.0736842105263158,Smit_Cat
Sitting,Transition,2,Accuracy,0.427105116038167,Smit_Cat
Standing,Transition,2,Precision,0.0789473684210526,Smit_Cat
Standing,Transition,2,Recall,0.556179775280899,Smit_Cat
Standing,Transition,2,F1,0.138268156424581,Smit_Cat
Standing,Transition,2,Accuracy,0.564082105539282,Smit_Cat
Littering,Transition,2,Precision,0,Smit_Cat
Littering,Transition,2,Recall,0,Smit_Cat
Littering,Transition,2,F1,0,Smit_Cat
Littering,Transition,2,Accuracy,0.5,Smit_Cat
Macro-Average,Transition,2,Precision,0.416340946008464,Smit_Cat
Macro-Average,Transition,2,Recall,0.431635727160305,Smit_Cat
Macro-Average,Transition,2,F1,0.367965991086764,Smit_Cat
Macro-Average,Transition,2,Accuracy,0.65970676308093,Smit_Cat
Active,Transition,3,Precision,0.662337662337662,Smit_Cat
Active,Transition,3,Recall,0.45,Smit_Cat
Active,Transition,3,F1,0.535901926444834,Smit_Cat
Active,Transition,3,Accuracy,0.714322381930185,Smit_Cat
Eating,Transition,3,Precision,0.748275862068966,Smit_Cat
Eating,Transition,3,Recall,0.557840616966581,Smit_Cat
Eating,Transition,3,F1,0.639175257731959,Smit_Cat
Eating,Transition,3,Accuracy,0.774115147872443,Smit_Cat
Grooming,Transition,3,Precision,0.381338742393509,Smit_Cat
Grooming,Transition,3,Recall,0.730097087378641,Smit_Cat
Grooming,Transition,3,F1,0.500999333777482,Smit_Cat
Grooming,Transition,3,Accuracy,0.777341857851793,Smit_Cat
Littering,Transition,3,Precision,0.125,Smit_Cat
Littering,Transition,3,Recall,0.0181818181818182,Smit_Cat
Littering,Transition,3,F1,0.0317460317460317,Smit_Cat
Littering,Transition,3,Accuracy,0.508649547174137,Smit_Cat
Lying,Transition,3,Precision,0.626480412997267,Smit_Cat
Lying,Transition,3,Recall,0.630308585395662,Smit_Cat
Lying,Transition,3,F1,0.628388668900396,Smit_Cat
Lying,Transition,3,Accuracy,0.684636465872703,Smit_Cat
Sitting,Transition,3,Precision,0.452088452088452,Smit_Cat
Sitting,Transition,3,Recall,0.326675543719485,Smit_Cat
Sitting,Transition,3,F1,0.379283689770678,Smit_Cat
Sitting,Transition,3,Accuracy,0.585528979117244,Smit_Cat
Standing,Transition,3,Precision,0.177710843373494,Smit_Cat
Standing,Transition,3,Recall,0.19344262295082,Smit_Cat
Standing,Transition,3,F1,0.185243328100471,Smit_Cat
Standing,Transition,3,Accuracy,0.57894787397541,Smit_Cat
Macro-Average,Transition,3,Precision,0.453318853608479,Smit_Cat
Macro-Average,Transition,3,Recall,0.41522089637043,Smit_Cat
Macro-Average,Transition,3,F1,0.414391176638836,Smit_Cat
Macro-Average,Transition,3,Accuracy,0.660506036256274,Smit_Cat
Foraging,Bayesian,1,Precision,0.948979591836735,Sparkes_Koala
Foraging,Bayesian,1,Recall,0.93,Sparkes_Koala
Foraging,Bayesian,1,F1,0.939393939393939,Sparkes_Koala
Foraging,Bayesian,1,Accuracy,0.960487364620939,Sparkes_Koala
Locomotion,Bayesian,1,Precision,0.98989898989899,Sparkes_Koala
Locomotion,Bayesian,1,Recall,0.98,Sparkes_Koala
Locomotion,Bayesian,1,F1,0.984924623115578,Sparkes_Koala
Locomotion,Bayesian,1,Accuracy,0.989097472924188,Sparkes_Koala
Stationary,Bayesian,1,Precision,0.99,Sparkes_Koala
Stationary,Bayesian,1,Recall,0.383720930232558,Sparkes_Koala
Stationary,Bayesian,1,F1,0.553072625698324,Sparkes_Koala
Stationary,Bayesian,1,Accuracy,0.690597838853653,Sparkes_Koala
TreeMovement,Bayesian,1,Precision,0.540616246498599,Sparkes_Koala
TreeMovement,Bayesian,1,Recall,0.984693877551021,Sparkes_Koala
TreeMovement,Bayesian,1,F1,0.698010849909584,Sparkes_Koala
TreeMovement,Bayesian,1,Accuracy,0.813307637465467,Sparkes_Koala
Macro-Average,Bayesian,1,Precision,0.867373707058581,Sparkes_Koala
Macro-Average,Bayesian,1,Recall,0.819603701945895,Sparkes_Koala
Macro-Average,Bayesian,1,F1,0.793850509529356,Sparkes_Koala
Macro-Average,Bayesian,1,Accuracy,0.863372578466062,Sparkes_Koala
Foraging,Bayesian,2,Precision,0.902173913043478,Sparkes_Koala
Foraging,Bayesian,2,Recall,0.416040100250627,Sparkes_Koala
Foraging,Bayesian,2,F1,0.569468267581475,Sparkes_Koala
Foraging,Bayesian,2,Accuracy,0.694784756007666,Sparkes_Koala
Locomotion,Bayesian,2,Precision,0.948905109489051,Sparkes_Koala
Locomotion,Bayesian,2,Recall,0.915492957746479,Sparkes_Koala
Locomotion,Bayesian,2,F1,0.931899641577061,Sparkes_Koala
Locomotion,Bayesian,2,Accuracy,0.954011153366302,Sparkes_Koala
Stationary,Bayesian,2,Precision,0.474576271186441,Sparkes_Koala
Stationary,Bayesian,2,Recall,0.916363636363636,Sparkes_Koala
Stationary,Bayesian,2,F1,0.625310173697271,Sparkes_Koala
Stationary,Bayesian,2,Accuracy,0.784674355495251,Sparkes_Koala
TreeMovement,Bayesian,2,Precision,0.519823788546256,Sparkes_Koala
TreeMovement,Bayesian,2,Recall,0.448669201520913,Sparkes_Koala
TreeMovement,Bayesian,2,F1,0.481632653061225,Sparkes_Koala
TreeMovement,Bayesian,2,Accuracy,0.657545385074182,Sparkes_Koala
Macro-Average,Bayesian,2,Precision,0.711369770566306,Sparkes_Koala
Macro-Average,Bayesian,2,Recall,0.674141473970414,Sparkes_Koala
Macro-Average,Bayesian,2,F1,0.652077683979258,Sparkes_Koala
Macro-Average,Bayesian,2,Accuracy,0.77275391248585,Sparkes_Koala
Foraging,Bayesian,3,Precision,0.951923076923077,Sparkes_Koala
Foraging,Bayesian,3,Recall,0.99,Sparkes_Koala
Foraging,Bayesian,3,F1,0.970588235294118,Sparkes_Koala
Foraging,Bayesian,3,Accuracy,0.989033412887828,Sparkes_Koala
Locomotion,Bayesian,3,Precision,1,Sparkes_Koala
Locomotion,Bayesian,3,Recall,1,Sparkes_Koala
Locomotion,Bayesian,3,F1,1,Sparkes_Koala
Locomotion,Bayesian,3,Accuracy,1,Sparkes_Koala
Stationary,Bayesian,3,Precision,1,Sparkes_Koala
Stationary,Bayesian,3,Recall,0.685897435897436,Sparkes_Koala
Stationary,Bayesian,3,F1,0.813688212927757,Sparkes_Koala
Stationary,Bayesian,3,Accuracy,0.842948717948718,Sparkes_Koala
TreeMovement,Bayesian,3,Precision,0.783653846153846,Sparkes_Koala
TreeMovement,Bayesian,3,Recall,1,Sparkes_Koala
TreeMovement,Bayesian,3,F1,0.878706199460916,Sparkes_Koala
TreeMovement,Bayesian,3,Accuracy,0.936797752808989,Sparkes_Koala
Macro-Average,Bayesian,3,Precision,0.933894230769231,Sparkes_Koala
Macro-Average,Bayesian,3,Recall,0.918974358974359,Sparkes_Koala
Macro-Average,Bayesian,3,F1,0.915745661920698,Sparkes_Koala
Macro-Average,Bayesian,3,Accuracy,0.942194970911384,Sparkes_Koala
Foraging,Duration,1,Precision,0.845454545454546,Sparkes_Koala
Foraging,Duration,1,Recall,0.93,Sparkes_Koala
Foraging,Duration,1,F1,0.885714285714286,Sparkes_Koala
Foraging,Duration,1,Accuracy,0.949657039711191,Sparkes_Koala
Locomotion,Duration,1,Precision,0.921875,Sparkes_Koala
Locomotion,Duration,1,Recall,0.59,Sparkes_Koala
Locomotion,Duration,1,F1,0.719512195121951,Sparkes_Koala
Locomotion,Duration,1,Accuracy,0.790487364620939,Sparkes_Koala
Stationary,Duration,1,Precision,0.9921875,Sparkes_Koala
Stationary,Duration,1,Recall,0.492248062015504,Sparkes_Koala
Stationary,Duration,1,F1,0.658031088082902,Sparkes_Koala
Stationary,Duration,1,Accuracy,0.744861404745126,Sparkes_Koala
TreeMovement,Duration,1,Precision,0.519886363636364,Sparkes_Koala
TreeMovement,Duration,1,Recall,0.933673469387755,Sparkes_Koala
TreeMovement,Duration,1,F1,0.667883211678832,Sparkes_Koala
TreeMovement,Duration,1,Accuracy,0.782338918099991,Sparkes_Koala
Macro-Average,Duration,1,Precision,0.819850852272727,Sparkes_Koala
Macro-Average,Duration,1,Recall,0.736480382850815,Sparkes_Koala
Macro-Average,Duration,1,F1,0.732785195149493,Sparkes_Koala
Macro-Average,Duration,1,Accuracy,0.816836181794312,Sparkes_Koala
Foraging,Duration,2,Precision,0.813131313131313,Sparkes_Koala
Foraging,Duration,2,Recall,0.403508771929825,Sparkes_Koala
Foraging,Duration,2,F1,0.539363484087102,Sparkes_Koala
Foraging,Duration,2,Accuracy,0.674548503611971,Sparkes_Koala
Locomotion,Duration,2,Precision,0.91156462585034,Sparkes_Koala
Locomotion,Duration,2,Recall,0.943661971830986,Sparkes_Koala
Locomotion,Duration,2,F1,0.927335640138408,Sparkes_Koala
Locomotion,Duration,2,Accuracy,0.964893952831181,Sparkes_Koala
Stationary,Duration,2,Precision,0.495291902071563,Sparkes_Koala
Stationary,Duration,2,Recall,0.956363636363636,Sparkes_Koala
Stationary,Duration,2,F1,0.652605459057072,Sparkes_Koala
Stationary,Duration,2,Accuracy,0.811515151515152,Sparkes_Koala
TreeMovement,Duration,2,Precision,0.586206896551724,Sparkes_Koala
TreeMovement,Duration,2,Recall,0.452471482889734,Sparkes_Koala
TreeMovement,Duration,2,F1,0.510729613733906,Sparkes_Koala
TreeMovement,Duration,2,Accuracy,0.674765153209573,Sparkes_Koala
Macro-Average,Duration,2,Precision,0.701548684401235,Sparkes_Koala
Macro-Average,Duration,2,Recall,0.689001465753545,Sparkes_Koala
Macro-Average,Duration,2,F1,0.657508549254122,Sparkes_Koala
Macro-Average,Duration,2,Accuracy,0.781430690291969,Sparkes_Koala
Foraging,Duration,3,Precision,0.60248447204969,Sparkes_Koala
Foraging,Duration,3,Recall,0.97,Sparkes_Koala
Foraging,Duration,3,F1,0.743295019157088,Sparkes_Koala
Foraging,Duration,3,Accuracy,0.9086276849642,Sparkes_Koala
Locomotion,Duration,3,Precision,0.984615384615385,Sparkes_Koala
Locomotion,Duration,3,Recall,0.64,Sparkes_Koala
Locomotion,Duration,3,F1,0.775757575757576,Sparkes_Koala
Locomotion,Duration,3,Accuracy,0.818806682577566,Sparkes_Koala
Stationary,Duration,3,Precision,0.926229508196721,Sparkes_Koala
Stationary,Duration,3,Recall,0.724358974358974,Sparkes_Koala
Stationary,Duration,3,F1,0.81294964028777,Sparkes_Koala
Stationary,Duration,3,Accuracy,0.849782792964611,Sparkes_Koala
TreeMovement,Duration,3,Precision,0.853801169590643,Sparkes_Koala
TreeMovement,Duration,3,Recall,0.895705521472393,Sparkes_Koala
TreeMovement,Duration,3,F1,0.874251497005988,Sparkes_Koala
TreeMovement,Duration,3,Accuracy,0.912740401185635,Sparkes_Koala
Macro-Average,Duration,3,Precision,0.84178263361311,Sparkes_Koala
Macro-Average,Duration,3,Recall,0.807516123957842,Sparkes_Koala
Macro-Average,Duration,3,F1,0.801563433052105,Sparkes_Koala
Macro-Average,Duration,3,Accuracy,0.872489390423003,Sparkes_Koala
Foraging,HMM,1,Precision,0.641379310344828,Sparkes_Koala
Foraging,HMM,1,Recall,0.93,Sparkes_Koala
Foraging,HMM,1,F1,0.759183673469388,Sparkes_Koala
Foraging,HMM,1,Accuracy,0.918068592057762,Sparkes_Koala
Locomotion,HMM,1,Precision,0.950819672131147,Sparkes_Koala
Locomotion,HMM,1,Recall,0.58,Sparkes_Koala
Locomotion,HMM,1,F1,0.720496894409938,Sparkes_Koala
Locomotion,HMM,1,Accuracy,0.787292418772563,Sparkes_Koala
Stationary,HMM,1,Precision,1,Sparkes_Koala
Stationary,HMM,1,Recall,0.534883720930233,Sparkes_Koala
Stationary,HMM,1,F1,0.696969696969697,Sparkes_Koala
Stationary,HMM,1,Accuracy,0.767441860465116,Sparkes_Koala
TreeMovement,HMM,1,Precision,0.596774193548387,Sparkes_Koala
TreeMovement,HMM,1,Recall,0.943877551020408,Sparkes_Koala
TreeMovement,HMM,1,F1,0.731225296442688,Sparkes_Koala
TreeMovement,HMM,1,Accuracy,0.835475893414134,Sparkes_Koala
Macro-Average,HMM,1,Precision,0.797243294006091,Sparkes_Koala
Macro-Average,HMM,1,Recall,0.74719031798766,Sparkes_Koala
Macro-Average,HMM,1,F1,0.726968890322928,Sparkes_Koala
Macro-Average,HMM,1,Accuracy,0.827069691177394,Sparkes_Koala
Foraging,HMM,2,Precision,0.775401069518717,Sparkes_Koala
Foraging,HMM,2,Recall,0.363408521303258,Sparkes_Koala
Foraging,HMM,2,F1,0.494880546075085,Sparkes_Koala
Foraging,HMM,2,Accuracy,0.650821907710453,Sparkes_Koala
Locomotion,HMM,2,Precision,0.915492957746479,Sparkes_Koala
Locomotion,HMM,2,Recall,0.915492957746479,Sparkes_Koala
Locomotion,HMM,2,F1,0.915492957746479,Sparkes_Koala
Locomotion,HMM,2,Accuracy,0.95134306371849,Sparkes_Koala
Stationary,HMM,2,Precision,0.538947368421053,Sparkes_Koala
Stationary,HMM,2,Recall,0.930909090909091,Sparkes_Koala
Stationary,HMM,2,F1,0.682666666666667,Sparkes_Koala
Stationary,HMM,2,Accuracy,0.829260515603799,Sparkes_Koala
TreeMovement,HMM,2,Precision,0.490909090909091,Sparkes_Koala
TreeMovement,HMM,2,Recall,0.513307984790874,Sparkes_Koala
TreeMovement,HMM,2,F1,0.50185873605948,Sparkes_Koala
TreeMovement,HMM,2,Accuracy,0.670869678669947,Sparkes_Koala
Macro-Average,HMM,2,Precision,0.680187621648835,Sparkes_Koala
Macro-Average,HMM,2,Recall,0.680779638687426,Sparkes_Koala
Macro-Average,HMM,2,F1,0.648724726636928,Sparkes_Koala
Macro-Average,HMM,2,Accuracy,0.775573791425672,Sparkes_Koala
Foraging,HMM,3,Precision,0.625,Sparkes_Koala
Foraging,HMM,3,Recall,0.95,Sparkes_Koala
Foraging,HMM,3,F1,0.753968253968254,Sparkes_Koala
Foraging,HMM,3,Accuracy,0.906980906921241,Sparkes_Koala
Locomotion,HMM,3,Precision,0.984615384615385,Sparkes_Koala
Locomotion,HMM,3,Recall,0.64,Sparkes_Koala
Locomotion,HMM,3,F1,0.775757575757576,Sparkes_Koala
Locomotion,HMM,3,Accuracy,0.818806682577566,Sparkes_Koala
Stationary,HMM,3,Precision,0.9140625,Sparkes_Koala
Stationary,HMM,3,Recall,0.75,Sparkes_Koala
Stationary,HMM,3,F1,0.823943661971831,Sparkes_Koala
Stationary,HMM,3,Accuracy,0.859848484848485,Sparkes_Koala
TreeMovement,HMM,3,Precision,0.85632183908046,Sparkes_Koala
TreeMovement,HMM,3,Recall,0.914110429447853,Sparkes_Koala
TreeMovement,HMM,3,F1,0.884272997032641,Sparkes_Koala
TreeMovement,HMM,3,Accuracy,0.921942855173365,Sparkes_Koala
Macro-Average,HMM,3,Precision,0.844999930923961,Sparkes_Koala
Macro-Average,HMM,3,Recall,0.813527607361963,Sparkes_Koala
Macro-Average,HMM,3,F1,0.809485622182575,Sparkes_Koala
Macro-Average,HMM,3,Accuracy,0.876894732380164,Sparkes_Koala
Foraging,Mode,1,Precision,0.864077669902913,Sparkes_Koala
Foraging,Mode,1,Recall,0.89,Sparkes_Koala
Foraging,Mode,1,F1,0.876847290640394,Sparkes_Koala
Foraging,Mode,1,Accuracy,0.932364620938628,Sparkes_Koala
Locomotion,Mode,1,Precision,0.967741935483871,Sparkes_Koala
Locomotion,Mode,1,Recall,0.6,Sparkes_Koala
Locomotion,Mode,1,F1,0.740740740740741,Sparkes_Koala
Locomotion,Mode,1,Accuracy,0.798194945848375,Sparkes_Koala
Stationary,Mode,1,Precision,0.992,Sparkes_Koala
Stationary,Mode,1,Recall,0.48062015503876,Sparkes_Koala
Stationary,Mode,1,F1,0.647519582245431,Sparkes_Koala
Stationary,Mode,1,Accuracy,0.739047451256754,Sparkes_Koala
TreeMovement,Mode,1,Precision,0.516483516483517,Sparkes_Koala
TreeMovement,Mode,1,Recall,0.959183673469388,Sparkes_Koala
TreeMovement,Mode,1,F1,0.671428571428572,Sparkes_Koala
TreeMovement,Mode,1,Accuracy,0.787452098743428,Sparkes_Koala
Macro-Average,Mode,1,Precision,0.835075780467575,Sparkes_Koala
Macro-Average,Mode,1,Recall,0.732450957127037,Sparkes_Koala
Macro-Average,Mode,1,F1,0.734134046263784,Sparkes_Koala
Macro-Average,Mode,1,Accuracy,0.814264779196796,Sparkes_Koala
Foraging,Mode,2,Precision,0.808290155440415,Sparkes_Koala
Foraging,Mode,2,Recall,0.390977443609023,Sparkes_Koala
Foraging,Mode,2,F1,0.527027027027027,Sparkes_Koala
Foraging,Mode,2,Accuracy,0.66828283945157,Sparkes_Koala
Locomotion,Mode,2,Precision,0.887417218543046,Sparkes_Koala
Locomotion,Mode,2,Recall,0.943661971830986,Sparkes_Koala
Locomotion,Mode,2,F1,0.914675767918089,Sparkes_Koala
Locomotion,Mode,2,Accuracy,0.962759481112932,Sparkes_Koala
Stationary,Mode,2,Precision,0.477064220183486,Sparkes_Koala
Stationary,Mode,2,Recall,0.945454545454546,Sparkes_Koala
Stationary,Mode,2,F1,0.634146341463415,Sparkes_Koala
Stationary,Mode,2,Accuracy,0.795488466757124,Sparkes_Koala
TreeMovement,Mode,2,Precision,0.563157894736842,Sparkes_Koala
TreeMovement,Mode,2,Recall,0.406844106463878,Sparkes_Koala
TreeMovement,Mode,2,F1,0.472406181015453,Sparkes_Koala
TreeMovement,Mode,2,Accuracy,0.652564210094684,Sparkes_Koala
Macro-Average,Mode,2,Precision,0.683982372225947,Sparkes_Koala
Macro-Average,Mode,2,Recall,0.671734516839608,Sparkes_Koala
Macro-Average,Mode,2,F1,0.637063829355996,Sparkes_Koala
Macro-Average,Mode,2,Accuracy,0.769773749354077,Sparkes_Koala
Foraging,Mode,3,Precision,0.463768115942029,Sparkes_Koala
Foraging,Mode,3,Recall,0.96,Sparkes_Koala
Foraging,Mode,3,F1,0.625407166123779,Sparkes_Koala
Foraging,Mode,3,Accuracy,0.847541766109785,Sparkes_Koala
Locomotion,Mode,3,Precision,1,Sparkes_Koala
Locomotion,Mode,3,Recall,0.68,Sparkes_Koala
Locomotion,Mode,3,F1,0.80952380952381,Sparkes_Koala
Locomotion,Mode,3,Accuracy,0.84,Sparkes_Koala
Stationary,Mode,3,Precision,0.944444444444444,Sparkes_Koala
Stationary,Mode,3,Recall,0.435897435897436,Sparkes_Koala
Stationary,Mode,3,F1,0.596491228070176,Sparkes_Koala
Stationary,Mode,3,Accuracy,0.71243907607544,Sparkes_Koala
TreeMovement,Mode,3,Precision,0.895348837209302,Sparkes_Koala
TreeMovement,Mode,3,Recall,0.94478527607362,Sparkes_Koala
TreeMovement,Mode,3,F1,0.919402985074627,Sparkes_Koala
TreeMovement,Mode,3,Accuracy,0.947111739160405,Sparkes_Koala
Macro-Average,Mode,3,Precision,0.825890349398944,Sparkes_Koala
Macro-Average,Mode,3,Recall,0.755170677992764,Sparkes_Koala
Macro-Average,Mode,3,F1,0.737706297198098,Sparkes_Koala
Macro-Average,Mode,3,Accuracy,0.836773145336408,Sparkes_Koala
Foraging,No,1,Precision,0.792079207920792,Sparkes_Koala
Foraging,No,1,Recall,0.8,Sparkes_Koala
Foraging,No,1,F1,0.796019900497513,Sparkes_Koala
Foraging,No,1,Accuracy,0.881046931407942,Sparkes_Koala
Locomotion,No,1,Precision,0.950819672131147,Sparkes_Koala
Locomotion,No,1,Recall,0.58,Sparkes_Koala
Locomotion,No,1,F1,0.720496894409938,Sparkes_Koala
Locomotion,No,1,Accuracy,0.787292418772563,Sparkes_Koala
Stationary,No,1,Precision,1,Sparkes_Koala
Stationary,No,1,Recall,0.515503875968992,Sparkes_Koala
Stationary,No,1,F1,0.680306905370844,Sparkes_Koala
Stationary,No,1,Accuracy,0.757751937984496,Sparkes_Koala
TreeMovement,No,1,Precision,0.512534818941504,Sparkes_Koala
TreeMovement,No,1,Recall,0.938775510204082,Sparkes_Koala
TreeMovement,No,1,F1,0.663063063063063,Sparkes_Koala
TreeMovement,No,1,Accuracy,0.778339720167543,Sparkes_Koala
Macro-Average,No,1,Precision,0.813858424748361,Sparkes_Koala
Macro-Average,No,1,Recall,0.708569846543269,Sparkes_Koala
Macro-Average,No,1,F1,0.714971690835339,Sparkes_Koala
Macro-Average,No,1,Accuracy,0.801107752083136,Sparkes_Koala
Foraging,No,2,Precision,0.775401069518717,Sparkes_Koala
Foraging,No,2,Recall,0.363408521303258,Sparkes_Koala
Foraging,No,2,F1,0.494880546075085,Sparkes_Koala
Foraging,No,2,Accuracy,0.650821907710453,Sparkes_Koala
Locomotion,No,2,Precision,0.915492957746479,Sparkes_Koala
Locomotion,No,2,Recall,0.915492957746479,Sparkes_Koala
Locomotion,No,2,F1,0.915492957746479,Sparkes_Koala
Locomotion,No,2,Accuracy,0.95134306371849,Sparkes_Koala
Stationary,No,2,Precision,0.49625468164794,Sparkes_Koala
Stationary,No,2,Recall,0.963636363636364,Sparkes_Koala
Stationary,No,2,F1,0.65512978986403,Sparkes_Koala
Stationary,No,2,Accuracy,0.814529624604251,Sparkes_Koala
TreeMovement,No,2,Precision,0.513888888888889,Sparkes_Koala
TreeMovement,No,2,Recall,0.422053231939164,Sparkes_Koala
TreeMovement,No,2,F1,0.463465553235908,Sparkes_Koala
TreeMovement,No,2,Accuracy,0.646688380675464,Sparkes_Koala
Macro-Average,No,2,Precision,0.675259399450506,Sparkes_Koala
Macro-Average,No,2,Recall,0.666147768656316,Sparkes_Koala
Macro-Average,No,2,F1,0.632242211730376,Sparkes_Koala
Macro-Average,No,2,Accuracy,0.765845744177165,Sparkes_Koala
Foraging,No,3,Precision,0.461165048543689,Sparkes_Koala
Foraging,No,3,Recall,0.95,Sparkes_Koala
Foraging,No,3,F1,0.620915032679739,Sparkes_Koala
Foraging,No,3,Accuracy,0.842541766109785,Sparkes_Koala
Locomotion,No,3,Precision,0.984615384615385,Sparkes_Koala
Locomotion,No,3,Recall,0.64,Sparkes_Koala
Locomotion,No,3,F1,0.775757575757576,Sparkes_Koala
Locomotion,No,3,Accuracy,0.818806682577566,Sparkes_Koala
Stationary,No,3,Precision,0.925,Sparkes_Koala
Stationary,No,3,Recall,0.474358974358974,Sparkes_Koala
Stationary,No,3,F1,0.627118644067797,Sparkes_Koala
Stationary,No,3,Accuracy,0.72891502436957,Sparkes_Koala
TreeMovement,No,3,Precision,0.875,Sparkes_Koala
TreeMovement,No,3,Recall,0.901840490797546,Sparkes_Koala
TreeMovement,No,3,F1,0.88821752265861,Sparkes_Koala
TreeMovement,No,3,Accuracy,0.921425863376301,Sparkes_Koala
Macro-Average,No,3,Precision,0.811445108289768,Sparkes_Koala
Macro-Average,No,3,Recall,0.74154986628913,Sparkes_Koala
Macro-Average,No,3,F1,0.72800219379093,Sparkes_Koala
Macro-Average,No,3,Accuracy,0.827922334108305,Sparkes_Koala
Foraging,Transition,1,Precision,0.891304347826087,Sparkes_Koala
Foraging,Transition,1,Recall,0.82,Sparkes_Koala
Foraging,Transition,1,F1,0.854166666666667,Sparkes_Koala
Foraging,Transition,1,Accuracy,0.900974729241877,Sparkes_Koala
Locomotion,Transition,1,Precision,0.966101694915254,Sparkes_Koala
Locomotion,Transition,1,Recall,0.57,Sparkes_Koala
Locomotion,Transition,1,F1,0.716981132075472,Sparkes_Koala
Locomotion,Transition,1,Accuracy,0.783194945848375,Sparkes_Koala
Stationary,Transition,1,Precision,1,Sparkes_Koala
Stationary,Transition,1,Recall,0.503875968992248,Sparkes_Koala
Stationary,Transition,1,F1,0.670103092783505,Sparkes_Koala
Stationary,Transition,1,Accuracy,0.751937984496124,Sparkes_Koala
TreeMovement,Transition,1,Precision,0.506702412868633,Sparkes_Koala
TreeMovement,Transition,1,Recall,0.964285714285714,Sparkes_Koala
TreeMovement,Transition,1,F1,0.664323374340949,Sparkes_Koala
TreeMovement,Transition,1,Accuracy,0.781269494697442,Sparkes_Koala
Macro-Average,Transition,1,Precision,0.841027113902493,Sparkes_Koala
Macro-Average,Transition,1,Recall,0.714540420819491,Sparkes_Koala
Macro-Average,Transition,1,F1,0.726393566466648,Sparkes_Koala
Macro-Average,Transition,1,Accuracy,0.804344288570955,Sparkes_Koala
Foraging,Transition,2,Precision,0.82183908045977,Sparkes_Koala
Foraging,Transition,2,Recall,0.358395989974937,Sparkes_Koala
Foraging,Transition,2,F1,0.49912739965096,Sparkes_Koala
Foraging,Transition,2,Accuracy,0.65640387734041,Sparkes_Koala
Locomotion,Transition,2,Precision,0.921985815602837,Sparkes_Koala
Locomotion,Transition,2,Recall,0.915492957746479,Sparkes_Koala
Locomotion,Transition,2,F1,0.918727915194346,Sparkes_Koala
Locomotion,Transition,2,Accuracy,0.951876681648053,Sparkes_Koala
Stationary,Transition,2,Precision,0.495344506517691,Sparkes_Koala
Stationary,Transition,2,Recall,0.967272727272727,Sparkes_Koala
Stationary,Transition,2,F1,0.655172413793103,Sparkes_Koala
Stationary,Transition,2,Accuracy,0.815104025327906,Sparkes_Koala
TreeMovement,Transition,2,Precision,0.511013215859031,Sparkes_Koala
TreeMovement,Transition,2,Recall,0.44106463878327,Sparkes_Koala
TreeMovement,Transition,2,F1,0.473469387755102,Sparkes_Koala
TreeMovement,Transition,2,Accuracy,0.652517613509282,Sparkes_Koala
Macro-Average,Transition,2,Precision,0.687545654609832,Sparkes_Koala
Macro-Average,Transition,2,Recall,0.670556578444353,Sparkes_Koala
Macro-Average,Transition,2,F1,0.636624279098378,Sparkes_Koala
Macro-Average,Transition,2,Accuracy,0.768975549456413,Sparkes_Koala
Foraging,Transition,3,Precision,0.458937198067633,Sparkes_Koala
Foraging,Transition,3,Recall,0.95,Sparkes_Koala
Foraging,Transition,3,F1,0.618892508143322,Sparkes_Koala
Foraging,Transition,3,Accuracy,0.841348448687351,Sparkes_Koala
Locomotion,Transition,3,Precision,1,Sparkes_Koala
Locomotion,Transition,3,Recall,0.64,Sparkes_Koala
Locomotion,Transition,3,F1,0.780487804878049,Sparkes_Koala
Locomotion,Transition,3,Accuracy,0.82,Sparkes_Koala
Stationary,Transition,3,Precision,0.958333333333333,Sparkes_Koala
Stationary,Transition,3,Recall,0.442307692307692,Sparkes_Koala
Stationary,Transition,3,F1,0.605263157894737,Sparkes_Koala
Stationary,Transition,3,Accuracy,0.717021614748887,Sparkes_Koala
TreeMovement,Transition,3,Precision,0.875,Sparkes_Koala
TreeMovement,Transition,3,Recall,0.94478527607362,Sparkes_Koala
TreeMovement,Transition,3,F1,0.908554572271387,Sparkes_Koala
TreeMovement,Transition,3,Accuracy,0.941493761632315,Sparkes_Koala
Macro-Average,Transition,3,Precision,0.823067632850242,Sparkes_Koala
Macro-Average,Transition,3,Recall,0.744273242095328,Sparkes_Koala
Macro-Average,Transition,3,F1,0.728299510796874,Sparkes_Koala
Macro-Average,Transition,3,Accuracy,0.829965956267138,Sparkes_Koala
Foraging,Bayesian,1,Precision,0.745762711864407,Studd_Squirrel
Foraging,Bayesian,1,Recall,0.804597701149425,Studd_Squirrel
Foraging,Bayesian,1,F1,0.774063835134456,Studd_Squirrel
Foraging,Bayesian,1,Accuracy,0.661693900987178,Studd_Squirrel
Nest,Bayesian,1,Precision,0.0664206642066421,Studd_Squirrel
Nest,Bayesian,1,Recall,0.176470588235294,Studd_Squirrel
Nest,Bayesian,1,F1,0.096514745308311,Studd_Squirrel
Nest,Bayesian,1,Accuracy,0.544659682681202,Studd_Squirrel
notMoving,Bayesian,1,Precision,0.586666666666667,Studd_Squirrel
notMoving,Bayesian,1,Recall,0.447837150127226,Studd_Squirrel
notMoving,Bayesian,1,F1,0.507936507936508,Studd_Squirrel
notMoving,Bayesian,1,Accuracy,0.700181974757335,Studd_Squirrel
Running,Bayesian,1,Precision,0.364864864864865,Studd_Squirrel
Running,Bayesian,1,Recall,0.27,Studd_Squirrel
Running,Bayesian,1,F1,0.310344827586207,Studd_Squirrel
Running,Bayesian,1,Accuracy,0.626910499139415,Studd_Squirrel
Traveling,Bayesian,1,Precision,0.484745762711864,Studd_Squirrel
Traveling,Bayesian,1,Recall,0.288306451612903,Studd_Squirrel
Traveling,Bayesian,1,F1,0.361567635903919,Studd_Squirrel
Traveling,Bayesian,1,Accuracy,0.613862273235706,Studd_Squirrel
Macro-Average,Bayesian,1,Precision,0.449692134062889,Studd_Squirrel
Macro-Average,Bayesian,1,Recall,0.39744237822497,Studd_Squirrel
Macro-Average,Bayesian,1,F1,0.41008551037388,Studd_Squirrel
Macro-Average,Bayesian,1,Accuracy,0.629461666160167,Studd_Squirrel
Foraging,Bayesian,2,Precision,0.622823984526112,Studd_Squirrel
Foraging,Bayesian,2,Recall,0.593274988484569,Studd_Squirrel
Foraging,Bayesian,2,F1,0.607690493040812,Studd_Squirrel
Foraging,Bayesian,2,Accuracy,0.599269073189653,Studd_Squirrel
Nest,Bayesian,2,Precision,0.325581395348837,Studd_Squirrel
Nest,Bayesian,2,Recall,0.106870229007634,Studd_Squirrel
Nest,Bayesian,2,F1,0.160919540229885,Studd_Squirrel
Nest,Bayesian,2,Accuracy,0.541847474652991,Studd_Squirrel
notMoving,Bayesian,2,Precision,0.478260869565217,Studd_Squirrel
notMoving,Bayesian,2,Recall,0.448979591836735,Studd_Squirrel
notMoving,Bayesian,2,F1,0.463157894736842,Studd_Squirrel
notMoving,Bayesian,2,Accuracy,0.680045351473923,Studd_Squirrel
Running,Bayesian,2,Precision,0.522388059701493,Studd_Squirrel
Running,Bayesian,2,Recall,0.23489932885906,Studd_Squirrel
Running,Bayesian,2,F1,0.324074074074074,Studd_Squirrel
Running,Bayesian,2,Accuracy,0.61344766342903,Studd_Squirrel
Traveling,Bayesian,2,Precision,0.321400778210117,Studd_Squirrel
Traveling,Bayesian,2,Recall,0.518193224592221,Studd_Squirrel
Traveling,Bayesian,2,F1,0.396733909702209,Studd_Squirrel
Traveling,Bayesian,2,Accuracy,0.628947358564767,Studd_Squirrel
Macro-Average,Bayesian,2,Precision,0.454091017470355,Studd_Squirrel
Macro-Average,Bayesian,2,Recall,0.380443472556044,Studd_Squirrel
Macro-Average,Bayesian,2,F1,0.390515182356765,Studd_Squirrel
Macro-Average,Bayesian,2,Accuracy,0.612711384262073,Studd_Squirrel
Foraging,Bayesian,3,Precision,0.821112006446414,Studd_Squirrel
Foraging,Bayesian,3,Recall,0.523369286081151,Studd_Squirrel
Foraging,Bayesian,3,F1,0.639272271016311,Studd_Squirrel
Foraging,Bayesian,3,Accuracy,0.615439583752038,Studd_Squirrel
Nest,Bayesian,3,Precision,0.206060606060606,Studd_Squirrel
Nest,Bayesian,3,Recall,0.45945945945946,Studd_Squirrel
Nest,Bayesian,3,F1,0.284518828451883,Studd_Squirrel
Nest,Bayesian,3,Accuracy,0.704843711492648,Studd_Squirrel
notMoving,Bayesian,3,Precision,0.229390681003584,Studd_Squirrel
notMoving,Bayesian,3,Recall,0.512,Studd_Squirrel
notMoving,Bayesian,3,F1,0.316831683168317,Studd_Squirrel
notMoving,Bayesian,3,Accuracy,0.71434947694692,Studd_Squirrel
Running,Bayesian,3,Precision,0.583333333333333,Studd_Squirrel
Running,Bayesian,3,Recall,0.115384615384615,Studd_Squirrel
Running,Bayesian,3,F1,0.192660550458716,Studd_Squirrel
Running,Bayesian,3,Accuracy,0.554720833841278,Studd_Squirrel
Traveling,Bayesian,3,Precision,0.20507614213198,Studd_Squirrel
Traveling,Bayesian,3,Recall,0.534391534391534,Studd_Squirrel
Traveling,Bayesian,3,F1,0.296404988994864,Studd_Squirrel
Traveling,Bayesian,3,Accuracy,0.599025664102984,Studd_Squirrel
Macro-Average,Bayesian,3,Precision,0.408994553795184,Studd_Squirrel
Macro-Average,Bayesian,3,Recall,0.428920979063352,Studd_Squirrel
Macro-Average,Bayesian,3,F1,0.345937664418018,Studd_Squirrel
Macro-Average,Bayesian,3,Accuracy,0.637675854027173,Studd_Squirrel
Foraging,Duration,1,Precision,0.773942093541203,Studd_Squirrel
Foraging,Duration,1,Recall,0.726227795193313,Studd_Squirrel
Foraging,Duration,1,F1,0.749326145552561,Studd_Squirrel
Foraging,Duration,1,Accuracy,0.67704606991563,Studd_Squirrel
Nest,Duration,1,Precision,0.104046242774566,Studd_Squirrel
Nest,Duration,1,Recall,0.176470588235294,Studd_Squirrel
Nest,Duration,1,F1,0.130909090909091,Studd_Squirrel
Nest,Duration,1,Accuracy,0.561538773277137,Studd_Squirrel
notMoving,Duration,1,Precision,0.583870967741936,Studd_Squirrel
notMoving,Duration,1,Recall,0.460559796437659,Studd_Squirrel
notMoving,Duration,1,F1,0.514935988620199,Studd_Squirrel
notMoving,Duration,1,Accuracy,0.705586176932459,Studd_Squirrel
Running,Duration,1,Precision,0.194174757281553,Studd_Squirrel
Running,Duration,1,Recall,0.4,Studd_Squirrel
Running,Duration,1,F1,0.261437908496732,Studd_Squirrel
Running,Duration,1,Accuracy,0.671428571428572,Studd_Squirrel
Traveling,Duration,1,Precision,0.359615384615385,Studd_Squirrel
Traveling,Duration,1,Recall,0.377016129032258,Studd_Squirrel
Traveling,Duration,1,F1,0.368110236220472,Studd_Squirrel
Traveling,Duration,1,Accuracy,0.622146964476273,Studd_Squirrel
Macro-Average,Duration,1,Precision,0.403129889190929,Studd_Squirrel
Macro-Average,Duration,1,Recall,0.428054861779705,Studd_Squirrel
Macro-Average,Duration,1,F1,0.404943873959811,Studd_Squirrel
Macro-Average,Duration,1,Accuracy,0.647549311206014,Studd_Squirrel
Foraging,Duration,2,Precision,0.636469900642899,Studd_Squirrel
Foraging,Duration,2,Recall,0.501612160294795,Studd_Squirrel
Foraging,Duration,2,F1,0.561051004636785,Studd_Squirrel
Foraging,Duration,2,Accuracy,0.593417416179786,Studd_Squirrel
Nest,Duration,2,Precision,0.265486725663717,Studd_Squirrel
Nest,Duration,2,Recall,0.0763358778625954,Studd_Squirrel
Nest,Duration,2,F1,0.118577075098814,Studd_Squirrel
Nest,Duration,2,Accuracy,0.527113064131085,Studd_Squirrel
notMoving,Duration,2,Precision,0.411366711772666,Studd_Squirrel
notMoving,Duration,2,Recall,0.47723704866562,Studd_Squirrel
notMoving,Duration,2,F1,0.441860465116279,Studd_Squirrel
notMoving,Duration,2,Accuracy,0.676652712366998,Studd_Squirrel
Running,Duration,2,Precision,0.265193370165746,Studd_Squirrel
Running,Duration,2,Recall,0.322147651006711,Studd_Squirrel
Running,Duration,2,F1,0.290909090909091,Studd_Squirrel
Running,Duration,2,Accuracy,0.644440508845027,Studd_Squirrel
Traveling,Duration,2,Precision,0.310762651461155,Studd_Squirrel
Traveling,Duration,2,Recall,0.547051442910916,Studd_Squirrel
Traveling,Duration,2,F1,0.396363636363636,Studd_Squirrel
Traveling,Duration,2,Accuracy,0.629197363246503,Studd_Squirrel
Macro-Average,Duration,2,Precision,0.377855871941236,Studd_Squirrel
Macro-Average,Duration,2,Recall,0.384876836148128,Studd_Squirrel
Macro-Average,Duration,2,F1,0.361752254424921,Studd_Squirrel
Macro-Average,Duration,2,Accuracy,0.61416421295388,Studd_Squirrel
Foraging,Duration,3,Precision,0.863853503184713,Studd_Squirrel
Foraging,Duration,3,Recall,0.557267591165896,Studd_Squirrel
Foraging,Duration,3,F1,0.677489853262566,Studd_Squirrel
Foraging,Duration,3,Accuracy,0.665985574239075,Studd_Squirrel
Nest,Duration,3,Precision,0.361702127659575,Studd_Squirrel
Nest,Duration,3,Recall,0.45945945945946,Studd_Squirrel
Nest,Duration,3,F1,0.404761904761905,Studd_Squirrel
Nest,Duration,3,Accuracy,0.718331553437936,Studd_Squirrel
notMoving,Duration,3,Precision,0.2375,Studd_Squirrel
notMoving,Duration,3,Recall,0.456,Studd_Squirrel
notMoving,Duration,3,F1,0.312328767123288,Studd_Squirrel
notMoving,Duration,3,Accuracy,0.692548624564123,Studd_Squirrel
Running,Duration,3,Precision,0.325,Studd_Squirrel
Running,Duration,3,Recall,0.285714285714286,Studd_Squirrel
Running,Duration,3,F1,0.304093567251462,Studd_Squirrel
Running,Duration,3,Accuracy,0.621462531129726,Studd_Squirrel
Traveling,Duration,3,Precision,0.225941422594142,Studd_Squirrel
Traveling,Duration,3,Recall,0.571428571428571,Studd_Squirrel
Traveling,Duration,3,F1,0.32383808095952,Studd_Squirrel
Traveling,Duration,3,Accuracy,0.626779577810506,Studd_Squirrel
Macro-Average,Duration,3,Precision,0.402799410687686,Studd_Squirrel
Macro-Average,Duration,3,Recall,0.465973981553643,Studd_Squirrel
Macro-Average,Duration,3,F1,0.404502434671748,Studd_Squirrel
Macro-Average,Duration,3,Accuracy,0.665021572236273,Studd_Squirrel
Foraging,HMM,1,Precision,0.728066146072577,Studd_Squirrel
Foraging,HMM,1,Recall,0.828108672936259,Studd_Squirrel
Foraging,HMM,1,F1,0.774871669518455,Studd_Squirrel
Foraging,HMM,1,Accuracy,0.642743612361805,Studd_Squirrel
Nest,HMM,1,Precision,0.0861244019138756,Studd_Squirrel
Nest,HMM,1,Recall,0.176470588235294,Studd_Squirrel
Nest,HMM,1,F1,0.115755627009646,Studd_Squirrel
Nest,HMM,1,Accuracy,0.555338291017406,Studd_Squirrel
notMoving,HMM,1,Precision,0.579365079365079,Studd_Squirrel
notMoving,HMM,1,Recall,0.371501272264631,Studd_Squirrel
notMoving,HMM,1,F1,0.452713178294574,Studd_Squirrel
notMoving,HMM,1,Accuracy,0.665459671354368,Studd_Squirrel
Running,HMM,1,Precision,0.329787234042553,Studd_Squirrel
Running,HMM,1,Recall,0.31,Studd_Squirrel
Running,HMM,1,F1,0.319587628865979,Studd_Squirrel
Running,HMM,1,Accuracy,0.644156626506024,Studd_Squirrel
Traveling,HMM,1,Precision,0.476190476190476,Studd_Squirrel
Traveling,HMM,1,Recall,0.262096774193548,Studd_Squirrel
Traveling,HMM,1,F1,0.338101430429129,Studd_Squirrel
Traveling,HMM,1,Accuracy,0.602550977770349,Studd_Squirrel
Macro-Average,HMM,1,Precision,0.439906667516912,Studd_Squirrel
Macro-Average,HMM,1,Recall,0.389635461525947,Studd_Squirrel
Macro-Average,HMM,1,F1,0.400205906823557,Studd_Squirrel
Macro-Average,HMM,1,Accuracy,0.62204983580199,Studd_Squirrel
Foraging,HMM,2,Precision,0.647130647130647,Studd_Squirrel
Foraging,HMM,2,Recall,0.732381391064026,Studd_Squirrel
Foraging,HMM,2,F1,0.687121866897148,Studd_Squirrel
Foraging,HMM,2,Accuracy,0.646808104438895,Studd_Squirrel
Nest,HMM,2,Precision,0.358778625954198,Studd_Squirrel
Nest,HMM,2,Recall,0.119592875318066,Studd_Squirrel
Nest,HMM,2,F1,0.179389312977099,Studd_Squirrel
Nest,HMM,2,Accuracy,0.548608371596167,Studd_Squirrel
notMoving,HMM,2,Precision,0.464716006884682,Studd_Squirrel
notMoving,HMM,2,Recall,0.423861852433281,Studd_Squirrel
notMoving,HMM,2,F1,0.443349753694581,Studd_Squirrel
notMoving,HMM,2,Accuracy,0.667628931914646,Studd_Squirrel
Running,HMM,2,Precision,0.312,Studd_Squirrel
Running,HMM,2,Recall,0.261744966442953,Studd_Squirrel
Running,HMM,2,F1,0.284671532846715,Studd_Squirrel
Running,HMM,2,Accuracy,0.620117105532632,Studd_Squirrel
Traveling,HMM,2,Precision,0.382180539273154,Studd_Squirrel
Traveling,HMM,2,Recall,0.409033877038896,Studd_Squirrel
Traveling,HMM,2,F1,0.395151515151515,Studd_Squirrel
Traveling,HMM,2,Accuracy,0.625860222101538,Studd_Squirrel
Macro-Average,HMM,2,Precision,0.432961163848536,Studd_Squirrel
Macro-Average,HMM,2,Recall,0.389322992459444,Studd_Squirrel
Macro-Average,HMM,2,F1,0.397936796313412,Studd_Squirrel
Macro-Average,HMM,2,Accuracy,0.621804547116776,Studd_Squirrel
Foraging,HMM,3,Precision,0.847158719790986,Studd_Squirrel
Foraging,HMM,3,Recall,0.666153055983564,Studd_Squirrel
Foraging,HMM,3,F1,0.745830937320299,Studd_Squirrel
Foraging,HMM,3,Accuracy,0.678926330363324,Studd_Squirrel
Nest,HMM,3,Precision,0.278350515463918,Studd_Squirrel
Nest,HMM,3,Recall,0.364864864864865,Studd_Squirrel
Nest,HMM,3,F1,0.315789473684211,Studd_Squirrel
Nest,HMM,3,Accuracy,0.669134560092007,Studd_Squirrel
notMoving,HMM,3,Precision,0.305555555555556,Studd_Squirrel
notMoving,HMM,3,Recall,0.44,Studd_Squirrel
notMoving,HMM,3,F1,0.360655737704918,Studd_Squirrel
notMoving,HMM,3,Accuracy,0.695784579620302,Studd_Squirrel
Running,HMM,3,Precision,0.396825396825397,Studd_Squirrel
Running,HMM,3,Recall,0.274725274725275,Studd_Squirrel
Running,HMM,3,F1,0.324675324675325,Studd_Squirrel
Running,HMM,3,Accuracy,0.622307169850751,Studd_Squirrel
Traveling,HMM,3,Precision,0.269430051813472,Studd_Squirrel
Traveling,HMM,3,Recall,0.55026455026455,Studd_Squirrel
Traveling,HMM,3,F1,0.361739130434783,Studd_Squirrel
Traveling,HMM,3,Accuracy,0.653998254513718,Studd_Squirrel
Macro-Average,HMM,3,Precision,0.419464047889866,Studd_Squirrel
Macro-Average,HMM,3,Recall,0.459201549167651,Studd_Squirrel
Macro-Average,HMM,3,F1,0.421738120763907,Studd_Squirrel
Macro-Average,HMM,3,Accuracy,0.664030178888021,Studd_Squirrel
Foraging,Mode,1,Precision,0.742636407532593,Studd_Squirrel
Foraging,Mode,1,Recall,0.803552769070011,Studd_Squirrel
Foraging,Mode,1,F1,0.77189460476788,Studd_Squirrel
Foraging,Mode,1,Accuracy,0.657505073810899,Studd_Squirrel
Nest,Mode,1,Precision,0.0581818181818182,Studd_Squirrel
Nest,Mode,1,Recall,0.156862745098039,Studd_Squirrel
Nest,Mode,1,F1,0.0848806366047745,Studd_Squirrel
Nest,Mode,1,Accuracy,0.533822347402619,Studd_Squirrel
notMoving,Mode,1,Precision,0.561224489795918,Studd_Squirrel
notMoving,Mode,1,Recall,0.419847328244275,Studd_Squirrel
notMoving,Mode,1,F1,0.480349344978166,Studd_Squirrel
notMoving,Mode,1,Accuracy,0.685229942835767,Studd_Squirrel
Running,Mode,1,Precision,0.310344827586207,Studd_Squirrel
Running,Mode,1,Recall,0.27,Studd_Squirrel
Running,Mode,1,F1,0.288770053475936,Studd_Squirrel
Running,Mode,1,Accuracy,0.624672977624785,Studd_Squirrel
Traveling,Mode,1,Precision,0.503597122302158,Studd_Squirrel
Traveling,Mode,1,Recall,0.282258064516129,Studd_Squirrel
Traveling,Mode,1,F1,0.361757105943152,Studd_Squirrel
Traveling,Mode,1,Accuracy,0.613628035845151,Studd_Squirrel
Macro-Average,Mode,1,Precision,0.435196933079739,Studd_Squirrel
Macro-Average,Mode,1,Recall,0.386504181385691,Studd_Squirrel
Macro-Average,Mode,1,F1,0.397530349153982,Studd_Squirrel
Macro-Average,Mode,1,Accuracy,0.622971675503844,Studd_Squirrel
Foraging,Mode,2,Precision,0.646212847555129,Studd_Squirrel
Foraging,Mode,2,Recall,0.620912022109627,Studd_Squirrel
Foraging,Mode,2,F1,0.633309842612168,Studd_Squirrel
Foraging,Mode,2,Accuracy,0.623715120366554,Studd_Squirrel
Nest,Mode,2,Precision,0.278787878787879,Studd_Squirrel
Nest,Mode,2,Recall,0.11704834605598,Studd_Squirrel
Nest,Mode,2,F1,0.164874551971326,Studd_Squirrel
Nest,Mode,2,Accuracy,0.542674412772263,Studd_Squirrel
notMoving,Mode,2,Precision,0.371827411167513,Studd_Squirrel
notMoving,Mode,2,Recall,0.459968602825746,Studd_Squirrel
notMoving,Mode,2,F1,0.411228070175439,Studd_Squirrel
notMoving,Mode,2,Accuracy,0.659471480900052,Studd_Squirrel
Running,Mode,2,Precision,0.382978723404255,Studd_Squirrel
Running,Mode,2,Recall,0.241610738255034,Studd_Squirrel
Running,Mode,2,F1,0.296296296296296,Studd_Squirrel
Running,Mode,2,Accuracy,0.61355174231411,Studd_Squirrel
Traveling,Mode,2,Precision,0.373767258382643,Studd_Squirrel
Traveling,Mode,2,Recall,0.475533249686324,Studd_Squirrel
Traveling,Mode,2,F1,0.418553285477637,Studd_Squirrel
Traveling,Mode,2,Accuracy,0.642990505440177,Studd_Squirrel
Macro-Average,Mode,2,Precision,0.410714823859484,Studd_Squirrel
Macro-Average,Mode,2,Recall,0.383014591786542,Studd_Squirrel
Macro-Average,Mode,2,F1,0.384852409306573,Studd_Squirrel
Macro-Average,Mode,2,Accuracy,0.616480652358631,Studd_Squirrel
Foraging,Mode,3,Precision,0.845441595441596,Studd_Squirrel
Foraging,Mode,3,Recall,0.609655880842322,Studd_Squirrel
Foraging,Mode,3,F1,0.708445240226798,Studd_Squirrel
Foraging,Mode,3,Accuracy,0.661876688774257,Studd_Squirrel
Nest,Mode,3,Precision,0.23943661971831,Studd_Squirrel
Nest,Mode,3,Recall,0.45945945945946,Studd_Squirrel
Nest,Mode,3,F1,0.314814814814815,Studd_Squirrel
Nest,Mode,3,Accuracy,0.709213012404502,Studd_Squirrel
notMoving,Mode,3,Precision,0.262443438914027,Studd_Squirrel
notMoving,Mode,3,Recall,0.464,Studd_Squirrel
notMoving,Mode,3,F1,0.335260115606936,Studd_Squirrel
notMoving,Mode,3,Accuracy,0.700423091824874,Studd_Squirrel
Running,Mode,3,Precision,0.413793103448276,Studd_Squirrel
Running,Mode,3,Recall,0.197802197802198,Studd_Squirrel
Running,Mode,3,F1,0.267657992565056,Studd_Squirrel
Running,Mode,3,Accuracy,0.588798087807597,Studd_Squirrel
Traveling,Mode,3,Precision,0.258215962441315,Studd_Squirrel
Traveling,Mode,3,Recall,0.582010582010582,Studd_Squirrel
Traveling,Mode,3,F1,0.357723577235772,Studd_Squirrel
Traveling,Mode,3,Accuracy,0.655266459390171,Studd_Squirrel
Macro-Average,Mode,3,Precision,0.403866143992705,Studd_Squirrel
Macro-Average,Mode,3,Recall,0.462585624022912,Studd_Squirrel
Macro-Average,Mode,3,F1,0.396780348089875,Studd_Squirrel
Macro-Average,Mode,3,Accuracy,0.66311546804028,Studd_Squirrel
Foraging,No,1,Precision,0.753705815279361,Studd_Squirrel
Foraging,No,1,Recall,0.690700104493208,Studd_Squirrel
Foraging,No,1,F1,0.72082878953108,Studd_Squirrel
Foraging,No,1,Accuracy,0.647366550871719,Studd_Squirrel
Nest,No,1,Precision,0.0636942675159236,Studd_Squirrel
Nest,No,1,Recall,0.196078431372549,Studd_Squirrel
Nest,No,1,F1,0.0961538461538462,Studd_Squirrel
Nest,No,1,Accuracy,0.547401943898469,Studd_Squirrel
notMoving,No,1,Precision,0.565349544072948,Studd_Squirrel
notMoving,No,1,Recall,0.473282442748092,Studd_Squirrel
notMoving,No,1,F1,0.515235457063712,Studd_Squirrel
notMoving,No,1,Accuracy,0.709267561343418,Studd_Squirrel
Running,No,1,Precision,0.216049382716049,Studd_Squirrel
Running,No,1,Recall,0.35,Studd_Squirrel
Running,No,1,F1,0.267175572519084,Studd_Squirrel
Running,No,1,Accuracy,0.653141135972461,Studd_Squirrel
Traveling,No,1,Precision,0.369955156950673,Studd_Squirrel
Traveling,No,1,Recall,0.332661290322581,Studd_Squirrel
Traveling,No,1,F1,0.35031847133758,Studd_Squirrel
Traveling,No,1,Accuracy,0.610332239421952,Studd_Squirrel
Macro-Average,No,1,Precision,0.393750833306991,Studd_Squirrel
Macro-Average,No,1,Recall,0.408544453787286,Studd_Squirrel
Macro-Average,No,1,F1,0.38994242732106,Studd_Squirrel
Macro-Average,No,1,Accuracy,0.633501886301604,Studd_Squirrel
Foraging,No,2,Precision,0.64013644115975,Studd_Squirrel
Foraging,No,2,Recall,0.518654997696914,Studd_Squirrel
Foraging,No,2,F1,0.573027989821883,Studd_Squirrel
Foraging,No,2,Accuracy,0.599155434071129,Studd_Squirrel
Nest,No,2,Precision,0.279411764705882,Studd_Squirrel
Nest,No,2,Recall,0.145038167938931,Studd_Squirrel
Nest,No,2,F1,0.190954773869347,Studd_Squirrel
Nest,No,2,Accuracy,0.55293996835945,Studd_Squirrel
notMoving,No,2,Precision,0.3681652490887,Studd_Squirrel
notMoving,No,2,Recall,0.475667189952904,Studd_Squirrel
notMoving,No,2,F1,0.415068493150685,Studd_Squirrel
notMoving,No,2,Accuracy,0.663759520902378,Studd_Squirrel
Running,No,2,Precision,0.282208588957055,Studd_Squirrel
Running,No,2,Recall,0.308724832214765,Studd_Squirrel
Running,No,2,F1,0.294871794871795,Studd_Squirrel
Running,No,2,Accuracy,0.639730099949304,Studd_Squirrel
Traveling,No,2,Precision,0.332220367278798,Studd_Squirrel
Traveling,No,2,Recall,0.499372647427855,Studd_Squirrel
Traveling,No,2,F1,0.398997493734336,Studd_Squirrel
Traveling,No,2,Accuracy,0.6302833386393,Studd_Squirrel
Macro-Average,No,2,Precision,0.380428482238037,Studd_Squirrel
Macro-Average,No,2,Recall,0.389491567046274,Studd_Squirrel
Macro-Average,No,2,F1,0.374584109089609,Studd_Squirrel
Macro-Average,No,2,Accuracy,0.617173672384312,Studd_Squirrel
Foraging,No,3,Precision,0.850160256410256,Studd_Squirrel
Foraging,No,3,Recall,0.544940934771443,Studd_Squirrel
Foraging,No,3,F1,0.664162754303599,Studd_Squirrel
Foraging,No,3,Accuracy,0.64928206158862,Studd_Squirrel
Nest,No,3,Precision,0.180790960451977,Studd_Squirrel
Nest,No,3,Recall,0.432432432432432,Studd_Squirrel
Nest,No,3,F1,0.254980079681275,Studd_Squirrel
Nest,No,3,Accuracy,0.688670623511049,Studd_Squirrel
notMoving,No,3,Precision,0.234848484848485,Studd_Squirrel
notMoving,No,3,Recall,0.496,Studd_Squirrel
notMoving,No,3,F1,0.318766066838046,Studd_Squirrel
notMoving,No,3,Accuracy,0.708867880666408,Studd_Squirrel
Running,No,3,Precision,0.342465753424658,Studd_Squirrel
Running,No,3,Recall,0.274725274725275,Studd_Squirrel
Running,No,3,F1,0.304878048780488,Studd_Squirrel
Running,No,3,Accuracy,0.618345204716045,Studd_Squirrel
Traveling,No,3,Precision,0.236509758897819,Studd_Squirrel
Traveling,No,3,Recall,0.544973544973545,Studd_Squirrel
Traveling,No,3,F1,0.32986389111289,Studd_Squirrel
Traveling,No,3,Accuracy,0.629660312005673,Studd_Squirrel
Macro-Average,No,3,Precision,0.368955042806639,Studd_Squirrel
Macro-Average,No,3,Recall,0.458614437380539,Studd_Squirrel
Macro-Average,No,3,F1,0.37453016814326,Studd_Squirrel
Macro-Average,No,3,Accuracy,0.658965216497559,Studd_Squirrel
Foraging,Transition,1,Precision,0.76146288209607,Studd_Squirrel
Foraging,Transition,1,Recall,0.72884012539185,Studd_Squirrel
Foraging,Transition,1,F1,0.744794447410571,Studd_Squirrel
Foraging,Transition,1,Accuracy,0.664145085610682,Studd_Squirrel
Nest,Transition,1,Precision,0.0714285714285714,Studd_Squirrel
Nest,Transition,1,Recall,0.196078431372549,Studd_Squirrel
Nest,Transition,1,F1,0.104712041884817,Studd_Squirrel
Nest,Transition,1,Accuracy,0.553257954921548,Studd_Squirrel
notMoving,Transition,1,Precision,0.589341692789969,Studd_Squirrel
notMoving,Transition,1,Recall,0.478371501272265,Studd_Squirrel
notMoving,Transition,1,F1,0.528089887640449,Studd_Squirrel
notMoving,Transition,1,Accuracy,0.714109180957725,Studd_Squirrel
Running,Transition,1,Precision,0.3,Studd_Squirrel
Running,Transition,1,Recall,0.3,Studd_Squirrel
Running,Transition,1,F1,0.3,Studd_Squirrel
Running,Transition,1,Accuracy,0.637951807228916,Studd_Squirrel
Traveling,Transition,1,Precision,0.388185654008439,Studd_Squirrel
Traveling,Transition,1,Recall,0.370967741935484,Studd_Squirrel
Traveling,Transition,1,F1,0.379381443298969,Studd_Squirrel
Traveling,Transition,1,Accuracy,0.627691921984083,Studd_Squirrel
Macro-Average,Transition,1,Precision,0.42208376006461,Studd_Squirrel
Macro-Average,Transition,1,Recall,0.414851559994429,Studd_Squirrel
Macro-Average,Transition,1,F1,0.411395564046961,Studd_Squirrel
Macro-Average,Transition,1,Accuracy,0.639431190140591,Studd_Squirrel
Foraging,Transition,2,Precision,0.647840531561462,Studd_Squirrel
Foraging,Transition,2,Recall,0.538922155688623,Studd_Squirrel
Foraging,Transition,2,F1,0.588383203419663,Studd_Squirrel
Foraging,Transition,2,Accuracy,0.608529903755243,Studd_Squirrel
Nest,Transition,2,Precision,0.366013071895425,Studd_Squirrel
Nest,Transition,2,Recall,0.142493638676845,Studd_Squirrel
Nest,Transition,2,F1,0.205128205128205,Studd_Squirrel
Nest,Transition,2,Accuracy,0.558327266861065,Studd_Squirrel
notMoving,Transition,2,Precision,0.434402332361516,Studd_Squirrel
notMoving,Transition,2,Recall,0.467817896389325,Studd_Squirrel
notMoving,Transition,2,F1,0.450491307634165,Studd_Squirrel
notMoving,Transition,2,Accuracy,0.678638292924007,Studd_Squirrel
Running,Transition,2,Precision,0.37962962962963,Studd_Squirrel
Running,Transition,2,Recall,0.275167785234899,Studd_Squirrel
Running,Transition,2,F1,0.319066147859922,Studd_Squirrel
Running,Transition,2,Accuracy,0.629204703022652,Studd_Squirrel
Traveling,Transition,2,Precision,0.320659971305595,Studd_Squirrel
Traveling,Transition,2,Recall,0.560853199498118,Studd_Squirrel
Traveling,Transition,2,F1,0.408032861706983,Studd_Squirrel
Traveling,Transition,2,Accuracy,0.639083316166969,Studd_Squirrel
Macro-Average,Transition,2,Precision,0.429709107350726,Studd_Squirrel
Macro-Average,Transition,2,Recall,0.397050935097562,Studd_Squirrel
Macro-Average,Transition,2,F1,0.394220345149788,Studd_Squirrel
Macro-Average,Transition,2,Accuracy,0.622756696545987,Studd_Squirrel
Foraging,Transition,3,Precision,0.859324758842444,Studd_Squirrel
Foraging,Transition,3,Recall,0.549049820236261,Studd_Squirrel
Foraging,Transition,3,F1,0.670009401441554,Studd_Squirrel
Foraging,Transition,3,Accuracy,0.65924164266095,Studd_Squirrel
Nest,Transition,3,Precision,0.231884057971015,Studd_Squirrel
Nest,Transition,3,Recall,0.432432432432432,Studd_Squirrel
Nest,Transition,3,F1,0.30188679245283,Studd_Squirrel
Nest,Transition,3,Accuracy,0.696079438100715,Studd_Squirrel
notMoving,Transition,3,Precision,0.261410788381743,Studd_Squirrel
notMoving,Transition,3,Recall,0.504,Studd_Squirrel
notMoving,Transition,3,F1,0.344262295081967,Studd_Squirrel
notMoving,Transition,3,Accuracy,0.71751724137931,Studd_Squirrel
Running,Transition,3,Precision,0.418367346938776,Studd_Squirrel
Running,Transition,3,Recall,0.225274725274725,Studd_Squirrel
Running,Transition,3,F1,0.292857142857143,Studd_Squirrel
Running,Transition,3,Accuracy,0.601345762003448,Studd_Squirrel
Traveling,Transition,3,Precision,0.239593908629442,Studd_Squirrel
Traveling,Transition,3,Recall,0.624338624338624,Studd_Squirrel
Traveling,Transition,3,F1,0.346294937637564,Studd_Squirrel
Traveling,Transition,3,Accuracy,0.651301614574811,Studd_Squirrel
Macro-Average,Transition,3,Precision,0.402116172152684,Studd_Squirrel
Macro-Average,Transition,3,Recall,0.467019120456409,Studd_Squirrel
Macro-Average,Transition,3,F1,0.391062113894212,Studd_Squirrel
Macro-Average,Transition,3,Accuracy,0.665097139743847,Studd_Squirrel
Active,Bayesian,1,Precision,0.757255936675462,Vehkaoja_Dog
Active,Bayesian,1,Recall,0.925806451612903,Vehkaoja_Dog
Active,Bayesian,1,F1,0.833091436865022,Vehkaoja_Dog
Active,Bayesian,1,Accuracy,0.945609992723745,Vehkaoja_Dog
Drinking,Bayesian,1,Precision,0.9,Vehkaoja_Dog
Drinking,Bayesian,1,Recall,0.891089108910891,Vehkaoja_Dog
Drinking,Bayesian,1,F1,0.895522388059702,Vehkaoja_Dog
Drinking,Bayesian,1,Accuracy,0.945120070203811,Vehkaoja_Dog
Galloping,Bayesian,1,Precision,0.579439252336449,Vehkaoja_Dog
Galloping,Bayesian,1,Recall,0.215277777777778,Vehkaoja_Dog
Galloping,Bayesian,1,F1,0.313924050632911,Vehkaoja_Dog
Galloping,Bayesian,1,Accuracy,0.605697895100069,Vehkaoja_Dog
Lying chest,Bayesian,1,Precision,0.58364312267658,Vehkaoja_Dog
Lying chest,Bayesian,1,Recall,0.486068111455108,Vehkaoja_Dog
Lying chest,Bayesian,1,F1,0.530405405405405,Vehkaoja_Dog
Lying chest,Bayesian,1,Accuracy,0.709238038829546,Vehkaoja_Dog
Sitting,Bayesian,1,Precision,0.837691614066727,Vehkaoja_Dog
Sitting,Bayesian,1,Recall,0.488176563321072,Vehkaoja_Dog
Sitting,Bayesian,1,F1,0.616865869853918,Vehkaoja_Dog
Sitting,Bayesian,1,Accuracy,0.735067533940781,Vehkaoja_Dog
Sniffing,Bayesian,1,Precision,0.974753018660812,Vehkaoja_Dog
Sniffing,Bayesian,1,Recall,0.975288303130148,Vehkaoja_Dog
Sniffing,Bayesian,1,F1,0.975020587427944,Vehkaoja_Dog
Sniffing,Bayesian,1,Accuracy,0.985357641971675,Vehkaoja_Dog
Standing,Bayesian,1,Precision,0.44024926686217,Vehkaoja_Dog
Standing,Bayesian,1,Recall,0.693418013856813,Vehkaoja_Dog
Standing,Bayesian,1,F1,0.538565022421525,Vehkaoja_Dog
Standing,Bayesian,1,Accuracy,0.77147250712549,Vehkaoja_Dog
Trotting,Bayesian,1,Precision,0.850140056022409,Vehkaoja_Dog
Trotting,Bayesian,1,Recall,0.95141065830721,Vehkaoja_Dog
Trotting,Bayesian,1,F1,0.89792899408284,Vehkaoja_Dog
Trotting,Bayesian,1,Accuracy,0.965614797278841,Vehkaoja_Dog
Walking,Bayesian,1,Precision,0.912774725274725,Vehkaoja_Dog
Walking,Bayesian,1,Recall,0.840607210626186,Vehkaoja_Dog
Walking,Bayesian,1,F1,0.875205795192624,Vehkaoja_Dog
Walking,Bayesian,1,Accuracy,0.914137958162884,Vehkaoja_Dog
Macro-Average,Bayesian,1,Precision,0.759549665841704,Vehkaoja_Dog
Macro-Average,Bayesian,1,Recall,0.718571355444234,Vehkaoja_Dog
Macro-Average,Bayesian,1,F1,0.719614394437988,Vehkaoja_Dog
Macro-Average,Bayesian,1,Accuracy,0.84192404837076,Vehkaoja_Dog
Active,Bayesian,2,Precision,0.734502191609267,Vehkaoja_Dog
Active,Bayesian,2,Recall,0.88595166163142,Vehkaoja_Dog
Active,Bayesian,2,F1,0.803149606299213,Vehkaoja_Dog
Active,Bayesian,2,Accuracy,0.921983653372399,Vehkaoja_Dog
Drinking,Bayesian,2,Precision,0.944444444444444,Vehkaoja_Dog
Drinking,Bayesian,2,Recall,0.793333333333333,Vehkaoja_Dog
Drinking,Bayesian,2,F1,0.86231884057971,Vehkaoja_Dog
Drinking,Bayesian,2,Accuracy,0.896356190307224,Vehkaoja_Dog
Galloping,Bayesian,2,Precision,0.622377622377622,Vehkaoja_Dog
Galloping,Bayesian,2,Recall,0.304794520547945,Vehkaoja_Dog
Galloping,Bayesian,2,F1,0.409195402298851,Vehkaoja_Dog
Galloping,Bayesian,2,Accuracy,0.649971602201922,Vehkaoja_Dog
Lying chest,Bayesian,2,Precision,0.537569060773481,Vehkaoja_Dog
Lying chest,Bayesian,2,Recall,0.512644889357218,Vehkaoja_Dog
Lying chest,Bayesian,2,F1,0.524811218985976,Vehkaoja_Dog
Lying chest,Bayesian,2,Accuracy,0.712385436804593,Vehkaoja_Dog
Sitting,Bayesian,2,Precision,0.605196128374936,Vehkaoja_Dog
Sitting,Bayesian,2,Recall,0.625263157894737,Vehkaoja_Dog
Sitting,Bayesian,2,F1,0.615066010872379,Vehkaoja_Dog
Sitting,Bayesian,2,Accuracy,0.771940620215876,Vehkaoja_Dog
Sniffing,Bayesian,2,Precision,0.96838905775076,Vehkaoja_Dog
Sniffing,Bayesian,2,Recall,0.969567863664029,Vehkaoja_Dog
Sniffing,Bayesian,2,F1,0.968978102189781,Vehkaoja_Dog
Sniffing,Bayesian,2,Accuracy,0.982125445124448,Vehkaoja_Dog
Standing,Bayesian,2,Precision,0.622125543816035,Vehkaoja_Dog
Standing,Bayesian,2,Recall,0.58130081300813,Vehkaoja_Dog
Standing,Bayesian,2,F1,0.60102071450015,Vehkaoja_Dog
Standing,Bayesian,2,Accuracy,0.759313430934536,Vehkaoja_Dog
Trotting,Bayesian,2,Precision,0.850921273031826,Vehkaoja_Dog
Trotting,Bayesian,2,Recall,0.898320070733864,Vehkaoja_Dog
Trotting,Bayesian,2,F1,0.873978494623656,Vehkaoja_Dog
Trotting,Bayesian,2,Accuracy,0.940512542168331,Vehkaoja_Dog
Walking,Bayesian,2,Precision,0.848053892215569,Vehkaoja_Dog
Walking,Bayesian,2,Recall,0.831254585473221,Vehkaoja_Dog
Walking,Bayesian,2,F1,0.839570211189329,Vehkaoja_Dog
Walking,Bayesian,2,Accuracy,0.905537829515934,Vehkaoja_Dog
Macro-Average,Bayesian,2,Precision,0.748175468265993,Vehkaoja_Dog
Macro-Average,Bayesian,2,Recall,0.7113812106271,Vehkaoja_Dog
Macro-Average,Bayesian,2,F1,0.72200984461545,Vehkaoja_Dog
Macro-Average,Bayesian,2,Accuracy,0.837791861182807,Vehkaoja_Dog
Active,Bayesian,3,Precision,0.705969049373618,Vehkaoja_Dog
Active,Bayesian,3,Recall,0.929194956353055,Vehkaoja_Dog
Active,Bayesian,3,F1,0.802345058626466,Vehkaoja_Dog
Active,Bayesian,3,Accuracy,0.945017539026464,Vehkaoja_Dog
Drinking,Bayesian,3,Precision,0.96,Vehkaoja_Dog
Drinking,Bayesian,3,Recall,0.705882352941177,Vehkaoja_Dog
Drinking,Bayesian,3,F1,0.813559322033898,Vehkaoja_Dog
Drinking,Bayesian,3,Accuracy,0.852851506456241,Vehkaoja_Dog
Galloping,Bayesian,3,Precision,0.714285714285714,Vehkaoja_Dog
Galloping,Bayesian,3,Recall,0.253378378378378,Vehkaoja_Dog
Galloping,Bayesian,3,F1,0.374064837905237,Vehkaoja_Dog
Galloping,Bayesian,3,Accuracy,0.625316065791167,Vehkaoja_Dog
Lying chest,Bayesian,3,Precision,0.577846630518978,Vehkaoja_Dog
Lying chest,Bayesian,3,Recall,0.412382531785517,Vehkaoja_Dog
Lying chest,Bayesian,3,F1,0.481290322580645,Vehkaoja_Dog
Lying chest,Bayesian,3,Accuracy,0.677235788260201,Vehkaoja_Dog
Sitting,Bayesian,3,Precision,0.466715169152419,Vehkaoja_Dog
Sitting,Bayesian,3,Recall,0.710409745293466,Vehkaoja_Dog
Sitting,Bayesian,3,F1,0.563336992316136,Vehkaoja_Dog
Sitting,Bayesian,3,Accuracy,0.777342115051662,Vehkaoja_Dog
Sniffing,Bayesian,3,Precision,0.967799642218247,Vehkaoja_Dog
Sniffing,Bayesian,3,Recall,0.962633451957295,Vehkaoja_Dog
Sniffing,Bayesian,3,F1,0.965209634255129,Vehkaoja_Dog
Sniffing,Bayesian,3,Accuracy,0.978484756186326,Vehkaoja_Dog
Standing,Bayesian,3,Precision,0.547138047138047,Vehkaoja_Dog
Standing,Bayesian,3,Recall,0.387828162291169,Vehkaoja_Dog
Standing,Bayesian,3,F1,0.45391061452514,Vehkaoja_Dog
Standing,Bayesian,3,Accuracy,0.665728833869809,Vehkaoja_Dog
Trotting,Bayesian,3,Precision,0.94978783592645,Vehkaoja_Dog
Trotting,Bayesian,3,Recall,0.908660351826793,Vehkaoja_Dog
Trotting,Bayesian,3,F1,0.928769017980636,Vehkaoja_Dog
Trotting,Bayesian,3,Accuracy,0.950686160310851,Vehkaoja_Dog
Walking,Bayesian,3,Precision,0.925125989920806,Vehkaoja_Dog
Walking,Bayesian,3,Recall,0.937956204379562,Vehkaoja_Dog
Walking,Bayesian,3,F1,0.931496919173614,Vehkaoja_Dog
Walking,Bayesian,3,Accuracy,0.963698914372522,Vehkaoja_Dog
Macro-Average,Bayesian,3,Precision,0.757185342059364,Vehkaoja_Dog
Macro-Average,Bayesian,3,Recall,0.689814015022935,Vehkaoja_Dog
Macro-Average,Bayesian,3,F1,0.701553635488545,Vehkaoja_Dog
Macro-Average,Bayesian,3,Accuracy,0.826262408813916,Vehkaoja_Dog
Active,Duration,1,Precision,0.804859529233106,Vehkaoja_Dog
Active,Duration,1,Recall,0.854838709677419,Vehkaoja_Dog
Active,Duration,1,F1,0.829096597575284,Vehkaoja_Dog
Active,Duration,1,Accuracy,0.915342287169537,Vehkaoja_Dog
Drinking,Duration,1,Precision,0.916666666666667,Vehkaoja_Dog
Drinking,Duration,1,Recall,0.871287128712871,Vehkaoja_Dog
Drinking,Duration,1,F1,0.893401015228426,Vehkaoja_Dog
Drinking,Duration,1,Accuracy,0.935303976955128,Vehkaoja_Dog
Galloping,Duration,1,Precision,0.7734375,Vehkaoja_Dog
Galloping,Duration,1,Recall,0.6875,Vehkaoja_Dog
Galloping,Duration,1,F1,0.727941176470588,Vehkaoja_Dog
Galloping,Duration,1,Accuracy,0.841248274672188,Vehkaoja_Dog
Lying chest,Duration,1,Precision,0.5193401592719,Vehkaoja_Dog
Lying chest,Duration,1,Recall,0.471104231166151,Vehkaoja_Dog
Lying chest,Duration,1,F1,0.494047619047619,Vehkaoja_Dog
Lying chest,Duration,1,Accuracy,0.693055636001502,Vehkaoja_Dog
Sitting,Duration,1,Precision,0.794642857142857,Vehkaoja_Dog
Sitting,Duration,1,Recall,0.374146085128744,Vehkaoja_Dog
Sitting,Duration,1,F1,0.50875312611647,Vehkaoja_Dog
Sitting,Duration,1,Accuracy,0.677851833784178,Vehkaoja_Dog
Sniffing,Duration,1,Precision,0.961331901181525,Vehkaoja_Dog
Sniffing,Duration,1,Recall,0.982976386600769,Vehkaoja_Dog
Sniffing,Duration,1,F1,0.972033668205268,Vehkaoja_Dog
Sniffing,Duration,1,Accuracy,0.987909308719412,Vehkaoja_Dog
Standing,Duration,1,Precision,0.394292151708599,Vehkaoja_Dog
Standing,Duration,1,Recall,0.606235565819861,Vehkaoja_Dog
Standing,Duration,1,F1,0.477815699658703,Vehkaoja_Dog
Standing,Duration,1,Accuracy,0.723643994971421,Vehkaoja_Dog
Trotting,Duration,1,Precision,0.849217638691323,Vehkaoja_Dog
Trotting,Duration,1,Recall,0.935736677115987,Vehkaoja_Dog
Trotting,Duration,1,F1,0.890380313199105,Vehkaoja_Dog
Trotting,Duration,1,Accuracy,0.957872110719442,Vehkaoja_Dog
Walking,Duration,1,Precision,0.811193111931119,Vehkaoja_Dog
Walking,Duration,1,Recall,0.834282099936749,Vehkaoja_Dog
Walking,Duration,1,F1,0.822575615840349,Vehkaoja_Dog
Walking,Duration,1,Accuracy,0.902236690321807,Vehkaoja_Dog
Macro-Average,Duration,1,Precision,0.758331279536344,Vehkaoja_Dog
Macro-Average,Duration,1,Recall,0.73534520935095,Vehkaoja_Dog
Macro-Average,Duration,1,F1,0.735116092371313,Vehkaoja_Dog
Macro-Average,Duration,1,Accuracy,0.848273790368291,Vehkaoja_Dog
Active,Duration,2,Precision,0.773035230352304,Vehkaoja_Dog
Active,Duration,2,Recall,0.86178247734139,Vehkaoja_Dog
Active,Duration,2,F1,0.815,Vehkaoja_Dog
Active,Duration,2,Accuracy,0.914305438096381,Vehkaoja_Dog
Drinking,Duration,2,Precision,0.945945945945946,Vehkaoja_Dog
Drinking,Duration,2,Recall,0.7,Vehkaoja_Dog
Drinking,Duration,2,F1,0.804597701149426,Vehkaoja_Dog
Drinking,Duration,2,Accuracy,0.849733877406192,Vehkaoja_Dog
Galloping,Duration,2,Precision,0.691119691119691,Vehkaoja_Dog
Galloping,Duration,2,Recall,0.613013698630137,Vehkaoja_Dog
Galloping,Duration,2,F1,0.6497277676951,Vehkaoja_Dog
Galloping,Duration,2,Accuracy,0.802913281800919,Vehkaoja_Dog
Lying chest,Duration,2,Precision,0.479713603818616,Vehkaoja_Dog
Lying chest,Duration,2,Recall,0.423603793466807,Vehkaoja_Dog
Lying chest,Duration,2,F1,0.449916060436486,Vehkaoja_Dog
Lying chest,Duration,2,Accuracy,0.666027618518181,Vehkaoja_Dog
Sitting,Duration,2,Precision,0.543937708565072,Vehkaoja_Dog
Sitting,Duration,2,Recall,0.514736842105263,Vehkaoja_Dog
Sitting,Duration,2,F1,0.528934559221201,Vehkaoja_Dog
Sitting,Duration,2,Accuracy,0.714314761491569,Vehkaoja_Dog
Sniffing,Duration,2,Precision,0.964090079123554,Vehkaoja_Dog
Sniffing,Duration,2,Recall,0.964090079123554,Vehkaoja_Dog
Sniffing,Duration,2,F1,0.964090079123554,Vehkaoja_Dog
Sniffing,Duration,2,Accuracy,0.979028679643577,Vehkaoja_Dog
Standing,Duration,2,Precision,0.496045197740113,Vehkaoja_Dog
Standing,Duration,2,Recall,0.509872241579559,Vehkaoja_Dog
Standing,Duration,2,F1,0.502863688430699,Vehkaoja_Dog
Standing,Duration,2,Accuracy,0.708961479000273,Vehkaoja_Dog
Trotting,Duration,2,Precision,0.860635696821516,Vehkaoja_Dog
Trotting,Duration,2,Recall,0.93368700265252,Vehkaoja_Dog
Trotting,Duration,2,F1,0.895674300254453,Vehkaoja_Dog
Trotting,Duration,2,Accuracy,0.958536078084908,Vehkaoja_Dog
Walking,Duration,2,Precision,0.781954887218045,Vehkaoja_Dog
Walking,Duration,2,Recall,0.839325018341893,Vehkaoja_Dog
Walking,Duration,2,F1,0.80962491153574,Vehkaoja_Dog
Walking,Duration,2,Accuracy,0.903807638395599,Vehkaoja_Dog
Macro-Average,Duration,2,Precision,0.726275337856095,Vehkaoja_Dog
Macro-Average,Duration,2,Recall,0.706679017026792,Vehkaoja_Dog
Macro-Average,Duration,2,F1,0.713381007538517,Vehkaoja_Dog
Macro-Average,Duration,2,Accuracy,0.833069872493066,Vehkaoja_Dog
Active,Duration,3,Precision,0.723127035830619,Vehkaoja_Dog
Active,Duration,3,Recall,0.861299709020369,Vehkaoja_Dog
Active,Duration,3,F1,0.786188579017264,Vehkaoja_Dog
Active,Duration,3,Accuracy,0.913965194582812,Vehkaoja_Dog
Drinking,Duration,3,Precision,0.94,Vehkaoja_Dog
Drinking,Duration,3,Recall,0.691176470588235,Vehkaoja_Dog
Drinking,Duration,3,F1,0.796610169491525,Vehkaoja_Dog
Drinking,Duration,3,Accuracy,0.845453730272597,Vehkaoja_Dog
Galloping,Duration,3,Precision,0.768292682926829,Vehkaoja_Dog
Galloping,Duration,3,Recall,0.638513513513514,Vehkaoja_Dog
Galloping,Duration,3,F1,0.697416974169742,Vehkaoja_Dog
Galloping,Duration,3,Accuracy,0.816647822300514,Vehkaoja_Dog
Lying chest,Duration,3,Precision,0.521808088818398,Vehkaoja_Dog
Lying chest,Duration,3,Recall,0.363736871199558,Vehkaoja_Dog
Lying chest,Duration,3,F1,0.428664495114007,Vehkaoja_Dog
Lying chest,Duration,3,Accuracy,0.649831457595316,Vehkaoja_Dog
Sitting,Duration,3,Precision,0.453296703296703,Vehkaoja_Dog
Sitting,Duration,3,Recall,0.63953488372093,Vehkaoja_Dog
Sitting,Duration,3,F1,0.530546623794212,Vehkaoja_Dog
Sitting,Duration,3,Accuracy,0.745781888429405,Vehkaoja_Dog
Sniffing,Duration,3,Precision,0.962040332147094,Vehkaoja_Dog
Sniffing,Duration,3,Recall,0.962040332147094,Vehkaoja_Dog
Sniffing,Duration,3,F1,0.962040332147094,Vehkaoja_Dog
Sniffing,Duration,3,Accuracy,0.977663757430795,Vehkaoja_Dog
Standing,Duration,3,Precision,0.523089171974522,Vehkaoja_Dog
Standing,Duration,3,Recall,0.39200477326969,Vehkaoja_Dog
Standing,Duration,3,F1,0.448158253751705,Vehkaoja_Dog
Standing,Duration,3,Accuracy,0.664621414296203,Vehkaoja_Dog
Trotting,Duration,3,Precision,0.938675958188153,Vehkaoja_Dog
Trotting,Duration,3,Recall,0.911366711772666,Vehkaoja_Dog
Trotting,Duration,3,F1,0.924819773429454,Vehkaoja_Dog
Trotting,Duration,3,Accuracy,0.951166829505713,Vehkaoja_Dog
Walking,Duration,3,Precision,0.833112582781457,Vehkaoja_Dog
Walking,Duration,3,Recall,0.918248175182482,Vehkaoja_Dog
Walking,Duration,3,F1,0.873611111111111,Vehkaoja_Dog
Walking,Duration,3,Accuracy,0.946332209418652,Vehkaoja_Dog
Macro-Average,Duration,3,Precision,0.740382506218197,Vehkaoja_Dog
Macro-Average,Duration,3,Recall,0.708657937823837,Vehkaoja_Dog
Macro-Average,Duration,3,F1,0.716450701336235,Vehkaoja_Dog
Macro-Average,Duration,3,Accuracy,0.834607144870223,Vehkaoja_Dog
Active,HMM,1,Precision,0.804034582132565,Vehkaoja_Dog
Active,HMM,1,Recall,0.9,Vehkaoja_Dog
Active,HMM,1,F1,0.849315068493151,Vehkaoja_Dog
Active,HMM,1,Accuracy,0.937218045112782,Vehkaoja_Dog
Drinking,HMM,1,Precision,0.916666666666667,Vehkaoja_Dog
Drinking,HMM,1,Recall,0.871287128712871,Vehkaoja_Dog
Drinking,HMM,1,F1,0.893401015228426,Vehkaoja_Dog
Drinking,HMM,1,Accuracy,0.935303976955128,Vehkaoja_Dog
Galloping,HMM,1,Precision,0.7734375,Vehkaoja_Dog
Galloping,HMM,1,Recall,0.6875,Vehkaoja_Dog
Galloping,HMM,1,F1,0.727941176470588,Vehkaoja_Dog
Galloping,HMM,1,Accuracy,0.841248274672188,Vehkaoja_Dog
Lying chest,HMM,1,Precision,0.535097192224622,Vehkaoja_Dog
Lying chest,HMM,1,Recall,0.511351909184727,Vehkaoja_Dog
Lying chest,HMM,1,F1,0.522955145118734,Vehkaoja_Dog
Lying chest,HMM,1,Accuracy,0.71237480794179,Vehkaoja_Dog
Sitting,HMM,1,Precision,0.847252747252747,Vehkaoja_Dog
Sitting,HMM,1,Recall,0.405149763531266,Vehkaoja_Dog
Sitting,HMM,1,F1,0.548169214361891,Vehkaoja_Dog
Sitting,HMM,1,Accuracy,0.695608859915378,Vehkaoja_Dog
Sniffing,HMM,1,Precision,0.961909871244635,Vehkaoja_Dog
Sniffing,HMM,1,Recall,0.984623833058759,Vehkaoja_Dog
Sniffing,HMM,1,F1,0.973134328358209,Vehkaoja_Dog
Sniffing,HMM,1,Accuracy,0.988782738678698,Vehkaoja_Dog
Standing,HMM,1,Precision,0.43106651802304,Vehkaoja_Dog
Standing,HMM,1,Recall,0.669745958429561,Vehkaoja_Dog
Standing,HMM,1,F1,0.524530861406285,Vehkaoja_Dog
Standing,HMM,1,Accuracy,0.759439396242766,Vehkaoja_Dog
Trotting,HMM,1,Precision,0.852272727272727,Vehkaoja_Dog
Trotting,HMM,1,Recall,0.940438871473354,Vehkaoja_Dog
Trotting,HMM,1,F1,0.894187779433681,Vehkaoja_Dog
Trotting,HMM,1,Accuracy,0.960411815970551,Vehkaoja_Dog
Walking,HMM,1,Precision,0.915901060070671,Vehkaoja_Dog
Walking,HMM,1,Recall,0.819734345351044,Vehkaoja_Dog
Walking,HMM,1,F1,0.865153538050734,Vehkaoja_Dog
Walking,HMM,1,Accuracy,0.904089912747373,Vehkaoja_Dog
Macro-Average,HMM,1,Precision,0.781959873876408,Vehkaoja_Dog
Macro-Average,HMM,1,Recall,0.754425756637954,Vehkaoja_Dog
Macro-Average,HMM,1,F1,0.7554209029913,Vehkaoja_Dog
Macro-Average,HMM,1,Accuracy,0.859386425359628,Vehkaoja_Dog
Active,HMM,2,Precision,0.781165311653117,Vehkaoja_Dog
Active,HMM,2,Recall,0.870845921450151,Vehkaoja_Dog
Active,HMM,2,F1,0.823571428571429,Vehkaoja_Dog
Active,HMM,2,Accuracy,0.919431278380289,Vehkaoja_Dog
Drinking,HMM,2,Precision,0.945945945945946,Vehkaoja_Dog
Drinking,HMM,2,Recall,0.7,Vehkaoja_Dog
Drinking,HMM,2,F1,0.804597701149426,Vehkaoja_Dog
Drinking,HMM,2,Accuracy,0.849733877406192,Vehkaoja_Dog
Galloping,HMM,2,Precision,0.691119691119691,Vehkaoja_Dog
Galloping,HMM,2,Recall,0.613013698630137,Vehkaoja_Dog
Galloping,HMM,2,F1,0.6497277676951,Vehkaoja_Dog
Galloping,HMM,2,Accuracy,0.802913281800919,Vehkaoja_Dog
Lying chest,HMM,2,Precision,0.497534246575343,Vehkaoja_Dog
Lying chest,HMM,2,Recall,0.478398314014752,Vehkaoja_Dog
Lying chest,HMM,2,F1,0.487778673113081,Vehkaoja_Dog
Lying chest,HMM,2,Accuracy,0.691062674067744,Vehkaoja_Dog
Sitting,HMM,2,Precision,0.571648690292758,Vehkaoja_Dog
Sitting,HMM,2,Recall,0.585789473684211,Vehkaoja_Dog
Sitting,HMM,2,F1,0.578632700805823,Vehkaoja_Dog
Sitting,HMM,2,Accuracy,0.749106014800732,Vehkaoja_Dog
Sniffing,HMM,2,Precision,0.961007798440312,Vehkaoja_Dog
Sniffing,HMM,2,Recall,0.975045648204504,Vehkaoja_Dog
Sniffing,HMM,2,F1,0.96797583081571,Vehkaoja_Dog
Sniffing,HMM,2,Accuracy,0.984199715717794,Vehkaoja_Dog
Standing,HMM,2,Precision,0.582929782082324,Vehkaoja_Dog
Standing,HMM,2,Recall,0.559233449477352,Vehkaoja_Dog
Standing,HMM,2,F1,0.570835803200948,Vehkaoja_Dog
Standing,HMM,2,Accuracy,0.744104921831759,Vehkaoja_Dog
Trotting,HMM,2,Precision,0.864125932062966,Vehkaoja_Dog
Trotting,HMM,2,Recall,0.922192749778957,Vehkaoja_Dog
Trotting,HMM,2,F1,0.892215568862276,Vehkaoja_Dog
Trotting,HMM,2,Accuracy,0.953129021605374,Vehkaoja_Dog
Walking,HMM,2,Precision,0.884284597341673,Vehkaoja_Dog
Walking,HMM,2,Recall,0.829787234042553,Vehkaoja_Dog
Walking,HMM,2,F1,0.856169568508706,Vehkaoja_Dog
Walking,HMM,2,Accuracy,0.907537752210143,Vehkaoja_Dog
Macro-Average,HMM,2,Precision,0.753306888390459,Vehkaoja_Dog
Macro-Average,HMM,2,Recall,0.726034054364735,Vehkaoja_Dog
Macro-Average,HMM,2,F1,0.736833893635833,Vehkaoja_Dog
Macro-Average,HMM,2,Accuracy,0.844579837535661,Vehkaoja_Dog
Active,HMM,3,Precision,0.742671009771987,Vehkaoja_Dog
Active,HMM,3,Recall,0.884578079534433,Vehkaoja_Dog
Active,HMM,3,F1,0.807436918990704,Vehkaoja_Dog
Active,HMM,3,Accuracy,0.926782120540599,Vehkaoja_Dog
Drinking,HMM,3,Precision,0.938775510204082,Vehkaoja_Dog
Drinking,HMM,3,Recall,0.676470588235294,Vehkaoja_Dog
Drinking,HMM,3,F1,0.786324786324786,Vehkaoja_Dog
Drinking,HMM,3,Accuracy,0.838100789096126,Vehkaoja_Dog
Galloping,HMM,3,Precision,0.768292682926829,Vehkaoja_Dog
Galloping,HMM,3,Recall,0.638513513513514,Vehkaoja_Dog
Galloping,HMM,3,F1,0.697416974169742,Vehkaoja_Dog
Galloping,HMM,3,Accuracy,0.816647822300514,Vehkaoja_Dog
Lying chest,HMM,3,Precision,0.529895366218236,Vehkaoja_Dog
Lying chest,HMM,3,Recall,0.391929242675511,Vehkaoja_Dog
Lying chest,HMM,3,F1,0.450587861455354,Vehkaoja_Dog
Lying chest,HMM,3,Accuracy,0.662546281097611,Vehkaoja_Dog
Sitting,HMM,3,Precision,0.455738934733684,Vehkaoja_Dog
Sitting,HMM,3,Recall,0.672757475083057,Vehkaoja_Dog
Sitting,HMM,3,F1,0.543381037567084,Vehkaoja_Dog
Sitting,HMM,3,Accuracy,0.759312665733583,Vehkaoja_Dog
Sniffing,HMM,3,Precision,0.951724137931035,Vehkaoja_Dog
Sniffing,HMM,3,Recall,0.98220640569395,Vehkaoja_Dog
Sniffing,HMM,3,F1,0.966725043782837,Vehkaoja_Dog
Sniffing,HMM,3,Accuracy,0.986697916503363,Vehkaoja_Dog
Standing,HMM,3,Precision,0.564124783362218,Vehkaoja_Dog
Standing,HMM,3,Recall,0.388424821002387,Vehkaoja_Dog
Standing,HMM,3,F1,0.460070671378092,Vehkaoja_Dog
Standing,HMM,3,Accuracy,0.667860775966407,Vehkaoja_Dog
Trotting,HMM,3,Precision,0.942049469964664,Vehkaoja_Dog
Trotting,HMM,3,Recall,0.901894451962111,Vehkaoja_Dog
Trotting,HMM,3,F1,0.921534739025233,Vehkaoja_Dog
Trotting,HMM,3,Accuracy,0.946738644580932,Vehkaoja_Dog
Walking,HMM,3,Precision,0.906791907514451,Vehkaoja_Dog
Walking,HMM,3,Recall,0.916058394160584,Vehkaoja_Dog
Walking,HMM,3,F1,0.911401597676108,Vehkaoja_Dog
Walking,HMM,3,Accuracy,0.951480973730038,Vehkaoja_Dog
Macro-Average,HMM,3,Precision,0.755562644736354,Vehkaoja_Dog
Macro-Average,HMM,3,Recall,0.716981441317871,Vehkaoja_Dog
Macro-Average,HMM,3,F1,0.727208847818882,Vehkaoja_Dog
Macro-Average,HMM,3,Accuracy,0.839574221061019,Vehkaoja_Dog
Active,Mode,1,Precision,0.701777485187623,Vehkaoja_Dog
Active,Mode,1,Recall,0.859677419354839,Vehkaoja_Dog
Active,Mode,1,F1,0.772743747734686,Vehkaoja_Dog
Active,Mode,1,Accuracy,0.908551115692457,Vehkaoja_Dog
Drinking,Mode,1,Precision,0.854166666666667,Vehkaoja_Dog
Drinking,Mode,1,Recall,0.811881188118812,Vehkaoja_Dog
Drinking,Mode,1,F1,0.83248730964467,Vehkaoja_Dog
Drinking,Mode,1,Accuracy,0.905346316107118,Vehkaoja_Dog
Galloping,Mode,1,Precision,0.528169014084507,Vehkaoja_Dog
Galloping,Mode,1,Recall,0.260416666666667,Vehkaoja_Dog
Galloping,Mode,1,F1,0.348837209302326,Vehkaoja_Dog
Galloping,Mode,1,Accuracy,0.627318409247757,Vehkaoja_Dog
Lying chest,Mode,1,Precision,0.51050743208611,Vehkaoja_Dog
Lying chest,Mode,1,Recall,0.513931888544892,Vehkaoja_Dog
Lying chest,Mode,1,F1,0.512213936744664,Vehkaoja_Dog
Lying chest,Mode,1,Accuracy,0.708937378591496,Vehkaoja_Dog
Sitting,Mode,1,Precision,0.799149840595112,Vehkaoja_Dog
Sitting,Mode,1,Recall,0.395165528113505,Vehkaoja_Dog
Sitting,Mode,1,F1,0.528832630098453,Vehkaoja_Dog
Sitting,Mode,1,Accuracy,0.688110978951009,Vehkaoja_Dog
Sniffing,Mode,1,Precision,0.925965097831835,Vehkaoja_Dog
Sniffing,Mode,1,Recall,0.961559582646897,Vehkaoja_Dog
Sniffing,Mode,1,F1,0.943426724137931,Vehkaoja_Dog
Sniffing,Mode,1,Accuracy,0.973820849082669,Vehkaoja_Dog
Standing,Mode,1,Precision,0.415378517637733,Vehkaoja_Dog
Standing,Mode,1,Recall,0.605080831408776,Vehkaoja_Dog
Standing,Mode,1,F1,0.492596944770858,Vehkaoja_Dog
Standing,Mode,1,Accuracy,0.729865997099737,Vehkaoja_Dog
Trotting,Mode,1,Precision,0.785967399007796,Vehkaoja_Dog
Trotting,Mode,1,Recall,0.869122257053292,Vehkaoja_Dog
Trotting,Mode,1,F1,0.825455898771865,Vehkaoja_Dog
Trotting,Mode,1,Accuracy,0.920321219058521,Vehkaoja_Dog
Walking,Mode,1,Precision,0.842816500711238,Vehkaoja_Dog
Walking,Mode,1,Recall,0.749525616698292,Vehkaoja_Dog
Walking,Mode,1,F1,0.793438232340141,Vehkaoja_Dog
Walking,Mode,1,Accuracy,0.864033611339728,Vehkaoja_Dog
Macro-Average,Mode,1,Precision,0.707099772645402,Vehkaoja_Dog
Macro-Average,Mode,1,Recall,0.669595664289552,Vehkaoja_Dog
Macro-Average,Mode,1,F1,0.672225848171733,Vehkaoja_Dog
Macro-Average,Mode,1,Accuracy,0.814033986130055,Vehkaoja_Dog
Active,Mode,2,Precision,0.65709362435382,Vehkaoja_Dog
Active,Mode,2,Recall,0.86404833836858,Vehkaoja_Dog
Active,Mode,2,F1,0.746492659053834,Vehkaoja_Dog
Active,Mode,2,Accuracy,0.902466787265288,Vehkaoja_Dog
Drinking,Mode,2,Precision,0.891666666666667,Vehkaoja_Dog
Drinking,Mode,2,Recall,0.713333333333333,Vehkaoja_Dog
Drinking,Mode,2,F1,0.792592592592593,Vehkaoja_Dog
Drinking,Mode,2,Accuracy,0.856090067713416,Vehkaoja_Dog
Galloping,Mode,2,Precision,0.538961038961039,Vehkaoja_Dog
Galloping,Mode,2,Recall,0.284246575342466,Vehkaoja_Dog
Galloping,Mode,2,F1,0.37219730941704,Vehkaoja_Dog
Galloping,Mode,2,Accuracy,0.638933996502425,Vehkaoja_Dog
Lying chest,Mode,2,Precision,0.486697965571205,Vehkaoja_Dog
Lying chest,Mode,2,Recall,0.491570073761855,Vehkaoja_Dog
Lying chest,Mode,2,F1,0.489121887287025,Vehkaoja_Dog
Lying chest,Mode,2,Accuracy,0.694131493573841,Vehkaoja_Dog
Sitting,Mode,2,Precision,0.546548117154812,Vehkaoja_Dog
Sitting,Mode,2,Recall,0.55,Vehkaoja_Dog
Sitting,Mode,2,F1,0.548268625393494,Vehkaoja_Dog
Sitting,Mode,2,Accuracy,0.729478630683608,Vehkaoja_Dog
Sniffing,Mode,2,Precision,0.904789719626168,Vehkaoja_Dog
Sniffing,Mode,2,Recall,0.942787583688375,Vehkaoja_Dog
Sniffing,Mode,2,F1,0.923397913561848,Vehkaoja_Dog
Sniffing,Mode,2,Accuracy,0.963060458510854,Vehkaoja_Dog
Standing,Mode,2,Precision,0.570474281897128,Vehkaoja_Dog
Standing,Mode,2,Recall,0.495934959349594,Vehkaoja_Dog
Standing,Mode,2,F1,0.530599565082324,Vehkaoja_Dog
Standing,Mode,2,Accuracy,0.71482656636689,Vehkaoja_Dog
Trotting,Mode,2,Precision,0.762261014131338,Vehkaoja_Dog
Trotting,Mode,2,Recall,0.81078691423519,Vehkaoja_Dog
Trotting,Mode,2,F1,0.785775492716367,Vehkaoja_Dog
Trotting,Mode,2,Accuracy,0.891499170292877,Vehkaoja_Dog
Walking,Mode,2,Precision,0.819194515852614,Vehkaoja_Dog
Walking,Mode,2,Recall,0.701393983859134,Vehkaoja_Dog
Walking,Mode,2,F1,0.755731225296443,Vehkaoja_Dog
Walking,Mode,2,Accuracy,0.840209914394776,Vehkaoja_Dog
Macro-Average,Mode,2,Precision,0.68640966046831,Vehkaoja_Dog
Macro-Average,Mode,2,Recall,0.650455751326503,Vehkaoja_Dog
Macro-Average,Mode,2,F1,0.660464141155663,Vehkaoja_Dog
Macro-Average,Mode,2,Accuracy,0.803410787255997,Vehkaoja_Dog
Active,Mode,3,Precision,0.623413258110014,Vehkaoja_Dog
Active,Mode,3,Recall,0.857419980601358,Vehkaoja_Dog
Active,Mode,3,F1,0.721927317272356,Vehkaoja_Dog
Active,Mode,3,Accuracy,0.902505259708864,Vehkaoja_Dog
Drinking,Mode,3,Precision,0.916666666666667,Vehkaoja_Dog
Drinking,Mode,3,Recall,0.647058823529412,Vehkaoja_Dog
Drinking,Mode,3,F1,0.758620689655172,Vehkaoja_Dog
Drinking,Mode,3,Accuracy,0.823350071736012,Vehkaoja_Dog
Galloping,Mode,3,Precision,0.496402877697842,Vehkaoja_Dog
Galloping,Mode,3,Recall,0.233108108108108,Vehkaoja_Dog
Galloping,Mode,3,F1,0.317241379310345,Vehkaoja_Dog
Galloping,Mode,3,Accuracy,0.613350099458668,Vehkaoja_Dog
Lying chest,Mode,3,Precision,0.533682634730539,Vehkaoja_Dog
Lying chest,Mode,3,Recall,0.394140409065782,Vehkaoja_Dog
Lying chest,Mode,3,F1,0.453418124006359,Vehkaoja_Dog
Lying chest,Mode,3,Accuracy,0.663970640193289,Vehkaoja_Dog
Sitting,Mode,3,Precision,0.437545388525781,Vehkaoja_Dog
Sitting,Mode,3,Recall,0.667220376522702,Vehkaoja_Dog
Sitting,Mode,3,F1,0.528508771929825,Vehkaoja_Dog
Sitting,Mode,3,Accuracy,0.751339102644185,Vehkaoja_Dog
Sniffing,Mode,3,Precision,0.937066974595843,Vehkaoja_Dog
Sniffing,Mode,3,Recall,0.962633451957295,Vehkaoja_Dog
Sniffing,Mode,3,F1,0.949678174370977,Vehkaoja_Dog
Sniffing,Mode,3,Accuracy,0.97560034250896,Vehkaoja_Dog
Standing,Mode,3,Precision,0.557487922705314,Vehkaoja_Dog
Standing,Mode,3,Recall,0.344272076372315,Vehkaoja_Dog
Standing,Mode,3,F1,0.425673183327186,Vehkaoja_Dog
Standing,Mode,3,Accuracy,0.648141905746929,Vehkaoja_Dog
Trotting,Mode,3,Precision,0.896028880866426,Vehkaoja_Dog
Trotting,Mode,3,Recall,0.839648173207037,Vehkaoja_Dog
Trotting,Mode,3,F1,0.866922808243102,Vehkaoja_Dog
Trotting,Mode,3,Accuracy,0.912433407071595,Vehkaoja_Dog
Walking,Mode,3,Precision,0.856518572469046,Vehkaoja_Dog
Walking,Mode,3,Recall,0.858394160583942,Vehkaoja_Dog
Walking,Mode,3,F1,0.857455340867663,Vehkaoja_Dog
Walking,Mode,3,Accuracy,0.919197080291971,Vehkaoja_Dog
Macro-Average,Mode,3,Precision,0.694979241818608,Vehkaoja_Dog
Macro-Average,Mode,3,Recall,0.644877284438661,Vehkaoja_Dog
Macro-Average,Mode,3,F1,0.653271754331443,Vehkaoja_Dog
Macro-Average,Mode,3,Accuracy,0.801098656595608,Vehkaoja_Dog
Active,No,1,Precision,0.80532319391635,Vehkaoja_Dog
Active,No,1,Recall,0.854032258064516,Vehkaoja_Dog
Active,No,1,F1,0.828962818003914,Vehkaoja_Dog
Active,No,1,Accuracy,0.914986053844288,Vehkaoja_Dog
Drinking,No,1,Precision,0.916666666666667,Vehkaoja_Dog
Drinking,No,1,Recall,0.871287128712871,Vehkaoja_Dog
Drinking,No,1,F1,0.893401015228426,Vehkaoja_Dog
Drinking,No,1,Accuracy,0.935303976955128,Vehkaoja_Dog
Galloping,No,1,Precision,0.7734375,Vehkaoja_Dog
Galloping,No,1,Recall,0.6875,Vehkaoja_Dog
Galloping,No,1,F1,0.727941176470588,Vehkaoja_Dog
Galloping,No,1,Accuracy,0.841248274672188,Vehkaoja_Dog
Lying chest,No,1,Precision,0.504934210526316,Vehkaoja_Dog
Lying chest,No,1,Recall,0.475232198142415,Vehkaoja_Dog
Lying chest,No,1,F1,0.4896331738437,Vehkaoja_Dog
Lying chest,No,1,Accuracy,0.692202701364509,Vehkaoja_Dog
Sitting,No,1,Precision,0.771929824561403,Vehkaoja_Dog
Sitting,No,1,Recall,0.393063583815029,Vehkaoja_Dog
Sitting,No,1,F1,0.520891364902507,Vehkaoja_Dog
Sitting,No,1,Accuracy,0.685456318318259,Vehkaoja_Dog
Sniffing,No,1,Precision,0.956869009584665,Vehkaoja_Dog
Sniffing,No,1,Recall,0.986820428336079,Vehkaoja_Dog
Sniffing,No,1,F1,0.97161394971614,Vehkaoja_Dog
Sniffing,No,1,Accuracy,0.989383969014446,Vehkaoja_Dog
Standing,No,1,Precision,0.405138339920949,Vehkaoja_Dog
Standing,No,1,Recall,0.591801385681293,Vehkaoja_Dog
Standing,No,1,F1,0.480994838104176,Vehkaoja_Dog
Standing,No,1,Accuracy,0.721748150467765,Vehkaoja_Dog
Trotting,No,1,Precision,0.85042735042735,Vehkaoja_Dog
Trotting,No,1,Recall,0.935736677115987,Vehkaoja_Dog
Trotting,No,1,F1,0.891044776119403,Vehkaoja_Dog
Trotting,No,1,Accuracy,0.957966414755655,Vehkaoja_Dog
Walking,No,1,Precision,0.817164179104478,Vehkaoja_Dog
Walking,No,1,Recall,0.831119544592031,Vehkaoja_Dog
Walking,No,1,F1,0.824082784571966,Vehkaoja_Dog
Walking,No,1,Accuracy,0.901286541885296,Vehkaoja_Dog
Macro-Average,No,1,Precision,0.755765586078686,Vehkaoja_Dog
Macro-Average,No,1,Recall,0.736288133828913,Vehkaoja_Dog
Macro-Average,No,1,F1,0.736507321884536,Vehkaoja_Dog
Macro-Average,No,1,Accuracy,0.848842489030837,Vehkaoja_Dog
Active,No,2,Precision,0.774676650782845,Vehkaoja_Dog
Active,No,2,Recall,0.859516616314199,Vehkaoja_Dog
Active,No,2,F1,0.814894378804153,Vehkaoja_Dog
Active,No,2,Accuracy,0.913370546992628,Vehkaoja_Dog
Drinking,No,2,Precision,0.945945945945946,Vehkaoja_Dog
Drinking,No,2,Recall,0.7,Vehkaoja_Dog
Drinking,No,2,F1,0.804597701149426,Vehkaoja_Dog
Drinking,No,2,Accuracy,0.849733877406192,Vehkaoja_Dog
Galloping,No,2,Precision,0.691119691119691,Vehkaoja_Dog
Galloping,No,2,Recall,0.613013698630137,Vehkaoja_Dog
Galloping,No,2,F1,0.6497277676951,Vehkaoja_Dog
Galloping,No,2,Accuracy,0.802913281800919,Vehkaoja_Dog
Lying chest,No,2,Precision,0.47678369195923,Vehkaoja_Dog
Lying chest,No,2,Recall,0.443624868282403,Vehkaoja_Dog
Lying chest,No,2,F1,0.459606986899563,Vehkaoja_Dog
Lying chest,No,2,Accuracy,0.673308497133327,Vehkaoja_Dog
Sitting,No,2,Precision,0.545951859956236,Vehkaoja_Dog
Sitting,No,2,Recall,0.525263157894737,Vehkaoja_Dog
Sitting,No,2,F1,0.535407725321888,Vehkaoja_Dog
Sitting,No,2,Accuracy,0.719052874757512,Vehkaoja_Dog
Sniffing,No,2,Precision,0.959492140266022,Vehkaoja_Dog
Sniffing,No,2,Recall,0.965916007303713,Vehkaoja_Dog
Sniffing,No,2,F1,0.962693357597816,Vehkaoja_Dog
Sniffing,No,2,Accuracy,0.979532645778646,Vehkaoja_Dog
Standing,No,2,Precision,0.505395683453237,Vehkaoja_Dog
Standing,No,2,Recall,0.489547038327526,Vehkaoja_Dog
Standing,No,2,F1,0.497345132743363,Vehkaoja_Dog
Standing,No,2,Accuracy,0.702252129616294,Vehkaoja_Dog
Trotting,No,2,Precision,0.860635696821516,Vehkaoja_Dog
Trotting,No,2,Recall,0.93368700265252,Vehkaoja_Dog
Trotting,No,2,F1,0.895674300254453,Vehkaoja_Dog
Trotting,No,2,Accuracy,0.958536078084908,Vehkaoja_Dog
Walking,No,2,Precision,0.793893129770992,Vehkaoja_Dog
Walking,No,2,Recall,0.839325018341893,Vehkaoja_Dog
Walking,No,2,F1,0.815977175463623,Vehkaoja_Dog
Walking,No,2,Accuracy,0.904901077759416,Vehkaoja_Dog
Macro-Average,No,2,Precision,0.728210498897302,Vehkaoja_Dog
Macro-Average,No,2,Recall,0.707765934194125,Vehkaoja_Dog
Macro-Average,No,2,F1,0.715102725103265,Vehkaoja_Dog
Macro-Average,No,2,Accuracy,0.833733445481093,Vehkaoja_Dog
Active,No,3,Precision,0.724137931034483,Vehkaoja_Dog
Active,No,3,Recall,0.855480116391853,Vehkaoja_Dog
Active,No,3,F1,0.784348599377501,Vehkaoja_Dog
Active,No,3,Accuracy,0.911251688385346,Vehkaoja_Dog
Drinking,No,3,Precision,0.938775510204082,Vehkaoja_Dog
Drinking,No,3,Recall,0.676470588235294,Vehkaoja_Dog
Drinking,No,3,F1,0.786324786324786,Vehkaoja_Dog
Drinking,No,3,Accuracy,0.838100789096126,Vehkaoja_Dog
Galloping,No,3,Precision,0.768292682926829,Vehkaoja_Dog
Galloping,No,3,Recall,0.638513513513514,Vehkaoja_Dog
Galloping,No,3,F1,0.697416974169742,Vehkaoja_Dog
Galloping,No,3,Accuracy,0.816647822300514,Vehkaoja_Dog
Lying chest,No,3,Precision,0.52326468344775,Vehkaoja_Dog
Lying chest,No,3,Recall,0.379215035931454,Vehkaoja_Dog
Lying chest,No,3,F1,0.43974358974359,Vehkaoja_Dog
Lying chest,No,3,Accuracy,0.65640169499261,Vehkaoja_Dog
Sitting,No,3,Precision,0.455309396485867,Vehkaoja_Dog
Sitting,No,3,Recall,0.660022148394241,Vehkaoja_Dog
Sitting,No,3,F1,0.538878842676311,Vehkaoja_Dog
Sitting,No,3,Accuracy,0.754272812034385,Vehkaoja_Dog
Sniffing,No,3,Precision,0.950321449444769,Vehkaoja_Dog
Sniffing,No,3,Recall,0.9644128113879,Vehkaoja_Dog
Sniffing,No,3,F1,0.957315278186635,Vehkaoja_Dog
Sniffing,No,3,Accuracy,0.977748675465295,Vehkaoja_Dog
Standing,No,3,Precision,0.535495179666959,Vehkaoja_Dog
Standing,No,3,Recall,0.364558472553699,Vehkaoja_Dog
Standing,No,3,F1,0.433794817181399,Vehkaoja_Dog
Standing,No,3,Accuracy,0.654513100484729,Vehkaoja_Dog
Trotting,No,3,Precision,0.93854748603352,Vehkaoja_Dog
Trotting,No,3,Recall,0.909336941813261,Vehkaoja_Dog
Trotting,No,3,F1,0.923711340206185,Vehkaoja_Dog
Trotting,No,3,Accuracy,0.950151944526011,Vehkaoja_Dog
Walking,No,3,Precision,0.842034805890228,Vehkaoja_Dog
Walking,No,3,Recall,0.918248175182482,Vehkaoja_Dog
Walking,No,3,F1,0.878491620111732,Vehkaoja_Dog
Walking,No,3,Accuracy,0.947144392159769,Vehkaoja_Dog
Macro-Average,No,3,Precision,0.741797680570499,Vehkaoja_Dog
Macro-Average,No,3,Recall,0.707361978155967,Vehkaoja_Dog
Macro-Average,No,3,F1,0.715558427553098,Vehkaoja_Dog
Macro-Average,No,3,Accuracy,0.834025879938309,Vehkaoja_Dog
Active,Transition,1,Precision,0.767959770114943,Vehkaoja_Dog
Active,Transition,1,Recall,0.862096774193548,Vehkaoja_Dog
Active,Transition,1,F1,0.812310030395137,Vehkaoja_Dog
Active,Transition,1,Accuracy,0.915869815668203,Vehkaoja_Dog
Drinking,Transition,1,Precision,0.956521739130435,Vehkaoja_Dog
Drinking,Transition,1,Recall,0.871287128712871,Vehkaoja_Dog
Drinking,Transition,1,F1,0.911917098445596,Vehkaoja_Dog
Drinking,Transition,1,Accuracy,0.935473770655782,Vehkaoja_Dog
Galloping,Transition,1,Precision,0.611940298507463,Vehkaoja_Dog
Galloping,Transition,1,Recall,0.427083333333333,Vehkaoja_Dog
Galloping,Transition,1,F1,0.503067484662577,Vehkaoja_Dog
Galloping,Transition,1,Accuracy,0.710177277432712,Vehkaoja_Dog
Lying chest,Transition,1,Precision,0.525832376578645,Vehkaoja_Dog
Lying chest,Transition,1,Recall,0.47265221878225,Vehkaoja_Dog
Lying chest,Transition,1,F1,0.497826086956522,Vehkaoja_Dog
Lying chest,Transition,1,Accuracy,0.694785171953989,Vehkaoja_Dog
Sitting,Transition,1,Precision,0.782128514056225,Vehkaoja_Dog
Sitting,Transition,1,Recall,0.409353652128219,Vehkaoja_Dog
Sitting,Transition,1,F1,0.537426698861676,Vehkaoja_Dog
Sitting,Transition,1,Accuracy,0.693801813535293,Vehkaoja_Dog
Sniffing,Transition,1,Precision,0.960899839314408,Vehkaoja_Dog
Sniffing,Transition,1,Recall,0.985172981878089,Vehkaoja_Dog
Sniffing,Transition,1,F1,0.972885032537961,Vehkaoja_Dog
Sniffing,Transition,1,Accuracy,0.988957899627781,Vehkaoja_Dog
Standing,Transition,1,Precision,0.408070041872859,Vehkaoja_Dog
Standing,Transition,1,Recall,0.618937644341802,Vehkaoja_Dog
Standing,Transition,1,F1,0.491855930259234,Vehkaoja_Dog
Standing,Transition,1,Accuracy,0.732852740184302,Vehkaoja_Dog
Trotting,Transition,1,Precision,0.846099789177793,Vehkaoja_Dog
Trotting,Transition,1,Recall,0.943573667711599,Vehkaoja_Dog
Trotting,Transition,1,F1,0.89218228973694,Vehkaoja_Dog
Trotting,Transition,1,Accuracy,0.961460541890503,Vehkaoja_Dog
Walking,Transition,1,Precision,0.855844155844156,Vehkaoja_Dog
Walking,Transition,1,Recall,0.833649588867805,Vehkaoja_Dog
Walking,Transition,1,F1,0.844601089394425,Vehkaoja_Dog
Walking,Transition,1,Accuracy,0.906047049021727,Vehkaoja_Dog
Macro-Average,Transition,1,Precision,0.746144058288547,Vehkaoja_Dog
Macro-Average,Transition,1,Recall,0.713756332216613,Vehkaoja_Dog
Macro-Average,Transition,1,F1,0.71823019347223,Vehkaoja_Dog
Macro-Average,Transition,1,Accuracy,0.837714008885588,Vehkaoja_Dog
Active,Transition,2,Precision,0.746909564085882,Vehkaoja_Dog
Active,Transition,2,Recall,0.867069486404834,Vehkaoja_Dog
Active,Transition,2,F1,0.802516602586508,Vehkaoja_Dog
Active,Transition,2,Accuracy,0.914275410595228,Vehkaoja_Dog
Drinking,Transition,2,Precision,0.962616822429906,Vehkaoja_Dog
Drinking,Transition,2,Recall,0.686666666666667,Vehkaoja_Dog
Drinking,Transition,2,F1,0.801556420233463,Vehkaoja_Dog
Drinking,Transition,2,Accuracy,0.843155918270795,Vehkaoja_Dog
Galloping,Transition,2,Precision,0.594202898550725,Vehkaoja_Dog
Galloping,Transition,2,Recall,0.421232876712329,Vehkaoja_Dog
Galloping,Transition,2,F1,0.492985971943888,Vehkaoja_Dog
Galloping,Transition,2,Accuracy,0.706843192466307,Vehkaoja_Dog
Lying chest,Transition,2,Precision,0.495169082125604,Vehkaoja_Dog
Lying chest,Transition,2,Recall,0.432033719704953,Vehkaoja_Dog
Lying chest,Transition,2,F1,0.461451885199775,Vehkaoja_Dog
Lying chest,Transition,2,Accuracy,0.672132345416781,Vehkaoja_Dog
Sitting,Transition,2,Precision,0.554868624420402,Vehkaoja_Dog
Sitting,Transition,2,Recall,0.566842105263158,Vehkaoja_Dog
Sitting,Transition,2,F1,0.560791460557147,Vehkaoja_Dog
Sitting,Transition,2,Accuracy,0.738057196703825,Vehkaoja_Dog
Sniffing,Transition,2,Precision,0.963208685162847,Vehkaoja_Dog
Sniffing,Transition,2,Recall,0.972002434570907,Vehkaoja_Dog
Sniffing,Transition,2,F1,0.967585580127234,Vehkaoja_Dog
Sniffing,Transition,2,Accuracy,0.9828826078785,Vehkaoja_Dog
Standing,Transition,2,Precision,0.530197444831591,Vehkaoja_Dog
Standing,Transition,2,Recall,0.530197444831591,Vehkaoja_Dog
Standing,Transition,2,F1,0.530197444831591,Vehkaoja_Dog
Standing,Transition,2,Accuracy,0.723401990120156,Vehkaoja_Dog
Trotting,Transition,2,Precision,0.855273916598528,Vehkaoja_Dog
Trotting,Transition,2,Recall,0.924845269672856,Vehkaoja_Dog
Trotting,Transition,2,F1,0.888700084961767,Vehkaoja_Dog
Trotting,Transition,2,Accuracy,0.953823723060291,Vehkaoja_Dog
Walking,Transition,2,Precision,0.830903790087464,Vehkaoja_Dog
Walking,Transition,2,Recall,0.836390315480558,Vehkaoja_Dog
Walking,Transition,2,F1,0.83363802559415,Vehkaoja_Dog
Walking,Transition,2,Accuracy,0.906664342630935,Vehkaoja_Dog
Macro-Average,Transition,2,Precision,0.725927869810328,Vehkaoja_Dog
Macro-Average,Transition,2,Recall,0.693031146589761,Vehkaoja_Dog
Macro-Average,Transition,2,F1,0.704380386226169,Vehkaoja_Dog
Macro-Average,Transition,2,Accuracy,0.826804080793646,Vehkaoja_Dog
Active,Transition,3,Precision,0.696637998436278,Vehkaoja_Dog
Active,Transition,3,Recall,0.864209505334627,Vehkaoja_Dog
Active,Transition,3,F1,0.771428571428572,Vehkaoja_Dog
Active,Transition,3,Accuracy,0.913064611338429,Vehkaoja_Dog
Drinking,Transition,3,Precision,0.979166666666667,Vehkaoja_Dog
Drinking,Transition,3,Recall,0.691176470588235,Vehkaoja_Dog
Drinking,Transition,3,F1,0.810344827586207,Vehkaoja_Dog
Drinking,Transition,3,Accuracy,0.845543400286944,Vehkaoja_Dog
Galloping,Transition,3,Precision,0.608465608465609,Vehkaoja_Dog
Galloping,Transition,3,Recall,0.388513513513514,Vehkaoja_Dog
Galloping,Transition,3,F1,0.474226804123711,Vehkaoja_Dog
Galloping,Transition,3,Accuracy,0.690869719041634,Vehkaoja_Dog
Lying chest,Transition,3,Precision,0.532003325020781,Vehkaoja_Dog
Lying chest,Transition,3,Recall,0.353786622443339,Vehkaoja_Dog
Lying chest,Transition,3,F1,0.424966799468792,Vehkaoja_Dog
Lying chest,Transition,3,Accuracy,0.646981505887486,Vehkaoja_Dog
Sitting,Transition,3,Precision,0.450922509225092,Vehkaoja_Dog
Sitting,Transition,3,Recall,0.676633444075305,Vehkaoja_Dog
Sitting,Transition,3,F1,0.54118689105403,Vehkaoja_Dog
Sitting,Transition,3,Accuracy,0.759285491954797,Vehkaoja_Dog
Sniffing,Transition,3,Precision,0.957209847596717,Vehkaoja_Dog
Sniffing,Transition,3,Recall,0.968564650059312,Vehkaoja_Dog
Sniffing,Transition,3,F1,0.962853773584906,Vehkaoja_Dog
Sniffing,Transition,3,Accuracy,0.980453921421517,Vehkaoja_Dog
Standing,Transition,3,Precision,0.546901172529313,Vehkaoja_Dog
Standing,Transition,3,Recall,0.389618138424821,Vehkaoja_Dog
Standing,Transition,3,F1,0.455052264808362,Vehkaoja_Dog
Standing,Transition,3,Accuracy,0.666466655130265,Vehkaoja_Dog
Trotting,Transition,3,Precision,0.936243936243936,Vehkaoja_Dog
Trotting,Transition,3,Recall,0.914073071718539,Vehkaoja_Dog
Trotting,Transition,3,F1,0.925025676138309,Vehkaoja_Dog
Trotting,Transition,3,Accuracy,0.952314712824985,Vehkaoja_Dog
Walking,Transition,3,Precision,0.875,Vehkaoja_Dog
Walking,Transition,3,Recall,0.924817518248175,Vehkaoja_Dog
Walking,Transition,3,F1,0.899219304471256,Vehkaoja_Dog
Walking,Transition,3,Accuracy,0.953220941865204,Vehkaoja_Dog
Macro-Average,Transition,3,Precision,0.731394562687155,Vehkaoja_Dog
Macro-Average,Transition,3,Recall,0.685710326045096,Vehkaoja_Dog
Macro-Average,Transition,3,F1,0.696033879184905,Vehkaoja_Dog
Macro-Average,Transition,3,Accuracy,0.823133439972362,Vehkaoja_Dog
Dabbling,Bayesian,1,Precision,0.568807339449541,Yu_Duck
Dabbling,Bayesian,1,Recall,0.907317073170732,Yu_Duck
Dabbling,Bayesian,1,F1,0.699248120300752,Yu_Duck
Dabbling,Bayesian,1,Accuracy,0.834268189421945,Yu_Duck
Feeding,Bayesian,1,Precision,0.562091503267974,Yu_Duck
Feeding,Bayesian,1,Recall,0.319702602230483,Yu_Duck
Feeding,Bayesian,1,F1,0.407582938388626,Yu_Duck
Feeding,Bayesian,1,Accuracy,0.634510907771823,Yu_Duck
Floating,Bayesian,1,Precision,0.609756097560976,Yu_Duck
Floating,Bayesian,1,Recall,0.490196078431373,Yu_Duck
Floating,Bayesian,1,F1,0.543478260869565,Yu_Duck
Floating,Bayesian,1,Accuracy,0.734352572459474,Yu_Duck
Flying,Bayesian,1,Precision,0.857142857142857,Yu_Duck
Flying,Bayesian,1,Recall,0.75,Yu_Duck
Flying,Bayesian,1,F1,0.8,Yu_Duck
Flying,Bayesian,1,Accuracy,0.874684144030322,Yu_Duck
Other,Bayesian,1,Precision,0,Yu_Duck
Other,Bayesian,1,Recall,0,Yu_Duck
Other,Bayesian,1,F1,0,Yu_Duck
Other,Bayesian,1,Accuracy,0.498740554156171,Yu_Duck
Preening,Bayesian,1,Precision,0.304347826086957,Yu_Duck
Preening,Bayesian,1,Recall,0.394366197183099,Yu_Duck
Preening,Bayesian,1,F1,0.343558282208589,Yu_Duck
Preening,Bayesian,1,Accuracy,0.676130467012602,Yu_Duck
Resting,Bayesian,1,Precision,0.98,Yu_Duck
Resting,Bayesian,1,Recall,1,Yu_Duck
Resting,Bayesian,1,F1,0.98989898989899,Yu_Duck
Resting,Bayesian,1,Accuracy,0.999675745784695,Yu_Duck
Standing,Bayesian,1,Precision,0.92183908045977,Yu_Duck
Standing,Bayesian,1,Recall,0.820040899795501,Yu_Duck
Standing,Bayesian,1,F1,0.867965367965368,Yu_Duck
Standing,Bayesian,1,Accuracy,0.894593952620074,Yu_Duck
Walking,Bayesian,1,Precision,0.754385964912281,Yu_Duck
Walking,Bayesian,1,Recall,0.51497005988024,Yu_Duck
Walking,Bayesian,1,F1,0.612099644128114,Yu_Duck
Walking,Bayesian,1,Accuracy,0.747653569265963,Yu_Duck
Running,Bayesian,1,Precision,0,Yu_Duck
Running,Bayesian,1,Recall,0,Yu_Duck
Running,Bayesian,1,F1,0,Yu_Duck
Running,Bayesian,1,Accuracy,0.5,Yu_Duck
Macro-Average,Bayesian,1,Precision,0.555837066888036,Yu_Duck
Macro-Average,Bayesian,1,Recall,0.519659291069143,Yu_Duck
Macro-Average,Bayesian,1,F1,0.526383160376,Yu_Duck
Macro-Average,Bayesian,1,Accuracy,0.739461010252307,Yu_Duck
Dabbling,Bayesian,2,Precision,0.877525252525252,Yu_Duck
Dabbling,Bayesian,2,Recall,0.95467032967033,Yu_Duck
Dabbling,Bayesian,2,F1,0.914473684210526,Yu_Duck
Dabbling,Bayesian,2,Accuracy,0.946521950095648,Yu_Duck
Feeding,Bayesian,2,Precision,0,Yu_Duck
Feeding,Bayesian,2,Recall,0,Yu_Duck
Feeding,Bayesian,2,F1,0,Yu_Duck
Feeding,Bayesian,2,Accuracy,0,Yu_Duck
Floating,Bayesian,2,Precision,0.92,Yu_Duck
Floating,Bayesian,2,Recall,0.273809523809524,Yu_Duck
Floating,Bayesian,2,F1,0.422018348623853,Yu_Duck
Floating,Bayesian,2,Accuracy,0.63645390527717,Yu_Duck
Flying,Bayesian,2,Precision,0.909090909090909,Yu_Duck
Flying,Bayesian,2,Recall,0.625,Yu_Duck
Flying,Bayesian,2,F1,0.740740740740741,Yu_Duck
Flying,Bayesian,2,Accuracy,0.812281277340333,Yu_Duck
Preening,Bayesian,2,Precision,0.882882882882883,Yu_Duck
Preening,Bayesian,2,Recall,0.830508474576271,Yu_Duck
Preening,Bayesian,2,F1,0.85589519650655,Yu_Duck
Preening,Bayesian,2,Accuracy,0.896270592428323,Yu_Duck
Resting,Bayesian,2,Precision,0.671052631578947,Yu_Duck
Resting,Bayesian,2,Recall,0.0927272727272727,Yu_Duck
Resting,Bayesian,2,F1,0.162939297124601,Yu_Duck
Resting,Bayesian,2,Accuracy,0.539228933167289,Yu_Duck
Running,Bayesian,2,Precision,0,Yu_Duck
Running,Bayesian,2,Recall,0,Yu_Duck
Running,Bayesian,2,F1,0,Yu_Duck
Running,Bayesian,2,Accuracy,0.499782608695652,Yu_Duck
Standing,Bayesian,2,Precision,0.224368499257058,Yu_Duck
Standing,Bayesian,2,Recall,0.653679653679654,Yu_Duck
Standing,Bayesian,2,F1,0.334070796460177,Yu_Duck
Standing,Bayesian,2,Accuracy,0.700813752479614,Yu_Duck
Walking,Bayesian,2,Precision,0.620253164556962,Yu_Duck
Walking,Bayesian,2,Recall,0.6125,Yu_Duck
Walking,Bayesian,2,F1,0.616352201257862,Yu_Duck
Walking,Bayesian,2,Accuracy,0.799499324932493,Yu_Duck
Other,Bayesian,2,Precision,0,Yu_Duck
Other,Bayesian,2,Recall,0,Yu_Duck
Other,Bayesian,2,F1,0,Yu_Duck
Other,Bayesian,2,Accuracy,0.5,Yu_Duck
Macro-Average,Bayesian,2,Precision,0.510517333989201,Yu_Duck
Macro-Average,Bayesian,2,Recall,0.404289525446305,Yu_Duck
Macro-Average,Bayesian,2,F1,0.404649026492431,Yu_Duck
Macro-Average,Bayesian,2,Accuracy,0.633085234441652,Yu_Duck
Dabbling,Bayesian,3,Precision,1,Yu_Duck
Dabbling,Bayesian,3,Recall,0.391304347826087,Yu_Duck
Dabbling,Bayesian,3,F1,0.5625,Yu_Duck
Dabbling,Bayesian,3,Accuracy,0.695652173913044,Yu_Duck
Feeding,Bayesian,3,Precision,0.982758620689655,Yu_Duck
Feeding,Bayesian,3,Recall,0.420664206642066,Yu_Duck
Feeding,Bayesian,3,F1,0.589147286821706,Yu_Duck
Feeding,Bayesian,3,Accuracy,0.708724386279233,Yu_Duck
Flying,Bayesian,3,Precision,1,Yu_Duck
Flying,Bayesian,3,Recall,1,Yu_Duck
Flying,Bayesian,3,F1,1,Yu_Duck
Flying,Bayesian,3,Accuracy,1,Yu_Duck
Preening,Bayesian,3,Precision,0.11038961038961,Yu_Duck
Preening,Bayesian,3,Recall,0.485714285714286,Yu_Duck
Preening,Bayesian,3,F1,0.17989417989418,Yu_Duck
Preening,Bayesian,3,Accuracy,0.663020313020313,Yu_Duck
Resting,Bayesian,3,Precision,0.981132075471698,Yu_Duck
Resting,Bayesian,3,Recall,1,Yu_Duck
Resting,Bayesian,3,F1,0.990476190476191,Yu_Duck
Resting,Bayesian,3,Accuracy,0.999405469678954,Yu_Duck
Running,Bayesian,3,Precision,1,Yu_Duck
Running,Bayesian,3,Recall,0.5,Yu_Duck
Running,Bayesian,3,F1,0.666666666666667,Yu_Duck
Running,Bayesian,3,Accuracy,0.75,Yu_Duck
Standing,Bayesian,3,Precision,0.853293413173653,Yu_Duck
Standing,Bayesian,3,Recall,0.890625,Yu_Duck
Standing,Bayesian,3,F1,0.871559633027523,Yu_Duck
Standing,Bayesian,3,Accuracy,0.902555082897033,Yu_Duck
Walking,Bayesian,3,Precision,0.598039215686275,Yu_Duck
Walking,Bayesian,3,Recall,0.871428571428572,Yu_Duck
Walking,Bayesian,3,F1,0.709302325581395,Yu_Duck
Walking,Bayesian,3,Accuracy,0.881265414532347,Yu_Duck
Macro-Average,Bayesian,3,Precision,0.815701616926361,Yu_Duck
Macro-Average,Bayesian,3,Recall,0.694967051451376,Yu_Duck
Macro-Average,Bayesian,3,F1,0.696193285308458,Yu_Duck
Macro-Average,Bayesian,3,Accuracy,0.825077855040115,Yu_Duck
Dabbling,Duration,1,Precision,0.695035460992908,Yu_Duck
Dabbling,Duration,1,Recall,0.95609756097561,Yu_Duck
Dabbling,Duration,1,F1,0.804928131416838,Yu_Duck
Dabbling,Duration,1,Accuracy,0.905229136118626,Yu_Duck
Feeding,Duration,1,Precision,0.804878048780488,Yu_Duck
Feeding,Duration,1,Recall,0.490706319702602,Yu_Duck
Feeding,Duration,1,F1,0.609699769053118,Yu_Duck
Feeding,Duration,1,Accuracy,0.733250285418623,Yu_Duck
Floating,Duration,1,Precision,0.716981132075472,Yu_Duck
Floating,Duration,1,Recall,0.745098039215686,Yu_Duck
Floating,Duration,1,F1,0.730769230769231,Yu_Duck
Floating,Duration,1,Accuracy,0.862475144523894,Yu_Duck
Flying,Duration,1,Precision,0.625,Yu_Duck
Flying,Duration,1,Recall,0.625,Yu_Duck
Flying,Duration,1,F1,0.625,Yu_Duck
Flying,Duration,1,Accuracy,0.811552432090967,Yu_Duck
Other,Duration,1,Precision,0,Yu_Duck
Other,Duration,1,Recall,0,Yu_Duck
Other,Duration,1,F1,0,Yu_Duck
Other,Duration,1,Accuracy,0.492758186397985,Yu_Duck
Preening,Duration,1,Precision,0.514285714285714,Yu_Duck
Preening,Duration,1,Recall,0.76056338028169,Yu_Duck
Preening,Duration,1,F1,0.613636363636364,Yu_Duck
Preening,Duration,1,Accuracy,0.863505374351371,Yu_Duck
Resting,Duration,1,Precision,0.790322580645161,Yu_Duck
Resting,Duration,1,Recall,1,Yu_Duck
Resting,Duration,1,F1,0.882882882882883,Yu_Duck
Resting,Duration,1,Accuracy,0.995784695201038,Yu_Duck
Running,Duration,1,Precision,0.818181818181818,Yu_Duck
Running,Duration,1,Recall,0.391304347826087,Yu_Duck
Running,Duration,1,F1,0.529411764705882,Yu_Duck
Running,Duration,1,Accuracy,0.695014418811003,Yu_Duck
Standing,Duration,1,Precision,0.990498812351544,Yu_Duck
Standing,Duration,1,Recall,0.852760736196319,Yu_Duck
Standing,Duration,1,F1,0.916483516483516,Yu_Duck
Standing,Duration,1,Accuracy,0.924565486065492,Yu_Duck
Walking,Duration,1,Precision,0.913385826771654,Yu_Duck
Walking,Duration,1,Recall,0.694610778443114,Yu_Duck
Walking,Duration,1,F1,0.789115646258504,Yu_Duck
Walking,Duration,1,Accuracy,0.843443029670995,Yu_Duck
Macro-Average,Duration,1,Precision,0.686856939408476,Yu_Duck
Macro-Average,Duration,1,Recall,0.651614116264111,Yu_Duck
Macro-Average,Duration,1,F1,0.650192730520634,Yu_Duck
Macro-Average,Duration,1,Accuracy,0.812757818864999,Yu_Duck
Dabbling,Duration,2,Precision,0.883289124668435,Yu_Duck
Dabbling,Duration,2,Recall,0.914835164835165,Yu_Duck
Dabbling,Duration,2,F1,0.898785425101215,Yu_Duck
Dabbling,Duration,2,Accuracy,0.92946332574668,Yu_Duck
Feeding,Duration,2,Precision,0,Yu_Duck
Feeding,Duration,2,Recall,0,Yu_Duck
Feeding,Duration,2,F1,0,Yu_Duck
Feeding,Duration,2,Accuracy,0,Yu_Duck
Floating,Duration,2,Precision,0.933333333333333,Yu_Duck
Floating,Duration,2,Recall,0.5,Yu_Duck
Floating,Duration,2,F1,0.651162790697675,Yu_Duck
Floating,Duration,2,Accuracy,0.749323715058611,Yu_Duck
Flying,Duration,2,Precision,0.909090909090909,Yu_Duck
Flying,Duration,2,Recall,0.625,Yu_Duck
Flying,Duration,2,F1,0.740740740740741,Yu_Duck
Flying,Duration,2,Accuracy,0.812281277340333,Yu_Duck
Preening,Duration,2,Precision,0.930769230769231,Yu_Duck
Preening,Duration,2,Recall,0.615254237288136,Yu_Duck
Preening,Duration,2,F1,0.740816326530612,Yu_Duck
Preening,Duration,2,Accuracy,0.799741604625376,Yu_Duck
Resting,Duration,2,Precision,0.653061224489796,Yu_Duck
Resting,Duration,2,Recall,0.116363636363636,Yu_Duck
Resting,Duration,2,F1,0.197530864197531,Yu_Duck
Resting,Duration,2,Accuracy,0.548478621834786,Yu_Duck
Running,Duration,2,Precision,0,Yu_Duck
Running,Duration,2,Recall,0,Yu_Duck
Running,Duration,2,F1,0,Yu_Duck
Running,Duration,2,Accuracy,0.499565217391304,Yu_Duck
Standing,Duration,2,Precision,0.277602523659306,Yu_Duck
Standing,Duration,2,Recall,0.761904761904762,Yu_Duck
Standing,Duration,2,F1,0.406936416184971,Yu_Duck
Standing,Duration,2,Accuracy,0.770377779310662,Yu_Duck
Walking,Duration,2,Precision,0.51063829787234,Yu_Duck
Walking,Duration,2,Recall,0.9,Yu_Duck
Walking,Duration,2,F1,0.65158371040724,Yu_Duck
Walking,Duration,2,Accuracy,0.934473447344734,Yu_Duck
Other,Duration,2,Precision,0,Yu_Duck
Other,Duration,2,Recall,0,Yu_Duck
Other,Duration,2,F1,0,Yu_Duck
Other,Duration,2,Accuracy,0.5,Yu_Duck
Macro-Average,Duration,2,Precision,0.509778464388335,Yu_Duck
Macro-Average,Duration,2,Recall,0.44333578003917,Yu_Duck
Macro-Average,Duration,2,F1,0.428755627385998,Yu_Duck
Macro-Average,Duration,2,Accuracy,0.654370498865249,Yu_Duck
Dabbling,Duration,3,Precision,0.807692307692308,Yu_Duck
Dabbling,Duration,3,Recall,0.304347826086957,Yu_Duck
Dabbling,Duration,3,F1,0.442105263157895,Yu_Duck
Dabbling,Duration,3,Accuracy,0.649139932460954,Yu_Duck
Feeding,Duration,3,Precision,0.992,Yu_Duck
Feeding,Duration,3,Recall,0.457564575645757,Yu_Duck
Feeding,Duration,3,F1,0.626262626262626,Yu_Duck
Feeding,Duration,3,Accuracy,0.727978429301978,Yu_Duck
Flying,Duration,3,Precision,0.666666666666667,Yu_Duck
Flying,Duration,3,Recall,1,Yu_Duck
Flying,Duration,3,F1,0.8,Yu_Duck
Flying,Duration,3,Accuracy,0.998875140607424,Yu_Duck
Preening,Duration,3,Precision,0.195804195804196,Yu_Duck
Preening,Duration,3,Recall,0.8,Yu_Duck
Preening,Duration,3,F1,0.314606741573034,Yu_Duck
Preening,Duration,3,Accuracy,0.832983682983683,Yu_Duck
Resting,Duration,3,Precision,1,Yu_Duck
Resting,Duration,3,Recall,1,Yu_Duck
Resting,Duration,3,F1,1,Yu_Duck
Resting,Duration,3,Accuracy,1,Yu_Duck
Running,Duration,3,Precision,1,Yu_Duck
Running,Duration,3,Recall,1,Yu_Duck
Running,Duration,3,F1,1,Yu_Duck
Running,Duration,3,Accuracy,1,Yu_Duck
Standing,Duration,3,Precision,0.84985835694051,Yu_Duck
Standing,Duration,3,Recall,0.9375,Yu_Duck
Standing,Duration,3,F1,0.891530460624071,Yu_Duck
Standing,Duration,3,Accuracy,0.922502181500873,Yu_Duck
Walking,Duration,3,Precision,0.725806451612903,Yu_Duck
Walking,Duration,3,Recall,0.964285714285714,Yu_Duck
Walking,Duration,3,F1,0.828220858895705,Yu_Duck
Walking,Duration,3,Accuracy,0.948278315310188,Yu_Duck
Macro-Average,Duration,3,Precision,0.779728497339573,Yu_Duck
Macro-Average,Duration,3,Recall,0.807962264502304,Yu_Duck
Macro-Average,Duration,3,F1,0.737840743814166,Yu_Duck
Macro-Average,Duration,3,Accuracy,0.884969710270637,Yu_Duck
Dabbling,HMM,1,Precision,0.592105263157895,Yu_Duck
Dabbling,HMM,1,Recall,0.987804878048781,Yu_Duck
Dabbling,HMM,1,F1,0.740402193784278,Yu_Duck
Dabbling,HMM,1,Accuracy,0.875782201937176,Yu_Duck
Feeding,HMM,1,Precision,0.8,Yu_Duck
Feeding,HMM,1,Recall,0.193308550185874,Yu_Duck
Feeding,HMM,1,F1,0.311377245508982,Yu_Duck
Feeding,HMM,1,Accuracy,0.591737482354662,Yu_Duck
Floating,HMM,1,Precision,0.853658536585366,Yu_Duck
Floating,HMM,1,Recall,0.686274509803922,Yu_Duck
Floating,HMM,1,F1,0.760869565217391,Yu_Duck
Floating,HMM,1,Accuracy,0.839107704868381,Yu_Duck
Flying,HMM,1,Precision,1,Yu_Duck
Flying,HMM,1,Recall,0.625,Yu_Duck
Flying,HMM,1,F1,0.769230769230769,Yu_Duck
Flying,HMM,1,Accuracy,0.8125,Yu_Duck
Other,HMM,1,Precision,0,Yu_Duck
Other,HMM,1,Recall,0,Yu_Duck
Other,HMM,1,F1,0,Yu_Duck
Other,HMM,1,Accuracy,0.496221662468514,Yu_Duck
Preening,HMM,1,Precision,0.430894308943089,Yu_Duck
Preening,HMM,1,Recall,0.746478873239437,Yu_Duck
Preening,HMM,1,F1,0.54639175257732,Yu_Duck
Preening,HMM,1,Accuracy,0.850213120830245,Yu_Duck
Resting,HMM,1,Precision,0.80327868852459,Yu_Duck
Resting,HMM,1,Recall,1,Yu_Duck
Resting,HMM,1,F1,0.890909090909091,Yu_Duck
Resting,HMM,1,Accuracy,0.996108949416342,Yu_Duck
Running,HMM,1,Precision,1,Yu_Duck
Running,HMM,1,Recall,0.130434782608696,Yu_Duck
Running,HMM,1,F1,0.230769230769231,Yu_Duck
Running,HMM,1,Accuracy,0.565217391304348,Yu_Duck
Standing,HMM,1,Precision,0.958715596330275,Yu_Duck
Standing,HMM,1,Recall,0.85480572597137,Yu_Duck
Standing,HMM,1,F1,0.903783783783784,Yu_Duck
Standing,HMM,1,Accuracy,0.91923589383868,Yu_Duck
Walking,HMM,1,Precision,0.933333333333333,Yu_Duck
Walking,HMM,1,Recall,0.670658682634731,Yu_Duck
Walking,HMM,1,F1,0.780487804878049,Yu_Duck
Walking,HMM,1,Accuracy,0.83252035255332,Yu_Duck
Macro-Average,HMM,1,Precision,0.737198572687455,Yu_Duck
Macro-Average,HMM,1,Recall,0.589476600249281,Yu_Duck
Macro-Average,HMM,1,F1,0.593422143665889,Yu_Duck
Macro-Average,HMM,1,Accuracy,0.777864475957167,Yu_Duck
Dabbling,HMM,2,Precision,0.787234042553192,Yu_Duck
Dabbling,HMM,2,Recall,0.965659340659341,Yu_Duck
Dabbling,HMM,2,F1,0.8673658235657,Yu_Duck
Dabbling,HMM,2,Accuracy,0.922473888881132,Yu_Duck
Feeding,HMM,2,Precision,0,Yu_Duck
Feeding,HMM,2,Recall,0,Yu_Duck
Feeding,HMM,2,F1,0,Yu_Duck
Feeding,HMM,2,Accuracy,0,Yu_Duck
Floating,HMM,2,Precision,0.972972972972973,Yu_Duck
Floating,HMM,2,Recall,0.428571428571429,Yu_Duck
Floating,HMM,2,F1,0.59504132231405,Yu_Duck
Floating,HMM,2,Accuracy,0.714060285971918,Yu_Duck
Flying,HMM,2,Precision,0.909090909090909,Yu_Duck
Flying,HMM,2,Recall,0.625,Yu_Duck
Flying,HMM,2,F1,0.740740740740741,Yu_Duck
Flying,HMM,2,Accuracy,0.812281277340333,Yu_Duck
Preening,HMM,2,Precision,0.946022727272727,Yu_Duck
Preening,HMM,2,Recall,0.564406779661017,Yu_Duck
Preening,HMM,2,F1,0.707006369426752,Yu_Duck
Preening,HMM,2,Accuracy,0.776654324409948,Yu_Duck
Resting,HMM,2,Precision,1,Yu_Duck
Resting,HMM,2,Recall,0.0927272727272727,Yu_Duck
Resting,HMM,2,F1,0.169717138103161,Yu_Duck
Resting,HMM,2,Accuracy,0.546363636363636,Yu_Duck
Running,HMM,2,Precision,0,Yu_Duck
Running,HMM,2,Recall,0,Yu_Duck
Running,HMM,2,F1,0,Yu_Duck
Running,HMM,2,Accuracy,0.499565217391304,Yu_Duck
Standing,HMM,2,Precision,0.292962356792144,Yu_Duck
Standing,HMM,2,Recall,0.774891774891775,Yu_Duck
Standing,HMM,2,F1,0.425178147268409,Yu_Duck
Standing,HMM,2,Accuracy,0.783148446596056,Yu_Duck
Walking,HMM,2,Precision,0.528985507246377,Yu_Duck
Walking,HMM,2,Recall,0.9125,Yu_Duck
Walking,HMM,2,F1,0.669724770642202,Yu_Duck
Walking,HMM,2,Accuracy,0.941623537353735,Yu_Duck
Other,HMM,2,Precision,0,Yu_Duck
Other,HMM,2,Recall,0,Yu_Duck
Other,HMM,2,F1,0,Yu_Duck
Other,HMM,2,Accuracy,0.5,Yu_Duck
Macro-Average,HMM,2,Precision,0.543726851592832,Yu_Duck
Macro-Average,HMM,2,Recall,0.436375659651083,Yu_Duck
Macro-Average,HMM,2,F1,0.417477431206101,Yu_Duck
Macro-Average,HMM,2,Accuracy,0.649617061430806,Yu_Duck
Dabbling,HMM,3,Precision,0.833333333333333,Yu_Duck
Dabbling,HMM,3,Recall,0.144927536231884,Yu_Duck
Dabbling,HMM,3,F1,0.246913580246914,Yu_Duck
Dabbling,HMM,3,Accuracy,0.571250175882932,Yu_Duck
Feeding,HMM,3,Precision,1,Yu_Duck
Feeding,HMM,3,Recall,0.428044280442804,Yu_Duck
Feeding,HMM,3,F1,0.599483204134367,Yu_Duck
Feeding,HMM,3,Accuracy,0.714022140221402,Yu_Duck
Flying,HMM,3,Precision,1,Yu_Duck
Flying,HMM,3,Recall,1,Yu_Duck
Flying,HMM,3,F1,1,Yu_Duck
Flying,HMM,3,Accuracy,1,Yu_Duck
Preening,HMM,3,Precision,0.161490683229814,Yu_Duck
Preening,HMM,3,Recall,0.742857142857143,Yu_Duck
Preening,HMM,3,F1,0.26530612244898,Yu_Duck
Preening,HMM,3,Accuracy,0.792757242757243,Yu_Duck
Resting,HMM,3,Precision,1,Yu_Duck
Resting,HMM,3,Recall,1,Yu_Duck
Resting,HMM,3,F1,1,Yu_Duck
Resting,HMM,3,Accuracy,1,Yu_Duck
Running,HMM,3,Precision,1,Yu_Duck
Running,HMM,3,Recall,1,Yu_Duck
Running,HMM,3,F1,1,Yu_Duck
Running,HMM,3,Accuracy,1,Yu_Duck
Standing,HMM,3,Precision,0.824797843665768,Yu_Duck
Standing,HMM,3,Recall,0.95625,Yu_Duck
Standing,HMM,3,F1,0.885672937771346,Yu_Duck
Standing,HMM,3,Accuracy,0.921405977312391,Yu_Duck
Walking,HMM,3,Precision,0.771428571428571,Yu_Duck
Walking,HMM,3,Recall,0.964285714285714,Yu_Duck
Walking,HMM,3,F1,0.857142857142857,Yu_Duck
Walking,HMM,3,Accuracy,0.955582432176058,Yu_Duck
Macro-Average,HMM,3,Precision,0.823881303957186,Yu_Duck
Macro-Average,HMM,3,Recall,0.779545584227193,Yu_Duck
Macro-Average,HMM,3,F1,0.731814837718058,Yu_Duck
Macro-Average,HMM,3,Accuracy,0.869377246043753,Yu_Duck
Dabbling,Mode,1,Precision,0.657467532467532,Yu_Duck
Dabbling,Mode,1,Recall,0.987804878048781,Yu_Duck
Dabbling,Mode,1,F1,0.789473684210526,Yu_Duck
Dabbling,Mode,1,Accuracy,0.904571363664526,Yu_Duck
Feeding,Mode,1,Precision,0.751479289940828,Yu_Duck
Feeding,Mode,1,Recall,0.472118959107807,Yu_Duck
Feeding,Mode,1,F1,0.579908675799087,Yu_Duck
Feeding,Mode,1,Accuracy,0.720174456861014,Yu_Duck
Floating,Mode,1,Precision,0.788888888888889,Yu_Duck
Floating,Mode,1,Recall,0.696078431372549,Yu_Duck
Floating,Mode,1,F1,0.739583333333333,Yu_Duck
Floating,Mode,1,Accuracy,0.841659094799774,Yu_Duck
Flying,Mode,1,Precision,0.444444444444444,Yu_Duck
Flying,Mode,1,Recall,0.5,Yu_Duck
Flying,Mode,1,F1,0.470588235294118,Yu_Duck
Flying,Mode,1,Accuracy,0.748420720151611,Yu_Duck
Other,Mode,1,Precision,0,Yu_Duck
Other,Mode,1,Recall,0,Yu_Duck
Other,Mode,1,F1,0,Yu_Duck
Other,Mode,1,Accuracy,0.496221662468514,Yu_Duck
Preening,Mode,1,Precision,0.583333333333333,Yu_Duck
Preening,Mode,1,Recall,0.690140845070423,Yu_Duck
Preening,Mode,1,F1,0.632258064516129,Yu_Duck
Preening,Mode,1,Accuracy,0.833557264640474,Yu_Duck
Resting,Mode,1,Precision,0.830508474576271,Yu_Duck
Resting,Mode,1,Recall,1,Yu_Duck
Resting,Mode,1,F1,0.907407407407407,Yu_Duck
Resting,Mode,1,Accuracy,0.996757457846952,Yu_Duck
Running,Mode,1,Precision,1,Yu_Duck
Running,Mode,1,Recall,0.217391304347826,Yu_Duck
Running,Mode,1,F1,0.357142857142857,Yu_Duck
Running,Mode,1,Accuracy,0.608695652173913,Yu_Duck
Standing,Mode,1,Precision,0.976798143851508,Yu_Duck
Standing,Mode,1,Recall,0.860940695296524,Yu_Duck
Standing,Mode,1,F1,0.915217391304348,Yu_Duck
Standing,Mode,1,Accuracy,0.925933142566592,Yu_Duck
Walking,Mode,1,Precision,0.905172413793103,Yu_Duck
Walking,Mode,1,Recall,0.62874251497006,Yu_Duck
Walking,Mode,1,F1,0.742049469964664,Yu_Duck
Walking,Mode,1,Accuracy,0.810508897934468,Yu_Duck
Macro-Average,Mode,1,Precision,0.693809252129591,Yu_Duck
Macro-Average,Mode,1,Recall,0.605321762821397,Yu_Duck
Macro-Average,Mode,1,F1,0.613362911897247,Yu_Duck
Macro-Average,Mode,1,Accuracy,0.788649971310784,Yu_Duck
Dabbling,Mode,2,Precision,0.856787048567871,Yu_Duck
Dabbling,Mode,2,Recall,0.945054945054945,Yu_Duck
Dabbling,Mode,2,F1,0.898758981058132,Yu_Duck
Dabbling,Mode,2,Accuracy,0.935996341650725,Yu_Duck
Feeding,Mode,2,Precision,0,Yu_Duck
Feeding,Mode,2,Recall,0,Yu_Duck
Feeding,Mode,2,F1,0,Yu_Duck
Feeding,Mode,2,Accuracy,0,Yu_Duck
Floating,Mode,2,Precision,0.952380952380952,Yu_Duck
Floating,Mode,2,Recall,0.476190476190476,Yu_Duck
Floating,Mode,2,F1,0.634920634920635,Yu_Duck
Floating,Mode,2,Accuracy,0.737644381467646,Yu_Duck
Flying,Mode,2,Precision,1,Yu_Duck
Flying,Mode,2,Recall,0.375,Yu_Duck
Flying,Mode,2,F1,0.545454545454545,Yu_Duck
Flying,Mode,2,Accuracy,0.6875,Yu_Duck
Preening,Mode,2,Precision,0.914634146341463,Yu_Duck
Preening,Mode,2,Recall,0.635593220338983,Yu_Duck
Preening,Mode,2,F1,0.75,Yu_Duck
Preening,Mode,2,Accuracy,0.807574647552669,Yu_Duck
Resting,Mode,2,Precision,0.646464646464647,Yu_Duck
Resting,Mode,2,Recall,0.116363636363636,Yu_Duck
Resting,Mode,2,F1,0.197226502311248,Yu_Duck
Resting,Mode,2,Accuracy,0.548193233706932,Yu_Duck
Standing,Mode,2,Precision,0.2640625,Yu_Duck
Standing,Mode,2,Recall,0.731601731601732,Yu_Duck
Standing,Mode,2,F1,0.388059701492537,Yu_Duck
Standing,Mode,2,Accuracy,0.752087683763203,Yu_Duck
Walking,Mode,2,Precision,0.663551401869159,Yu_Duck
Walking,Mode,2,Recall,0.8875,Yu_Duck
Walking,Mode,2,F1,0.759358288770053,Yu_Duck
Walking,Mode,2,Accuracy,0.935649189918992,Yu_Duck
Other,Mode,2,Precision,0,Yu_Duck
Other,Mode,2,Recall,0,Yu_Duck
Other,Mode,2,F1,0,Yu_Duck
Other,Mode,2,Accuracy,0.5,Yu_Duck
Running,Mode,2,Precision,0,Yu_Duck
Running,Mode,2,Recall,0,Yu_Duck
Running,Mode,2,F1,0,Yu_Duck
Running,Mode,2,Accuracy,0.5,Yu_Duck
Macro-Average,Mode,2,Precision,0.529788069562409,Yu_Duck
Macro-Average,Mode,2,Recall,0.416730400954977,Yu_Duck
Macro-Average,Mode,2,F1,0.417377865400715,Yu_Duck
Macro-Average,Mode,2,Accuracy,0.640464547806017,Yu_Duck
Dabbling,Mode,3,Precision,0.85,Yu_Duck
Dabbling,Mode,3,Recall,0.246376811594203,Yu_Duck
Dabbling,Mode,3,F1,0.382022471910112,Yu_Duck
Dabbling,Mode,3,Accuracy,0.621368017447587,Yu_Duck
Feeding,Mode,3,Precision,0.979166666666667,Yu_Duck
Feeding,Mode,3,Recall,0.520295202952029,Yu_Duck
Feeding,Mode,3,F1,0.679518072289157,Yu_Duck
Feeding,Mode,3,Accuracy,0.757736025913314,Yu_Duck
Flying,Mode,3,Precision,1,Yu_Duck
Flying,Mode,3,Recall,1,Yu_Duck
Flying,Mode,3,F1,1,Yu_Duck
Flying,Mode,3,Accuracy,1,Yu_Duck
Preening,Mode,3,Precision,0.193103448275862,Yu_Duck
Preening,Mode,3,Recall,0.8,Yu_Duck
Preening,Mode,3,F1,0.311111111111111,Yu_Duck
Preening,Mode,3,Accuracy,0.831818181818182,Yu_Duck
Resting,Mode,3,Precision,0.981132075471698,Yu_Duck
Resting,Mode,3,Recall,1,Yu_Duck
Resting,Mode,3,F1,0.990476190476191,Yu_Duck
Resting,Mode,3,Accuracy,0.999405469678954,Yu_Duck
Running,Mode,3,Precision,1,Yu_Duck
Running,Mode,3,Recall,0.5,Yu_Duck
Running,Mode,3,F1,0.666666666666667,Yu_Duck
Running,Mode,3,Accuracy,0.75,Yu_Duck
Standing,Mode,3,Precision,0.825,Yu_Duck
Standing,Mode,3,Recall,0.928125,Yu_Duck
Standing,Mode,3,F1,0.873529411764706,Yu_Duck
Standing,Mode,3,Accuracy,0.909088678010471,Yu_Duck
Walking,Mode,3,Precision,0.801204819277108,Yu_Duck
Walking,Mode,3,Recall,0.95,Yu_Duck
Walking,Mode,3,F1,0.869281045751634,Yu_Duck
Walking,Mode,3,Accuracy,0.95308764940239,Yu_Duck
Macro-Average,Mode,3,Precision,0.828700876211417,Yu_Duck
Macro-Average,Mode,3,Recall,0.743099626818279,Yu_Duck
Macro-Average,Mode,3,F1,0.721575621246197,Yu_Duck
Macro-Average,Mode,3,Accuracy,0.852813002783862,Yu_Duck
Dabbling,No,1,Precision,0.695035460992908,Yu_Duck
Dabbling,No,1,Recall,0.95609756097561,Yu_Duck
Dabbling,No,1,F1,0.804928131416838,Yu_Duck
Dabbling,No,1,Accuracy,0.905229136118626,Yu_Duck
Feeding,No,1,Precision,0.804878048780488,Yu_Duck
Feeding,No,1,Recall,0.490706319702602,Yu_Duck
Feeding,No,1,F1,0.609699769053118,Yu_Duck
Feeding,No,1,Accuracy,0.733250285418623,Yu_Duck
Floating,No,1,Precision,0.716981132075472,Yu_Duck
Floating,No,1,Recall,0.745098039215686,Yu_Duck
Floating,No,1,F1,0.730769230769231,Yu_Duck
Floating,No,1,Accuracy,0.862475144523894,Yu_Duck
Flying,No,1,Precision,0.625,Yu_Duck
Flying,No,1,Recall,0.625,Yu_Duck
Flying,No,1,F1,0.625,Yu_Duck
Flying,No,1,Accuracy,0.811552432090967,Yu_Duck
Other,No,1,Precision,0,Yu_Duck
Other,No,1,Recall,0,Yu_Duck
Other,No,1,F1,0,Yu_Duck
Other,No,1,Accuracy,0.492758186397985,Yu_Duck
Preening,No,1,Precision,0.514285714285714,Yu_Duck
Preening,No,1,Recall,0.76056338028169,Yu_Duck
Preening,No,1,F1,0.613636363636364,Yu_Duck
Preening,No,1,Accuracy,0.863505374351371,Yu_Duck
Resting,No,1,Precision,0.790322580645161,Yu_Duck
Resting,No,1,Recall,1,Yu_Duck
Resting,No,1,F1,0.882882882882883,Yu_Duck
Resting,No,1,Accuracy,0.995784695201038,Yu_Duck
Running,No,1,Precision,0.818181818181818,Yu_Duck
Running,No,1,Recall,0.391304347826087,Yu_Duck
Running,No,1,F1,0.529411764705882,Yu_Duck
Running,No,1,Accuracy,0.695014418811003,Yu_Duck
Standing,No,1,Precision,0.990498812351544,Yu_Duck
Standing,No,1,Recall,0.852760736196319,Yu_Duck
Standing,No,1,F1,0.916483516483516,Yu_Duck
Standing,No,1,Accuracy,0.924565486065492,Yu_Duck
Walking,No,1,Precision,0.913385826771654,Yu_Duck
Walking,No,1,Recall,0.694610778443114,Yu_Duck
Walking,No,1,F1,0.789115646258504,Yu_Duck
Walking,No,1,Accuracy,0.843443029670995,Yu_Duck
Macro-Average,No,1,Precision,0.686856939408476,Yu_Duck
Macro-Average,No,1,Recall,0.651614116264111,Yu_Duck
Macro-Average,No,1,F1,0.650192730520634,Yu_Duck
Macro-Average,No,1,Accuracy,0.812757818864999,Yu_Duck
Dabbling,No,2,Precision,0.883289124668435,Yu_Duck
Dabbling,No,2,Recall,0.914835164835165,Yu_Duck
Dabbling,No,2,F1,0.898785425101215,Yu_Duck
Dabbling,No,2,Accuracy,0.92946332574668,Yu_Duck
Feeding,No,2,Precision,0,Yu_Duck
Feeding,No,2,Recall,0,Yu_Duck
Feeding,No,2,F1,0,Yu_Duck
Feeding,No,2,Accuracy,0,Yu_Duck
Floating,No,2,Precision,0.933333333333333,Yu_Duck
Floating,No,2,Recall,0.5,Yu_Duck
Floating,No,2,F1,0.651162790697675,Yu_Duck
Floating,No,2,Accuracy,0.749323715058611,Yu_Duck
Flying,No,2,Precision,0.909090909090909,Yu_Duck
Flying,No,2,Recall,0.625,Yu_Duck
Flying,No,2,F1,0.740740740740741,Yu_Duck
Flying,No,2,Accuracy,0.812281277340333,Yu_Duck
Preening,No,2,Precision,0.930769230769231,Yu_Duck
Preening,No,2,Recall,0.615254237288136,Yu_Duck
Preening,No,2,F1,0.740816326530612,Yu_Duck
Preening,No,2,Accuracy,0.799741604625376,Yu_Duck
Resting,No,2,Precision,0.653061224489796,Yu_Duck
Resting,No,2,Recall,0.116363636363636,Yu_Duck
Resting,No,2,F1,0.197530864197531,Yu_Duck
Resting,No,2,Accuracy,0.548478621834786,Yu_Duck
Running,No,2,Precision,0,Yu_Duck
Running,No,2,Recall,0,Yu_Duck
Running,No,2,F1,0,Yu_Duck
Running,No,2,Accuracy,0.499565217391304,Yu_Duck
Standing,No,2,Precision,0.277602523659306,Yu_Duck
Standing,No,2,Recall,0.761904761904762,Yu_Duck
Standing,No,2,F1,0.406936416184971,Yu_Duck
Standing,No,2,Accuracy,0.770377779310662,Yu_Duck
Walking,No,2,Precision,0.51063829787234,Yu_Duck
Walking,No,2,Recall,0.9,Yu_Duck
Walking,No,2,F1,0.65158371040724,Yu_Duck
Walking,No,2,Accuracy,0.934473447344734,Yu_Duck
Other,No,2,Precision,0,Yu_Duck
Other,No,2,Recall,0,Yu_Duck
Other,No,2,F1,0,Yu_Duck
Other,No,2,Accuracy,0.5,Yu_Duck
Macro-Average,No,2,Precision,0.509778464388335,Yu_Duck
Macro-Average,No,2,Recall,0.44333578003917,Yu_Duck
Macro-Average,No,2,F1,0.428755627385998,Yu_Duck
Macro-Average,No,2,Accuracy,0.654370498865249,Yu_Duck
Dabbling,No,3,Precision,0.807692307692308,Yu_Duck
Dabbling,No,3,Recall,0.304347826086957,Yu_Duck
Dabbling,No,3,F1,0.442105263157895,Yu_Duck
Dabbling,No,3,Accuracy,0.649139932460954,Yu_Duck
Feeding,No,3,Precision,0.992,Yu_Duck
Feeding,No,3,Recall,0.457564575645757,Yu_Duck
Feeding,No,3,F1,0.626262626262626,Yu_Duck
Feeding,No,3,Accuracy,0.727978429301978,Yu_Duck
Flying,No,3,Precision,0.666666666666667,Yu_Duck
Flying,No,3,Recall,1,Yu_Duck
Flying,No,3,F1,0.8,Yu_Duck
Flying,No,3,Accuracy,0.998875140607424,Yu_Duck
Preening,No,3,Precision,0.195804195804196,Yu_Duck
Preening,No,3,Recall,0.8,Yu_Duck
Preening,No,3,F1,0.314606741573034,Yu_Duck
Preening,No,3,Accuracy,0.832983682983683,Yu_Duck
Resting,No,3,Precision,1,Yu_Duck
Resting,No,3,Recall,1,Yu_Duck
Resting,No,3,F1,1,Yu_Duck
Resting,No,3,Accuracy,1,Yu_Duck
Running,No,3,Precision,1,Yu_Duck
Running,No,3,Recall,1,Yu_Duck
Running,No,3,F1,1,Yu_Duck
Running,No,3,Accuracy,1,Yu_Duck
Standing,No,3,Precision,0.84985835694051,Yu_Duck
Standing,No,3,Recall,0.9375,Yu_Duck
Standing,No,3,F1,0.891530460624071,Yu_Duck
Standing,No,3,Accuracy,0.922502181500873,Yu_Duck
Walking,No,3,Precision,0.725806451612903,Yu_Duck
Walking,No,3,Recall,0.964285714285714,Yu_Duck
Walking,No,3,F1,0.828220858895705,Yu_Duck
Walking,No,3,Accuracy,0.948278315310188,Yu_Duck
Macro-Average,No,3,Precision,0.779728497339573,Yu_Duck
Macro-Average,No,3,Recall,0.807962264502304,Yu_Duck
Macro-Average,No,3,F1,0.737840743814166,Yu_Duck
Macro-Average,No,3,Accuracy,0.884969710270637,Yu_Duck
Dabbling,Transition,1,Precision,0.707317073170732,Yu_Duck
Dabbling,Transition,1,Recall,0.990243902439024,Yu_Duck
Dabbling,Transition,1,F1,0.82520325203252,Yu_Duck
Dabbling,Transition,1,Accuracy,0.923995786951942,Yu_Duck
Feeding,Transition,1,Precision,0.810650887573965,Yu_Duck
Feeding,Transition,1,Recall,0.509293680297398,Yu_Duck
Feeding,Transition,1,F1,0.625570776255708,Yu_Duck
Feeding,Transition,1,Accuracy,0.742543965716021,Yu_Duck
Floating,Transition,1,Precision,0.810526315789474,Yu_Duck
Floating,Transition,1,Recall,0.754901960784314,Yu_Duck
Floating,Transition,1,F1,0.781725888324873,Yu_Duck
Floating,Transition,1,Accuracy,0.871406655341787,Yu_Duck
Flying,Transition,1,Precision,0.8,Yu_Duck
Flying,Transition,1,Recall,0.5,Yu_Duck
Flying,Transition,1,F1,0.615384615384615,Yu_Duck
Flying,Transition,1,Accuracy,0.749684144030322,Yu_Duck
Other,Transition,1,Precision,0,Yu_Duck
Other,Transition,1,Recall,0,Yu_Duck
Other,Transition,1,F1,0,Yu_Duck
Other,Transition,1,Accuracy,0.496221662468514,Yu_Duck
Preening,Transition,1,Precision,0.456896551724138,Yu_Duck
Preening,Transition,1,Recall,0.746478873239437,Yu_Duck
Preening,Transition,1,F1,0.566844919786096,Yu_Duck
Preening,Transition,1,Accuracy,0.852515752409192,Yu_Duck
Resting,Transition,1,Precision,0.830508474576271,Yu_Duck
Resting,Transition,1,Recall,1,Yu_Duck
Resting,Transition,1,F1,0.907407407407407,Yu_Duck
Resting,Transition,1,Accuracy,0.996757457846952,Yu_Duck
Running,Transition,1,Precision,0.888888888888889,Yu_Duck
Running,Transition,1,Recall,0.347826086956522,Yu_Duck
Running,Transition,1,F1,0.5,Yu_Duck
Running,Transition,1,Accuracy,0.67359416592724,Yu_Duck
Standing,Transition,1,Precision,0.995238095238095,Yu_Duck
Standing,Transition,1,Recall,0.85480572597137,Yu_Duck
Standing,Transition,1,F1,0.91969196919692,Yu_Duck
Standing,Transition,1,Accuracy,0.926495421969351,Yu_Duck
Walking,Transition,1,Precision,0.886363636363636,Yu_Duck
Walking,Transition,1,Recall,0.70059880239521,Yu_Duck
Walking,Transition,1,F1,0.782608695652174,Yu_Duck
Walking,Transition,1,Accuracy,0.845032547265021,Yu_Duck
Macro-Average,Transition,1,Precision,0.71863899233252,Yu_Duck
Macro-Average,Transition,1,Recall,0.640414903208327,Yu_Duck
Macro-Average,Transition,1,F1,0.652443752404031,Yu_Duck
Macro-Average,Transition,1,Accuracy,0.807824755992634,Yu_Duck
Dabbling,Transition,2,Precision,0.895287958115183,Yu_Duck
Dabbling,Transition,2,Recall,0.93956043956044,Yu_Duck
Dabbling,Transition,2,F1,0.916890080428954,Yu_Duck
Dabbling,Transition,2,Accuracy,0.944367259170309,Yu_Duck
Feeding,Transition,2,Precision,0,Yu_Duck
Feeding,Transition,2,Recall,0,Yu_Duck
Feeding,Transition,2,F1,0,Yu_Duck
Feeding,Transition,2,Accuracy,0,Yu_Duck
Floating,Transition,2,Precision,0.973684210526316,Yu_Duck
Floating,Transition,2,Recall,0.440476190476191,Yu_Duck
Floating,Transition,2,F1,0.60655737704918,Yu_Duck
Floating,Transition,2,Accuracy,0.720012666924299,Yu_Duck
Flying,Transition,2,Precision,1,Yu_Duck
Flying,Transition,2,Recall,0.625,Yu_Duck
Flying,Transition,2,F1,0.769230769230769,Yu_Duck
Flying,Transition,2,Accuracy,0.8125,Yu_Duck
Preening,Transition,2,Precision,0.922727272727273,Yu_Duck
Preening,Transition,2,Recall,0.688135593220339,Yu_Duck
Preening,Transition,2,F1,0.788349514563107,Yu_Duck
Preening,Transition,2,Accuracy,0.834137890068113,Yu_Duck
Resting,Transition,2,Precision,0.645833333333333,Yu_Duck
Resting,Transition,2,Recall,0.112727272727273,Yu_Duck
Resting,Transition,2,F1,0.191950464396285,Yu_Duck
Resting,Transition,2,Accuracy,0.546660440016605,Yu_Duck
Running,Transition,2,Precision,0,Yu_Duck
Running,Transition,2,Recall,0,Yu_Duck
Running,Transition,2,F1,0,Yu_Duck
Running,Transition,2,Accuracy,0.499782608695652,Yu_Duck
Standing,Transition,2,Precision,0.274691358024691,Yu_Duck
Standing,Transition,2,Recall,0.770562770562771,Yu_Duck
Standing,Transition,2,F1,0.405005688282139,Yu_Duck
Standing,Transition,2,Accuracy,0.771809632504949,Yu_Duck
Walking,Transition,2,Precision,0.627118644067797,Yu_Duck
Walking,Transition,2,Recall,0.925,Yu_Duck
Walking,Transition,2,F1,0.747474747474748,Yu_Duck
Walking,Transition,2,Accuracy,0.95259900990099,Yu_Duck
Other,Transition,2,Precision,0,Yu_Duck
Other,Transition,2,Recall,0,Yu_Duck
Other,Transition,2,F1,0,Yu_Duck
Other,Transition,2,Accuracy,0.5,Yu_Duck
Macro-Average,Transition,2,Precision,0.533934277679459,Yu_Duck
Macro-Average,Transition,2,Recall,0.450146226654701,Yu_Duck
Macro-Average,Transition,2,F1,0.442545864142518,Yu_Duck
Macro-Average,Transition,2,Accuracy,0.658186950728092,Yu_Duck
Dabbling,Transition,3,Precision,1,Yu_Duck
Dabbling,Transition,3,Recall,0.260869565217391,Yu_Duck
Dabbling,Transition,3,F1,0.413793103448276,Yu_Duck
Dabbling,Transition,3,Accuracy,0.630434782608696,Yu_Duck
Feeding,Transition,3,Precision,1,Yu_Duck
Feeding,Transition,3,Recall,0.442804428044281,Yu_Duck
Feeding,Transition,3,F1,0.61381074168798,Yu_Duck
Feeding,Transition,3,Accuracy,0.72140221402214,Yu_Duck
Flying,Transition,3,Precision,1,Yu_Duck
Flying,Transition,3,Recall,1,Yu_Duck
Flying,Transition,3,F1,1,Yu_Duck
Flying,Transition,3,Accuracy,1,Yu_Duck
Preening,Transition,3,Precision,0.187096774193548,Yu_Duck
Preening,Transition,3,Recall,0.828571428571429,Yu_Duck
Preening,Transition,3,F1,0.305263157894737,Yu_Duck
Preening,Transition,3,Accuracy,0.840859140859141,Yu_Duck
Resting,Transition,3,Precision,1,Yu_Duck
Resting,Transition,3,Recall,1,Yu_Duck
Resting,Transition,3,F1,1,Yu_Duck
Resting,Transition,3,Accuracy,1,Yu_Duck
Running,Transition,3,Precision,1,Yu_Duck
Running,Transition,3,Recall,1,Yu_Duck
Running,Transition,3,F1,1,Yu_Duck
Running,Transition,3,Accuracy,1,Yu_Duck
Standing,Transition,3,Precision,0.834733893557423,Yu_Duck
Standing,Transition,3,Recall,0.93125,Yu_Duck
Standing,Transition,3,F1,0.880354505169867,Yu_Duck
Standing,Transition,3,Accuracy,0.914141579406632,Yu_Duck
Walking,Transition,3,Precision,0.735135135135135,Yu_Duck
Walking,Transition,3,Recall,0.971428571428571,Yu_Duck
Walking,Transition,3,F1,0.836923076923077,Yu_Duck
Walking,Transition,3,Accuracy,0.953177765129956,Yu_Duck
Macro-Average,Transition,3,Precision,0.844620725360763,Yu_Duck
Macro-Average,Transition,3,Recall,0.804365499157709,Yu_Duck
Macro-Average,Transition,3,F1,0.756268073140492,Yu_Duck
Macro-Average,Transition,3,Accuracy,0.882501935253321,Yu_Duck
