"true_class","ID","Time","Foraging","Locomotion","Stationary","TreeMovement","predicted_class"
"Foraging","Elsa",2022-11-03 13:30:19.7856,0.188852616990407,0.00902249940449122,0.114254314731805,0.687870568873297,"TreeMovement"
"Foraging","Elsa",2022-11-03 13:30:21.772805,0.349783451352346,0.0351924034734403,0.0787896013339397,0.536234543840274,"TreeMovement"
"Foraging","Elsa",2022-11-03 13:30:23.76,0.26859665648888,0.0336776456831027,0.0707800082288486,0.626945689599169,"TreeMovement"
"TreeMovement","Elsa",2022-11-03 13:30:25.660804,0.0936442971913641,0.0553763615496221,0.0559919010805778,0.794987440178436,"TreeMovement"
"TreeMovement","Elsa",2022-11-03 13:33:46.972798,0.0463922995300894,0.00583165508131402,0.0621440481604192,0.885631997228177,"TreeMovement"
"TreeMovement","Elsa",2022-11-03 13:33:48.960003,0.0784821022542714,0.0551278719764395,0.0412877065332727,0.825102319236017,"TreeMovement"
"TreeMovement","Elsa",2022-11-03 13:33:55.526403,0.313565690032266,0.00136425648021828,0.192760237337318,0.492309816150198,"TreeMovement"
"TreeMovement","Elsa",2022-11-03 13:33:57.513598,0.123310920548301,0.0172047900560861,0.119794170510405,0.739690118885207,"TreeMovement"
"TreeMovement","Elsa",2022-11-03 13:33:59.500803,0.0437135927586132,0.00929968167348795,0.010606552762078,0.936380172805821,"TreeMovement"
"TreeMovement","Elsa",2022-11-03 13:34:01.401597,0.0441380281080145,0.00870633837891683,0.0211156586327118,0.926039974880357,"TreeMovement"
"TreeMovement","Elsa",2022-11-03 13:34:03.388803,0.0325180276749172,0.00775244158600229,0.0413499642694731,0.918379566469607,"TreeMovement"
"TreeMovement","Elsa",2022-11-03 13:34:05.375998,0.016970376145001,0.00203664003118301,0.0122685636328201,0.968724420190996,"TreeMovement"
"TreeMovement","Elsa",2022-11-03 13:34:07.363203,0.0333398297927629,0.00758840598540462,0.0117131163515884,0.947358647870244,"TreeMovement"
"TreeMovement","Elsa",2022-11-03 13:34:09.350398,0.152791853439875,0.0354419757898612,0.31360683427532,0.498159336494944,"TreeMovement"
"TreeMovement","Elsa",2022-11-03 13:34:11.251202,0.0152266181597696,0.0470987894930596,0.758958617553433,0.178715974793737,"Stationary"
"TreeMovement","Elsa",2022-11-03 13:34:13.238397,0.0963376209965569,0.0266300699452132,0.115678663461747,0.761353645596483,"TreeMovement"
"TreeMovement","Elsa",2022-11-03 13:34:15.225602,0.0487066632018883,0.00904361289763745,0.0206349206349206,0.921614803265554,"TreeMovement"
"TreeMovement","Elsa",2022-11-03 13:34:17.212797,0.404761363390286,0.0280636219926807,0.233651659845384,0.333523354771649,"Foraging"
"TreeMovement","Elsa",2022-11-03 13:34:19.200002,0.329660668269127,0.00510134476710193,0.46820253795015,0.197035449013621,"Stationary"
"TreeMovement","Elsa",2022-11-03 13:34:21.187197,0.171738777366335,0.0013139089196388,0.713657181835899,0.113290131878126,"Stationary"
"Foraging","Elsa",2022-11-03 13:34:23.174402,0.154911323328786,0.0418269126659304,0.160232464973256,0.643029299032028,"TreeMovement"
"Foraging","Elsa",2022-11-03 13:35:27.023996,0.266323437060135,0.00479168020095715,0.256781762272895,0.472103120466012,"TreeMovement"
"Foraging","Elsa",2022-11-03 13:35:29.011201,0.0625836419151562,0.00466391649884146,0.090381450442842,0.84237099114316,"TreeMovement"
"Foraging","Elsa",2022-11-03 13:35:30.911995,0.229788431971242,0.00409276944065484,0.37972130189047,0.386397496697633,"TreeMovement"
"Foraging","Elsa",2022-11-03 13:35:32.8992,0.219727040429633,0.0102698196149765,0.174317330388272,0.59568580956712,"TreeMovement"
"Foraging","Elsa",2022-11-03 13:35:34.886395,0.41852790229325,0.00411442430542021,0.0660527512505685,0.511304922150761,"TreeMovement"
"Foraging","Elsa",2022-11-03 13:35:36.8736,0.333683600770913,0.00991251434634791,0.234015461573442,0.422388423309296,"TreeMovement"
"Foraging","Elsa",2022-11-03 13:35:38.860795,0.418955044500747,0.00431256631802334,0.237491608739904,0.339240780441326,"Foraging"
"Foraging","Elsa",2022-11-03 13:35:40.848,0.258392342839819,0.0541084692176097,0.274770999805106,0.412728188137465,"TreeMovement"
"Foraging","Elsa",2022-11-03 13:38:53.174396,0.100985296346824,0.0289000411442431,0.331798544793088,0.538316117715845,"TreeMovement"
"Foraging","Elsa",2022-11-03 13:38:55.075201,0.302143831611772,0.0060606552762078,0.299378505381234,0.392417007730787,"TreeMovement"
"Foraging","Elsa",2022-11-03 13:38:57.148796,0.160222178912493,0.012086662768791,0.424697373264904,0.402993785053812,"Stationary"
"Foraging","Elsa",2022-11-03 13:38:59.049601,0.0766744624179822,0.0274415860022954,0.0829938933281362,0.812890058251586,"TreeMovement"
"Foraging","Elsa",2022-11-03 13:39:01.036796,0.0696198488490439,0.00297050607418957,0.0337214967842526,0.893688148292514,"TreeMovement"
"Foraging","Elsa",2022-11-03 13:39:02.8512,0.226182355616189,0.00293639966218411,0.244300980965374,0.526580263756253,"TreeMovement"
"Foraging","Elsa",2022-11-03 13:39:04.838405,0.249782368609108,0.00568007102795643,0.432465514627861,0.312072045735074,"Stationary"
"Foraging","Elsa",2022-11-03 13:39:06.912,0.0425220338248988,0.0141536196106455,0.627180644881872,0.316143701682583,"Stationary"
"Foraging","Elsa",2022-11-03 13:39:08.812805,0.0129923774876026,0.016914073496611,0.90876697200026,0.0613265770155265,"Stationary"
"Foraging","Elsa",2022-11-03 13:39:10.8,0.021914723142554,0.00455780766149115,0.824189566686156,0.149337902509799,"Stationary"
"Foraging","Elsa",2022-11-03 13:39:12.787205,0.0169308560168042,0.0337805062907382,0.823296844886204,0.125991792806254,"Stationary"
"Stationary","Elsa",2022-11-03 13:39:14.7744,0.0198374802399359,0.0880822451763789,0.774977262391996,0.117103012191689,"Stationary"
"Stationary","Elsa",2022-11-03 13:40:54.998399,0.0296617510123649,0.0169557591112844,0.913926243530609,0.0394562463457416,"Stationary"
"Stationary","Elsa",2022-11-03 13:40:58.972799,0.0197784707334503,0.0198889105437537,0.913211632993352,0.0471209857294441,"Stationary"
"Stationary","Elsa",2022-11-03 13:41:02.947199,0.00860997423071093,0.012804521535763,0.931118582039455,0.0474669221940709,"Stationary"
"Stationary","Elsa",2022-11-03 13:41:07.007999,0.030403971502198,0.0206424998375885,0.912841876177483,0.0361116524827302,"Stationary"
"Stationary","Elsa",2022-11-03 13:41:10.895999,0.0241765737672968,0.0138618203079322,0.931757941921653,0.0302036640031183,"Stationary"
"Stationary","Elsa",2022-11-03 13:41:14.783998,0.0150344312349769,0.0131342168518158,0.922201108729076,0.0496302431841313,"Stationary"
"Stationary","Elsa",2022-11-03 13:41:18.585597,0.0263301500682128,0.0209007340999155,0.896194157517486,0.0565749583143853,"Stationary"
"Stationary","Elsa",2022-11-03 13:41:22.559997,0.0226693951796271,0.0142353667251348,0.929179930271336,0.0339153078239026,"Stationary"
"Stationary","Elsa",2022-11-03 13:41:26.447997,0.0118235561618918,0.0136003378158903,0.941344009181663,0.0332320968405552,"Stationary"
"Stationary","Elsa",2022-11-03 13:41:30.335996,0.02481864050759,0.04579787349228,0.911896099958856,0.0174873860412742,"Stationary"
"Stationary","Elsa",2022-11-03 13:41:34.223995,0.011259988306373,0.00914051841746248,0.931699473786786,0.0479000194893783,"Stationary"
"Stationary","Elsa",2022-11-03 13:41:38.112005,0.0128467485220555,0.0122360813356721,0.936529050001083,0.0383881201411897,"Stationary"
"Stationary","Elsa",2022-11-03 13:41:42.086395,0.022745728577925,0.030650295588904,0.926497975270144,0.0201060005630265,"Stationary"
"Stationary","Elsa",2022-11-03 13:41:46.060795,0.0146581779596786,0.024173325537582,0.911786201520172,0.0493822949825678,"Stationary"
"Stationary","Elsa",2022-11-03 13:41:49.862404,0.00715151908876329,0.00934028454492302,0.930720673899392,0.0527875224669222,"Stationary"
"Stationary","Elsa",2022-11-03 13:41:53.836804,0.0201796271032287,0.0188657181835899,0.914922908681435,0.046031746031746,"Stationary"
"Stationary","Elsa",2022-11-03 13:41:57.811204,0.0192944845059443,0.0193269668030923,0.939514173108989,0.0218643755819745,"Stationary"
"Stationary","Elsa",2022-11-03 13:42:01.785604,0.0177461616752203,0.0137551700989627,0.912982632798458,0.0555160354273587,"Stationary"
"Stationary","Elsa",2022-11-03 13:42:05.760004,0.0258900149418567,0.00225210593559843,0.918833235886442,0.053024643236103,"Stationary"
"Stationary","Elsa",2022-11-03 13:42:29.174402,0.0262170033998138,0.0265120509322419,0.88640561727192,0.0608653283960242,"Stationary"
"Stationary","Elsa",2022-11-03 13:42:33.148802,0.0129117131163516,0.0138277138959267,0.919750319409255,0.0535102535784664,"Stationary"
"Stationary","Elsa",2022-11-03 13:42:37.123202,0.0235469585742437,0.0108978106931722,0.902456744407631,0.0630984863249529,"Stationary"
"Stationary","Elsa",2022-11-03 13:42:41.011201,0.0277241819874835,0.0255050997206522,0.895036163624158,0.0517345546677061,"Stationary"
"Stationary","Elsa",2022-11-03 13:42:44.985601,0.0177515753914117,0.0206181381147275,0.919174841378116,0.0424554451157452,"Stationary"
"Stationary","Elsa",2022-11-03 13:42:48.960001,0.0306308062106152,0.0236920461681717,0.898551289547197,0.0471258580740163,"Stationary"
"Stationary","Elsa",2022-11-03 13:42:52.934402,0.0186941033803244,0.0135337491067368,0.918209575781199,0.0495625717317395,"Stationary"
"Stationary","Elsa",2022-11-03 13:42:56.736,0.0189864440546569,0.0211833300851036,0.909865956387102,0.0499642694731371,"Stationary"
"Stationary","Elsa",2022-11-03 13:43:00.796801,0.026266268217155,0.0357803330518201,0.917876090863813,0.0200773078672124,"Stationary"
"Stationary","Elsa",2022-11-03 13:43:04.6848,0.0152493557677732,0.0146235301760541,0.921563372961736,0.0485637410944369,"Stationary"
"Stationary","Elsa",2022-11-03 13:43:08.6592,0.00957686394248468,0.0164311700123433,0.912704367786224,0.0612875982589489,"Stationary"
"Stationary","Elsa",2022-11-03 13:43:12.6336,0.0295778384113991,0.0173309296433444,0.908575326447086,0.0445159054981702,"Stationary"
"Stationary","Elsa",2022-11-03 13:43:16.608001,0.0124791571926633,0.0108166049503021,0.925398449511683,0.0513057883453518,"Stationary"
"Stationary","Elsa",2022-11-03 13:43:20.582401,0.0116611446761515,0.016510751640356,0.919578163234371,0.0522499404491219,"Stationary"
"Stationary","Elsa",2022-11-03 13:43:24.4704,0.018406093678945,0.0135987137010329,0.917811667641136,0.0501835249788865,"Stationary"
"Stationary","Elsa",2022-11-03 13:43:28.3584,0.0201801684748479,0.0157945169882414,0.926860694254964,0.0371646202819463,"Stationary"
"Stationary","Elsa",2022-11-03 13:43:32.3328,0.0105242642759696,0.0150068212824011,0.919391931397389,0.0550769830442409,"Stationary"
"Stationary","Elsa",2022-11-03 13:43:36.3072,0.0325911128435003,0.0157133112453713,0.908425907880205,0.0432696680309231,"Stationary"
"Stationary","Elsa",2022-11-03 13:43:40.195199,0.0196111869031378,0.0134530847354858,0.948786244829901,0.0181494835314753,"Stationary"
"Stationary","Elsa",2022-11-03 13:43:44.083199,0.0125982589488729,0.00827648931332424,0.945789752917993,0.0333354988198099,"Stationary"
"Foraging","Elsa",2022-11-03 13:43:48.057599,0.0285568115377119,0.105329262218757,0.74018926351805,0.125924662725481,"Stationary"
"Foraging","Elsa",2022-11-03 13:43:51.599996,0.0670023170705299,0.147694839645726,0.435471209857294,0.349831633426449,"Stationary"
"Foraging","Elsa",2022-11-03 13:43:53.587201,0.075367049957773,0.110385131769852,0.459084215769072,0.355163602503302,"Stationary"
"Foraging","Elsa",2022-11-03 13:43:55.488005,0.0368354663375127,0.135945992767275,0.5245869334546,0.302631607440611,"Stationary"
"Foraging","Elsa",2022-11-03 13:43:57.4752,0.00894724874943156,0.00940579051083826,0.930681695142814,0.0509652655969163,"Stationary"
"Stationary","Elsa",2022-11-03 13:44:06.287997,0.038574893349791,0.0538989584010048,0.883412914961346,0.0241132332878581,"Stationary"
"Stationary","Elsa",2022-11-03 13:44:10.262397,0.0328217371532515,0.0476796812403907,0.898803568721714,0.0206950128846445,"Stationary"
"Stationary","Elsa",2022-11-03 13:44:14.150396,0.0351561315749583,0.0231631260962775,0.900521882240846,0.0411588600879188,"Stationary"
"Stationary","Elsa",2022-11-03 13:44:18.124796,0.0189745338790359,0.014139543948548,0.936089456246346,0.0307964659260703,"Stationary"
"Stationary","Elsa",2022-11-03 13:44:22.099196,0.0145520691223283,0.0212255570713961,0.916378656965287,0.0478437168409883,"Stationary"
"Stationary","Elsa",2022-11-03 13:44:25.987196,0.00916000779575132,0.0153137789904502,0.932855302193638,0.0426709110201607,"Stationary"
"Stationary","Elsa",2022-11-03 13:44:29.961596,0.0210295805452695,0.0179854479308777,0.917159856211698,0.0438251153121549,"Stationary"
"Stationary","Elsa",2022-11-03 13:44:33.849595,0.0207269538101735,0.0165486476536954,0.935276316074406,0.027448082461725,"Stationary"
"Stationary","Elsa",2022-11-03 13:44:37.737605,0.025387080707681,0.0224030403430131,0.906689187726023,0.0455206912232833,"Stationary"
"Stationary","Elsa",2022-11-03 13:44:41.712005,0.0132110916217328,0.01218735788995,0.928647220598108,0.0459543298902098,"Stationary"
"Stationary","Elsa",2022-11-03 13:44:45.513604,0.0260426817384526,0.0241294744364321,0.902208254834448,0.0476195889906668,"Stationary"
"Stationary","Elsa",2022-11-03 13:44:49.488004,0.0201038350765499,0.019841811212889,0.928546525476948,0.0315078282336127,"Stationary"
"Stationary","Elsa",2022-11-03 13:44:53.462404,0.0080529028346218,0.0188299876567271,0.924512765542779,0.0486043439658719,"Stationary"
"Stationary","Elsa",2022-11-03 13:44:57.436804,0.0235875614456788,0.0195251088156954,0.920781090972087,0.0361062387665389,"Stationary"
"Stationary","Elsa",2022-11-03 13:45:01.324803,0.0391806881916022,0.0346607765434505,0.900908962948526,0.0252495723164209,"Stationary"
"Stationary","Elsa",2022-11-03 13:45:05.299203,0.0139549362264233,0.0218768271292146,0.922302345221854,0.0418658914225081,"Stationary"
"Stationary","Elsa",2022-11-03 13:45:09.187203,0.0194444444444444,0.0171603975833171,0.931033586695251,0.0323615712769874,"Stationary"
"Stationary","Elsa",2022-11-03 13:45:13.161603,0.0148287100197059,0.0205580458650036,0.923729942181511,0.0408833019337794,"Stationary"
"Stationary","Elsa",2022-11-03 13:45:17.049603,0.0163727018774768,0.0160982264665757,0.936664934277486,0.0308641373784621,"Stationary"
"Stationary","Elsa",2022-11-03 13:45:21.024003,0.0210972519976613,0.0165481062820763,0.907582992269214,0.0547716494510492,"Stationary"
"Stationary","Elsa",2022-11-03 13:45:24.998403,0.0227229909699214,0.0237239870937006,0.922381385478248,0.0311716364581303,"Stationary"
"Stationary","Elsa",2022-11-03 13:45:28.972803,0.0149434808029624,0.0120314428636393,0.928226033478421,0.0447990428549774,"Stationary"
"Stationary","Elsa",2022-11-03 13:45:32.860802,0.0166796595855259,0.0139381537062301,0.933677104311484,0.0357050823967604,"Stationary"
"Stationary","Elsa",2022-11-03 13:45:36.835202,0.024419108252669,0.0151140128629897,0.92678165399857,0.0336852248857706,"Stationary"
"Stationary","Elsa",2022-11-03 13:45:40.809602,0.0224084540592044,0.0160917300071461,0.908909352736092,0.0525904631975573,"Stationary"
"Stationary","Elsa",2022-11-03 13:45:44.697602,0.0181830485718617,0.0160868576625739,0.932792503085818,0.0329375906797462,"Stationary"
"Stationary","Elsa",2022-11-03 13:45:48.672002,0.0267675783364733,0.0274702786981095,0.924152753416055,0.0216093895493623,"Stationary"
"Stationary","Elsa",2022-11-03 13:45:52.560001,0.0163218129452782,0.0143620476840122,0.92062896554711,0.0486871738235995,"Stationary"
"Stationary","Elsa",2022-11-03 13:45:56.534401,0.0108198531800169,0.0176898590268304,0.920765391195132,0.0507248965980207,"Stationary"
"Stationary","Elsa",2022-11-03 13:46:00.508801,0.0216397063600338,0.0228956885164252,0.922120985729444,0.0333436193940969,"Stationary"
"Stationary","Elsa",2022-11-03 13:46:04.483202,0.0178723012624786,0.013623075423894,0.931354078693779,0.0371505446198488,"Stationary"
"Stationary","Elsa",2022-11-03 13:46:08.371201,0.0107321509777171,0.0126648476580264,0.93719980943719,0.0394031919270664,"Stationary"
"Stationary","Elsa",2022-11-03 13:46:12.345601,0.0298019662617207,0.0202868186838173,0.9158952121094,0.0340160029450616,"Stationary"
"Stationary","Elsa",2022-11-03 13:46:16.320001,0.0287977219082267,0.0231403884882739,0.896501656597155,0.0515602330063449,"Stationary"
"Stationary","Elsa",2022-11-03 13:46:20.208001,0.0207426535871283,0.0174397453387904,0.909214144957665,0.0526034561164166,"Stationary"
"Stationary","Elsa",2022-11-03 13:46:24.182401,0.0258380432664198,0.0207334502696031,0.923694753026267,0.0297337534377098,"Stationary"
"Stationary","Elsa",2022-11-03 13:46:28.0704,0.0172416033261872,0.0140778275839667,0.920881244721627,0.0477993243682193,"Stationary"
"Stationary","Elsa",2022-11-03 13:46:32.0448,0.0165383615929319,0.0227099980510622,0.922577903375993,0.0381737369800126,"Stationary"
"Stationary","Elsa",2022-11-03 13:46:36.0192,0.0262700578184889,0.0235485826891011,0.932911604842028,0.0172697546503822,"Stationary"
"Stationary","Elsa",2022-11-03 13:46:39.9072,0.0136728816128543,0.00902683037744429,0.939594296108621,0.0377059919010806,"Stationary"
"Stationary","Elsa",2022-11-03 13:46:43.8816,0.0152785898352065,0.016010524264276,0.927115138915957,0.0415957469845601,"Stationary"
"Stationary","Elsa",2022-11-03 13:46:47.769599,0.0289909915762576,0.0213554862599883,0.886453257974404,0.0632002641893502,"Stationary"
"Stationary","Elsa",2022-11-03 13:46:51.657598,0.0226163407609519,0.0189777821087507,0.928256350289092,0.0301495268412049,"Stationary"
"Stationary","Elsa",2022-11-03 13:46:55.545598,0.0199998917256762,0.012921457805496,0.9265759327833,0.0405027176855281,"Stationary"
"Stationary","Elsa",2022-11-03 13:46:59.519998,0.0157571623465211,0.0193643214448126,0.921107538058425,0.0437709781502414,"Stationary"
"Stationary","Elsa",2022-11-03 13:47:03.407998,0.028331059572533,0.0214805431040083,0.91924088871565,0.0309475086078087,"Stationary"
"Stationary","Elsa",2022-11-03 13:47:07.382398,0.0126442755364993,0.0161664392905866,0.929357500162412,0.0418317850105026,"Stationary"
"Stationary","Elsa",2022-11-03 13:47:11.270397,0.0234202776153663,0.0221399337361138,0.890468069901903,0.0639717187466164,"Stationary"
"Stationary","Elsa",2022-11-03 13:47:15.331198,0.0150636653024102,0.0129918361159835,0.94472866454449,0.0272158340371164,"Stationary"
"Stationary","Elsa",2022-11-03 13:47:19.219197,0.0148038069252258,0.016962255570714,0.924668139197471,0.0435657983065896,"Stationary"
"Stationary","Elsa",2022-11-03 13:47:23.107197,0.0278459906017887,0.0229243812122393,0.900330778059291,0.048898850126681,"Stationary"
"Stationary","Elsa",2022-11-03 13:47:27.081597,0.0155611858203945,0.0176216462028195,0.935903765780983,0.0309134021958033,"Stationary"
"Stationary","Elsa",2022-11-03 13:47:33.647996,0.0303211416444704,0.0477792936183113,0.903678620152017,0.0182209445852011,"Stationary"
"Stationary","Elsa",2022-11-03 13:47:37.622396,0.0100386539336062,0.012429351003703,0.952094025422811,0.0254379696398796,"Stationary"
"Stationary","Elsa",2022-11-03 13:47:41.510396,0.0183687390372247,0.019023257324758,0.932846640247731,0.0297613633902856,"Stationary"
"Stationary","Elsa",2022-11-03 13:47:45.398396,0.0296011173910219,0.0435002923406743,0.903198964897464,0.0236996253708395,"Stationary"
"Stationary","Elsa",2022-11-03 13:47:49.372796,0.0159634249334113,0.015450204638472,0.935482037289677,0.0331043331384396,"Stationary"
"Stationary","Elsa",2022-11-03 13:47:53.347196,0.0124298923753221,0.0189517962710323,0.935678013815804,0.0329402975378419,"Stationary"
"Stationary","Elsa",2022-11-03 13:47:57.407996,0.019374066133957,0.0266636349855995,0.93766268217155,0.0162996167088937,"Stationary"
"Foraging","Elsa",2022-11-03 13:48:01.295996,0.0319874834881656,0.122186491695359,0.646828645055112,0.198997379761363,"Stationary"
"Foraging","Elsa",2022-11-03 13:53:02.659197,0.0463045973277897,0.020628424175491,0.498168539812469,0.43489843868425,"Stationary"
"Foraging","Elsa",2022-11-03 13:53:04.646402,0.15751640356006,0.226527750709197,0.157438987418524,0.45851685831222,"TreeMovement"
"Foraging","Elsa",2022-11-03 13:53:06.633597,0.146609930920981,0.289205591286082,0.107286861993547,0.456897615799389,"TreeMovement"
"Foraging","Elsa",2022-11-03 13:53:08.620802,0.204153944433617,0.282044327508175,0.163295545594318,0.350506182463891,"TreeMovement"
"Foraging","Elsa",2022-11-03 13:53:10.607997,0.183976482816865,0.300563567855519,0.13338530500877,0.382074644318846,"TreeMovement"
"Foraging","Elsa",2022-11-03 13:53:12.508802,0.240116178349466,0.284042530154399,0.206282617640053,0.269558673856082,"Locomotion"
"Foraging","Elsa",2022-11-03 13:53:14.495997,0.194220316594123,0.325054137161913,0.183045323631954,0.29768022261201,"Locomotion"
"Foraging","Elsa",2022-11-03 13:53:16.483202,0.0585845297646116,0.134349487862448,0.315028476147167,0.492037506225774,"TreeMovement"
"Foraging","Elsa",2022-11-03 13:53:18.470397,0.226266268217155,0.00798577275384915,0.253819918144611,0.511928040884385,"TreeMovement"
"TreeMovement","Elsa",2022-11-03 13:53:20.457602,0.227130297321293,0.00165605578293164,0.156996686805691,0.614216960090084,"TreeMovement"
"TreeMovement","Elsa",2022-11-03 13:53:22.358396,0.248948656315641,0.0259067974620498,0.525233331167847,0.199911215054462,"Stationary"
"TreeMovement","Elsa",2022-11-03 13:53:24.345601,0.135184824270772,0.0227202841118257,0.654393772060894,0.187701119556508,"Stationary"
"TreeMovement","Elsa",2022-11-03 13:53:26.332796,0.225251737802897,0.0016522661815977,0.519612269646376,0.253483726369129,"Stationary"
"TreeMovement","Elsa",2022-11-03 13:53:28.320002,0.0551522336993006,0.00540938521838931,0.757582450897594,0.181855930184716,"Stationary"
"TreeMovement","Elsa",2022-11-03 13:53:30.307197,0.0303574135429524,0.00301273306048204,0.895695554256263,0.0709342991403019,"Stationary"
"TreeMovement","Elsa",2022-11-03 13:53:32.294402,0.024560406245263,0.00289525541912991,0.908927217999524,0.0636171203360835,"Stationary"
"TreeMovement","Elsa",2022-11-03 13:53:34.195196,0.0850034647783625,0.00943502457827151,0.673213473656857,0.232348036986509,"Stationary"
"TreeMovement","Elsa",2022-11-03 13:53:36.182401,0.126065960718075,0.00562755798090041,0.743681110461465,0.124625370839559,"Stationary"
"TreeMovement","Elsa",2022-11-03 13:53:38.169596,0.164643019554343,0.0409087463998787,0.170483877953182,0.623964356092596,"TreeMovement"
"TreeMovement","Elsa",2022-11-03 13:53:40.156801,0.166928149158708,0.00649375257151519,0.576460079256805,0.250118019012971,"Stationary"
"TreeMovement","Elsa",2022-11-03 13:53:42.143996,0.127557980900409,0.00530111089456246,0.655894995560753,0.211245912644276,"Stationary"
"TreeMovement","Elsa",2022-11-03 13:53:44.131201,0.100297754390524,0.0522553541653132,0.46147437146755,0.385972519976613,"Stationary"
"Foraging","Elsa",2022-11-03 14:05:50.755202,0.104543731999394,0.135799822430109,0.374563113103359,0.385093332467139,"TreeMovement"
"Foraging","Elsa",2022-11-03 14:05:52.742397,0.129844193248013,0.195892072154009,0.282960869659369,0.391302864938608,"TreeMovement"
"Foraging","Elsa",2022-11-03 14:05:54.643201,0.0783602936399662,0.25476515299162,0.311598886939951,0.355275666428463,"TreeMovement"
"Foraging","Elsa",2022-11-03 14:05:56.630396,0.1018758526603,0.0938278221702505,0.587824552285671,0.216471772883778,"Stationary"
"Foraging","Elsa",2022-11-03 14:05:58.617602,0.0739627319777388,0.0972769007557548,0.616582754065701,0.212177613200806,"Stationary"
"Foraging","Elsa",2022-11-03 14:06:00.604797,0.0825039520128197,0.0780008228848611,0.741671539011239,0.0978236860910804,"Stationary"
"Foraging","Elsa",2022-11-03 14:45:59.241595,0.224876025899218,0.072907057320427,0.472046276446004,0.230170640334351,"Stationary"
"Foraging","Elsa",2022-11-03 14:46:01.2288,0.218937179237316,0.184821022542714,0.200160245999264,0.396081552220706,"TreeMovement"
"Foraging","Elsa",2022-11-03 14:46:03.215995,0.23579928105849,0.0850754672037073,0.184349487862448,0.494775763875354,"TreeMovement"
"Foraging","Elsa",2022-11-03 14:46:05.2032,0.105069945213192,0.00390653760367266,0.716092812750385,0.174930704432751,"Stationary"
"Foraging","Elsa",2022-11-03 14:46:07.104005,0.0358306806123996,0.194645834686762,0.439759955824076,0.329763528876762,"Stationary"
"Foraging","Elsa",2022-11-03 14:47:03.091198,0.2115182225687,0.0161442430542021,0.517697438229498,0.2546400961476,"Stationary"
"Foraging","Elsa",2022-11-03 14:47:05.078403,0.279192923190195,0.1214605123541,0.423106823447887,0.176239741007818,"Stationary"
"Foraging","Elsa",2022-11-03 14:47:06.979198,0.239835206479136,0.123480911236709,0.492359622339158,0.144324259944997,"Stationary"
"Foraging","Elsa",2022-11-03 14:47:08.966403,0.165682453063081,0.00935652569349704,0.567300612832673,0.257660408410749,"Stationary"
"Foraging","Elsa",2022-11-03 14:47:10.953598,0.277033391801468,0.000545702592087312,0.525336191775482,0.197084713830962,"Stationary"
"Foraging","Elsa",2022-11-03 14:47:12.940803,0.0851285216223825,0.0508927217999524,0.49188375668594,0.372094999891725,"Stationary"
"TreeMovement","Elsa",2022-11-03 14:47:14.927998,0.056460728902748,0.12555653002447,0.743577167110592,0.0744055739621906,"Stationary"
"TreeMovement","Elsa",2022-11-03 14:58:53.299195,0.0431494835314753,0.0043672448515559,0.870915892505251,0.0815673791117174,"Stationary"
"TreeMovement","Elsa",2022-11-03 14:58:55.2864,0.071310011043981,0.0116286623790034,0.816772775504017,0.100288551072999,"Stationary"
"TreeMovement","Elsa",2022-11-03 14:58:57.273595,0.0746713874271855,0.00709413369713506,0.836407241386777,0.0818272374889019,"Stationary"
"TreeMovement","Elsa",2022-11-03 14:58:59.1744,0.13503648844713,0.00633567205872799,0.731302107018342,0.127325732475801,"Stationary"
"TreeMovement","Elsa",2022-11-03 14:59:01.161605,0.289239156326469,0.0192944845059443,0.49234608804868,0.199120271118907,"Stationary"
"TreeMovement","Elsa",2022-11-03 14:59:03.1488,0.080581541393274,0.0478724095368024,0.769964161198813,0.10158188787111,"Stationary"
"TreeMovement","Elsa",2022-11-03 14:59:05.136005,0.0961957816323438,0.00541155070486585,0.817266506420667,0.0811261612421231,"Stationary"
"TreeMovement","Elsa",2022-11-03 14:59:07.1232,0.0576950561943741,0.0289807055154941,0.81489529872886,0.0984289395612724,"Stationary"
"TreeMovement","Elsa",2022-11-03 14:59:09.110405,0.0134812360596808,0.00125219255505749,0.922694298274107,0.0625722731111544,"Stationary"
"TreeMovement","Elsa",2022-11-03 14:59:11.0976,0.0210891314233743,0.060094415210377,0.858608350115854,0.0602081032503952,"Stationary"
"TreeMovement","Elsa",2022-11-03 15:01:09.033603,0.0222298014248901,0.0980516035427359,0.802031226314992,0.0776873687173824,"Stationary"
"TreeMovement","Elsa",2022-11-03 15:01:11.020798,0.180762900885684,0.0127368500833712,0.634749020117369,0.171751228913575,"Stationary"
"TreeMovement","Elsa",2022-11-03 15:01:13.008003,0.0787289677125966,0,0.871902271595314,0.0493687606920895,"Stationary"
"TreeMovement","Elsa",2022-11-03 15:01:14.908797,0.0482751900214383,0.00272851296043656,0.85766636349856,0.0913299335195652,"Stationary"
"TreeMovement","Elsa",2022-11-03 15:01:16.896002,0.0819208947790121,0.0212244743281578,0.789631109378722,0.107223521514108,"Stationary"
"TreeMovement","Elsa",2022-11-03 15:01:18.883197,0.0472763593841357,0.00533359319171052,0.82853299118647,0.118857056237684,"Stationary"
"TreeMovement","Elsa",2022-11-03 15:01:20.870402,0.0814461118690314,0.00300136425648022,0.824841378115593,0.0907111457588947,"Stationary"
"TreeMovement","Elsa",2022-11-03 15:01:22.771197,0.024612919292319,0.0189999783451352,0.865953138872648,0.090433963489898,"Stationary"
"TreeMovement","Elsa",2022-11-03 15:01:24.758402,0.0157474176573767,0.00291799302713355,0.92590679746205,0.0554277918534399,"Stationary"
"TreeMovement","Elsa",2022-11-03 15:04:02.265604,0.0300666969834773,0.076032395677689,0.777642434872994,0.11625847246584,"Stationary"
"TreeMovement","Elsa",2022-11-03 15:04:04.3392,0.119795253253643,0.00756999935035406,0.730111089456246,0.142523657939756,"Stationary"
"TreeMovement","Elsa",2022-11-03 15:04:06.240004,0.104589207215401,0.00899651356677278,0.737502436172286,0.14891184304554,"Stationary"
"Foraging","Elsa",2022-11-03 15:04:08.227199,0.258552588839083,0.0114667922648823,0.522503735464172,0.207476883431863,"Stationary"
"Foraging","Elsa",2022-11-03 15:04:10.214404,0.439157409211979,0.00744007016176184,0.0719325884059854,0.481469932220273,"TreeMovement"
"Foraging","Elsa",2022-11-03 15:04:12.201599,0.835303926026982,0.0119935468502999,0.0486362848914009,0.104066242231317,"Foraging"
"Foraging","Elsa",2022-11-03 15:04:14.188804,0.342306026548864,0.00515927153034929,0.288058424825137,0.364476277095649,"TreeMovement"
"Foraging","Elsa",2022-11-03 15:04:16.089599,0.711484116156695,0.00417018558219104,0.164159033326837,0.120186664934278,"Foraging"
"Foraging","Elsa",2022-11-03 15:04:18.163204,0.282022672643409,0.00609367894497499,0.535654193464562,0.176229454947054,"Stationary"
"Foraging","Elsa",2022-11-03 15:04:20.063999,0.347601723727235,0.0194309101539661,0.335801987916585,0.297165378202213,"Foraging"
"TreeMovement","Elsa",2022-11-03 15:04:22.310396,0.215727928279088,0.017022889192057,0.655406136988675,0.111843045540181,"Stationary"
"TreeMovement","Elsa",2022-11-03 15:04:24.297601,0.439808137898179,0.00186448385629832,0.453008943459148,0.105318434786375,"Stationary"
"TreeMovement","Elsa",2022-11-03 15:04:26.198395,0.329845275991251,0.0299232335044068,0.528397106910068,0.111834383594274,"Stationary"
"TreeMovement","Elsa",2022-11-03 15:04:28.1856,0.205342255137617,0.00462547911388293,0.702353883799996,0.0876783819485048,"Stationary"
"TreeMovement","Elsa",2022-11-03 15:04:30.172795,0.104611944823405,0.0257519651789775,0.751784902228285,0.117851187769332,"Stationary"
"TreeMovement","Elsa",2022-11-03 15:04:32.16,0.186196106455315,0.00553931440698153,0.705545810866411,0.102718768271292,"Stationary"
"TreeMovement","Elsa",2022-11-03 15:04:34.060805,0.243435327746378,0.0418344918685983,0.513865068537647,0.200865111847376,"Stationary"
"TreeMovement","Elsa",2022-11-03 15:04:36.048,0.0843099677342515,0.00349184694341584,0.820040494597111,0.0921576907252214,"Stationary"
"TreeMovement","Elsa",2022-11-03 15:04:38.035205,0.302765326230538,0.00675306957708049,0.621176292254055,0.069305311938327,"Stationary"
"TreeMovement","Elsa",2022-11-03 15:04:40.1088,0.470001515840534,0.0637432599233418,0.390011693626973,0.0762435306091514,"Foraging"
"TreeMovement","Elsa",2022-11-03 15:04:42.009605,0.079794928430672,0.0437666471772884,0.712663764914788,0.163774659477252,"Stationary"
"TreeMovement","Elsa",2022-11-03 15:04:44.083201,0.226176400528379,0.0284945538015115,0.433246172502653,0.312082873167457,"Stationary"
"TreeMovement","Elsa",2022-11-03 15:04:46.070396,0.430800796899023,0.00641687780159813,0.439031269624721,0.123751055674657,"Stationary"
"TreeMovement","Elsa",2022-11-03 15:04:47.9712,0.19628564932112,0.00892018016847485,0.585894021091838,0.208900149418567,"Stationary"
"TreeMovement","Elsa",2022-11-03 15:04:49.958395,0.169452565018731,0.0360667186383421,0.520495788128803,0.273984928214123,"Stationary"
"TreeMovement","Elsa",2022-11-03 15:05:45.081602,0.190300244699972,0.00278752246692219,0.751228372203816,0.0556838606292904,"Stationary"
"TreeMovement","Elsa",2022-11-03 15:05:47.068797,0.223503107473094,0.00731393057450356,0.726381039000411,0.0428019229519912,"Stationary"
"TreeMovement","Elsa",2022-11-03 15:05:48.969602,0.237734684596895,0.00434180038545659,0.718031464518504,0.0398920504991446,"Stationary"
"TreeMovement","Elsa",2022-11-03 15:05:50.956797,0.0668642673076507,0.036227506009225,0.75335812815349,0.143550098529635,"Stationary"
"TreeMovement","Elsa",2022-11-03 15:05:52.944002,0.160143680027718,0.00965211459754434,0.694806080686026,0.135398124688711,"Stationary"
"TreeMovement","Elsa",2022-11-03 15:05:54.931197,0.441140994824487,0.000409276944065484,0.395464388574893,0.162985339656554,"Foraging"
"TreeMovement","Elsa",2022-11-03 15:05:56.918402,0.280376361549622,0.000701076246778839,0.613189436756967,0.105733125446632,"Stationary"
"TreeMovement","Elsa",2022-11-03 15:05:58.819196,0.179509084215769,0.00178652634314299,0.758127612118063,0.0605767773230256,"Stationary"
"TreeMovement","Elsa",2022-11-03 15:06:00.806401,0.34118917689859,0.0664955932350202,0.443612356265835,0.148702873600554,"Stationary"
"TreeMovement","Elsa",2022-11-03 15:06:02.707196,0.319556508369605,0.00550899759631001,0.583043699517097,0.0918907945169883,"Stationary"
"TreeMovement","Elsa",2022-11-03 15:06:04.694401,0.106341627146538,0.00979882630632972,0.771629961670889,0.112229584876242,"Stationary"
"Foraging","Elsa",2022-11-03 15:06:48.24,0.519251716148033,0.0561023408908811,0.31316940600706,0.111476536954027,"Foraging"
"Foraging","Elsa",2022-11-03 15:06:50.140805,0.418028757660408,0.0622869702678707,0.392787305918274,0.126896966153446,"Foraging"
"Foraging","Elsa",2022-11-03 15:06:52.214401,0.494879707226228,0.0786970267870677,0.294860759219559,0.131562506767145,"Foraging"
"Foraging","Elsa",2022-11-03 15:06:54.115195,0.492533402628901,0.0810796032828775,0.316125295047532,0.110261699040689,"Foraging"
"Foraging","Elsa",2022-11-03 15:06:56.1024,0.0784647783624592,0.00635028909244462,0.843755819744906,0.0714291128001906,"Stationary"
"Foraging","Elsa",2022-11-03 15:06:58.089595,0.0670835228134,0.0320703133458932,0.7168458606726,0.184000303168107,"Stationary"
"TreeMovement","Elsa",2022-11-03 15:07:57.014401,0.0398525303709478,0.0204800883518482,0.884665107516404,0.0550022737608004,"Stationary"
"Foraging","Elsa",2022-11-03 15:07:59.001596,0.11318131618268,0.00702971047445809,0.732606812620455,0.147182160722406,"Stationary"
"Foraging","Elsa",2022-11-03 15:08:00.988801,0.323066220576453,0.0117190714393989,0.477059377639186,0.188155330344962,"Stationary"
"Foraging","Elsa",2022-11-03 15:08:02.975996,0.209322960653111,0.0245035622252539,0.439234825353516,0.32693865176812,"Stationary"
"Foraging","Elsa",2022-11-03 15:08:04.963201,0.151235410034864,0.0752078867017476,0.65509593105091,0.118460772212478,"Stationary"
"Foraging","Elsa",2022-11-03 15:08:06.950396,0.261402369042205,0.16155557721042,0.33364787024405,0.243394183503324,"Stationary"
"Foraging","Elsa",2022-11-03 15:08:08.937602,0.239287879772191,0.0756702180644882,0.391970376145001,0.29307152601832,"Stationary"
"Foraging","Elsa",2022-11-03 15:08:10.838396,0.0686356352454579,0.0481468849477035,0.615428549773707,0.267788930033132,"Stationary"
"TreeMovement","Elsa",2022-11-03 15:08:13.603197,0.0387963143420169,0.0151302540115637,0.726287381710301,0.219786049936118,"Stationary"
"TreeMovement","Elsa",2022-11-03 15:08:15.590402,0.0730418588535915,0.0368067736416986,0.655574503562225,0.234576863942485,"Stationary"
"TreeMovement","Elsa",2022-11-03 15:08:17.577597,0.122941163732433,0.0972027328439334,0.459067974620498,0.320788128803136,"Stationary"
"TreeMovement","Elsa",2022-11-03 15:08:19.564802,0.387076918079646,0.00465742003941185,0.415124298923753,0.193141362957188,"Stationary"
"TreeMovement","Elsa",2022-11-03 15:08:21.551997,0.354825245241343,0.0173076506637216,0.24234013296087,0.385526971134065,"TreeMovement"
"TreeMovement","Elsa",2022-11-03 15:08:23.452801,0.1597300721107,0.0288718898200481,0.0343186296801576,0.777079408389095,"TreeMovement"
"TreeMovement","Elsa",2022-11-03 15:08:25.439996,0.35722243877087,0.00309393880335217,0.425940362502436,0.213743259923342,"Stationary"
"TreeMovement","Elsa",2022-11-03 15:08:27.427202,0.151933238051928,0.00744223564823838,0.102718226899673,0.737906299400161,"TreeMovement"
"TreeMovement","Elsa",2022-11-03 15:08:29.414397,0.119664241321813,0.0517637887351394,0.499740141622816,0.328831828320232,"Stationary"
"TreeMovement","Elsa",2022-11-03 15:08:31.401602,0.187179237315663,0.0164983000931159,0.60942365577427,0.186898806816951,"Stationary"
"TreeMovement","Elsa",2022-11-03 15:08:33.302396,0.0817140908205028,0.0417679031594448,0.540444790922281,0.336073215097772,"Stationary"
"TreeMovement","Elsa",2022-11-03 15:28:19.747198,0.0706116416552979,0.0311191234110743,0.553660754888586,0.344608480045042,"Stationary"
"TreeMovement","Elsa",2022-11-03 15:28:21.648002,0.596969943047706,0.00439756166222742,0.134162714653847,0.26446978063622,"Foraging"
"TreeMovement","Elsa",2022-11-03 15:28:23.635197,0.420879620606769,0.0217956213863444,0.194887827800515,0.362436930206371,"Foraging"
"TreeMovement","Elsa",2022-11-03 15:28:25.622402,0.260115528703523,0.0129084648866368,0.551557526148249,0.175418480261591,"Stationary"
"TreeMovement","Elsa",2022-11-03 15:28:27.609597,0.109642911280019,0.0206679443036878,0.725944693475389,0.143744450940904,"Stationary"
"Foraging","Elsa",2022-11-03 15:28:29.596802,0.39684217934559,0.0391103098811148,0.35493351956517,0.209113991208125,"Foraging"
"Foraging","Elsa",2022-11-03 15:28:31.583997,0.579181013014574,0.0402033391801468,0.0507384308884991,0.32987721691678,"Foraging"
"Foraging","Elsa",2022-11-03 15:28:33.484802,0.337305376902921,0.143362783949414,0.1209229303363,0.398408908811364,"TreeMovement"
"Foraging","Elsa",2022-11-03 15:28:35.471997,0.208871998094372,0.0299616708893653,0.252497888650685,0.508668442365577,"TreeMovement"
"Foraging","Elsa",2022-11-03 15:28:52.665597,0.744378938478529,0.0101761623248663,0.0357543472141016,0.209690551982503,"Foraging"
"Foraging","Elsa",2022-11-03 15:28:54.652802,0.483473548582689,0.0482291734338119,0.0166249810519933,0.451672296931506,"Foraging"
"Foraging","Elsa",2022-11-03 15:28:56.639997,0.609868121873579,0.0108994348080296,0.025778492388315,0.353453950930076,"Foraging"
"TreeMovement","Elsa",2022-11-03 15:28:58.627202,0.318544684813443,0.000397908140063665,0.536110569739492,0.144946837307001,"Stationary"
"TreeMovement","Elsa",2022-11-03 15:29:00.614397,0.261732605729877,0.00753481019511033,0.554548604343966,0.176183979731047,"Stationary"
"TreeMovement","Elsa",2022-11-03 15:29:02.601602,0.114881223066762,0.00476515299161957,0.466805257801165,0.413548366140453,"Stationary"
"TreeMovement","Elsa",2022-11-03 15:29:04.588797,0.0685176162324867,0.0843408259165421,0.441359167586999,0.405782390263973,"Stationary"
"Foraging","Elsa",2022-11-03 15:29:21.868798,0.468057450356222,0.0179865306741159,0.116546482167219,0.397409536802443,"Foraging"
"Foraging","Elsa",2022-11-03 15:29:23.856003,0.490066372160506,0.0411187985881028,0.096947205439702,0.371867623811689,"Foraging"
"Foraging","Elsa",2022-11-03 15:29:25.843198,0.155489508218021,0.0380069945213192,0.240489724766669,0.56601377249399,"TreeMovement"
"Foraging","Elsa",2022-11-03 15:33:01.238399,0.0886788367006648,0.0511433768596115,0.676224582602481,0.183953203837242,"Stationary"
"Foraging","Elsa",2022-11-03 15:33:03.139203,0.0528080945884493,0.0356850516468525,0.676532623053769,0.234974230710929,"Stationary"
"Foraging","Elsa",2022-11-03 15:33:05.126398,0.16084908724745,0.00886929123627623,0.499982134736569,0.330299486779705,"Stationary"
"Foraging","Elsa",2022-11-03 15:33:07.113603,0.420998722362979,0.00749204183719873,0.426881266376492,0.144627969423331,"Stationary"
"Foraging","Elsa",2022-11-03 15:33:09.100798,0.946933671149224,0.00545702592087312,0.0375527837328656,0.0100565191970376,"Foraging"
"Foraging","Elsa",2022-11-03 15:33:11.088003,0.891237900344312,0.0108799454297408,0.0680671950453669,0.0298149591805799,"Foraging"
"Foraging","Elsa",2022-11-03 15:33:12.988798,0.824240996989974,0.00612399575564651,0.129699105654085,0.0399359016002945,"Foraging"
"Foraging","Elsa",2022-11-03 15:33:14.976003,0.539158491955218,0.00198954070031833,0.343813746508153,0.115038220836311,"Foraging"
"Foraging","Elsa",2022-11-03 15:33:16.963198,0.897811775915459,0.00991359708958617,0.0626085450096364,0.029666081985318,"Foraging"
"Foraging","Elsa",2022-11-03 15:33:18.950403,0.855112713571104,0.0173130643799129,0.0878635310422487,0.0397106910067347,"Foraging"
"Foraging","Elsa",2022-11-03 15:33:20.937598,0.925841291496135,0.00795816280127331,0.0538496935836636,0.0123508521189285,"Foraging"
"Foraging","Elsa",2022-11-03 15:33:22.924803,0.270019381103965,0.00456430412092076,0.378541653132376,0.346874661642738,"Stationary"
"Foraging","Elsa",2022-11-03 15:33:32.860798,0.519980402347387,0.0290435046233136,0.333772385716451,0.117203707312848,"Foraging"
"Foraging","Elsa",2022-11-03 15:33:34.848003,0.391364039931571,0.0022910846921761,0.430908529851231,0.175436345525022,"Stationary"
"Foraging","Elsa",2022-11-03 15:33:41.759995,0.866276337729271,0.00320221312717902,0.106010849087247,0.0245106000563026,"Foraging"
"Foraging","Elsa",2022-11-03 15:33:43.7472,0.887098031572793,0.00565733341995279,0.0966359167586998,0.0106087182485545,"Foraging"
"Foraging","Elsa",2022-11-03 15:33:45.734396,0.106024924749345,0.00365371705753698,0.686335238961432,0.203986119231685,"Stationary"
"Foraging","Elsa",2022-11-03 15:33:47.6352,0.104607613850451,0.0467485220554798,0.454930271335455,0.393713592758613,"Stationary"
"Foraging","Elsa",2022-11-03 15:33:49.622405,0.313787111024492,0.00151584053357587,0.483291106347041,0.201405942094892,"Stationary"
"Foraging","Elsa",2022-11-03 15:33:51.6096,0.801754044045995,0.000306957708049113,0.156435284436649,0.0415037138093073,"Foraging"
"Foraging","Elsa",2022-11-03 15:33:53.596795,0.57227960761385,0.000272851296043656,0.298231338920288,0.129216202169817,"Foraging"
"Foraging","Elsa",2022-11-03 15:33:55.584,0.148460880486801,0.020587821304056,0.385209727365253,0.44574157084389,"TreeMovement"
"Foraging","Elsa",2022-11-03 15:34:02.1504,0.704893999436974,0.000346477836245913,0.134731154853938,0.160028367872843,"Foraging"
"Foraging","Elsa",2022-11-03 15:34:04.137605,0.970008012299963,0,0.0255922605513329,0.00439972714870396,"Foraging"
"Foraging","Elsa",2022-11-03 15:34:06.1248,0.978054960046775,0.0022737608003638,0.0104181554386193,0.00925312371424241,"Foraging"
"Foraging","Elsa",2022-11-03 15:34:08.112005,0.862771497866996,0.000194893782888326,0.0850976634400918,0.0519359449100241,"Foraging"
"Foraging","Elsa",2022-11-03 15:34:10.012799,0.327346845968947,0.0120639251607874,0.243080187964226,0.417509040906039,"TreeMovement"
"Foraging","Elsa",2022-11-03 15:34:42.412805,0.469703220078391,0.000322116113384872,0.163191060871825,0.3667836029364,"Foraging"
"Foraging","Elsa",2022-11-03 15:34:44.313599,0.633316009441521,0.00136425648021828,0.147522683470842,0.217797050607419,"Foraging"
"Foraging","Elsa",2022-11-03 15:34:46.300804,0.546984560081423,0.000136425648021828,0.213004829034843,0.239874185235713,"Foraging"
"Foraging","Elsa",2022-11-03 15:34:48.287999,0.72353667251348,0.0055799172784166,0.126019944130449,0.144863466077654,"Foraging"
"Foraging","Elsa",2022-11-03 15:34:50.275204,0.72706370861214,0.00144221399337361,0.18452380952381,0.0869702678706772,"Foraging"
"Foraging","Elsa",2022-11-03 15:34:52.262399,0.545704216202169,0.00136425648021828,0.278173520431365,0.174758006886247,"Foraging"
"Foraging","Elsa",2022-11-03 15:34:54.249604,0.661704454405682,0.000424435349401243,0.220486043439659,0.117385066805258,"Foraging"
"Foraging","Elsa",2022-11-03 15:34:56.150399,0.470242967582668,0.00444520236471123,0.23588698326079,0.289424846791832,"Foraging"
"Foraging","Elsa",2022-11-03 15:35:08.2464,0.673195608393426,0.00133989475735724,0.126633859546547,0.19883063730267,"Foraging"
"Foraging","Elsa",2022-11-03 15:35:10.147205,0.816529158275407,0.00252387448840382,0.0685316918945841,0.112415275341606,"Foraging"
"Foraging","Elsa",2022-11-03 15:35:12.1344,0.724164663591676,0,0.157958162801273,0.117877173607051,"Foraging"
"Foraging","Elsa",2022-11-03 15:35:14.121605,0.230835986054267,0.0640556313475822,0.334097750059551,0.3710106325386,"TreeMovement"
"Foraging","Elsa",2022-11-03 15:42:40.204802,0.100116936269733,0.0571320297104745,0.75557775179194,0.0871732822278525,"Stationary"
"Foraging","Elsa",2022-11-03 15:42:42.191997,0.177768033088633,0.103061456506204,0.305569089846034,0.413601420559129,"TreeMovement"
"Foraging","Elsa",2022-11-03 15:45:36.9792,0.119962537083956,0.0243931224149505,0.526035102535785,0.329609237965309,"Stationary"
"Foraging","Elsa",2022-11-03 15:45:38.966405,0.15006875419563,0.173220511487906,0.349178197882154,0.32753253643431,"Stationary"
"Foraging","Elsa",2022-11-03 15:45:40.9536,0.205265921739319,0.188155330344962,0.318078563849369,0.288500184066351,"Stationary"
"Foraging","Elsa",2022-11-03 15:45:42.940795,0.221705212325949,0.0858274323826848,0.334740899543082,0.357726455748284,"TreeMovement"
"Foraging","Elsa",2022-11-03 15:45:44.928,0.127389614326859,0.0160256826696117,0.518647545421079,0.337937157582451,"Stationary"
"Foraging","Elsa",2022-11-03 15:45:46.828804,0.058642456527859,0.0954546438857489,0.375499686004461,0.470403213581931,"TreeMovement"
"Foraging","Elsa",2022-11-03 15:58:33.974402,0.0833187162996167,0.0830566924359558,0.679999566902705,0.153625024361723,"Stationary"
"Foraging","Elsa",2022-11-03 15:58:35.961597,0.0854235691548106,0.0577979168020096,0.702424262110483,0.154354251932697,"Stationary"
"Foraging","Elsa",2022-11-03 15:58:37.862401,0.0666574633491414,0.0371083176335564,0.70369540267221,0.192538816345092,"Stationary"
"Foraging","Elsa",2022-11-03 15:58:39.849597,0.0597528097187033,0.0700020572121527,0.588612247991511,0.281632885077633,"Stationary"
"Foraging","Elsa",2022-11-03 16:01:14.8512,0.0687125100153749,0.0350034647783625,0.711859286688755,0.184424738517508,"Stationary"
"Foraging","Elsa",2022-11-03 16:01:16.838395,0.0665892505251305,0.0340825916542151,0.7427965092358,0.156531648584855,"Stationary"
"Locomotion","Elsa",2022-11-03 16:01:18.739199,0.00810974685463089,0.891335888607376,0.0159596353320774,0.0845947292059161,"Locomotion"
"Locomotion","Elsa",2022-11-03 19:45:07.199998,0.0386387752008489,0.827077242902618,0.0171506528941727,0.11713332900236,"Locomotion"
"Locomotion","Elsa",2022-11-03 19:45:07.199998,0.0484446393382273,0.808789709608263,0.0334589315489725,0.109306719504537,"Locomotion"
"Locomotion","Elsa",2022-11-03 19:45:15.840003,0,0.99181446111869,0.00318326512050932,0.00500227376080036,"Locomotion"
"Locomotion","Elsa",2022-11-03 19:45:15.840003,0.062461833300851,0.770021005218822,0.0321574741765738,0.135359687303753,"Locomotion"
"Locomotion","Elsa",2022-11-03 19:45:15.840003,0.00819474219883497,0.913364299789948,0.0193491630394768,0.0590917949717404,"Locomotion"
"Locomotion","Elsa",2022-11-03 19:45:24.479999,0.0371705753697568,0.809357608436735,0.0331752528205461,0.120296563372962,"Locomotion"
"Locomotion","Elsa",2022-11-03 19:45:33.120004,0.00136425648021828,0.945721540093982,0.00851415145412417,0.0444000519716754,"Locomotion"
"Locomotion","Elsa",2022-11-03 19:45:33.120004,0.0591356460728903,0.775749258320882,0.0317498213473657,0.133365274258862,"Locomotion"
"Locomotion","Elsa",2022-11-03 19:45:33.120004,0.0474766668832153,0.86570789752918,0.0246665150826133,0.0621489205049914,"Locomotion"
"Locomotion","Elsa",2022-11-03 19:45:33.120004,0.0613476905086728,0.744639879598952,0.0419308560168042,0.152081573875571,"Locomotion"
"Locomotion","Elsa",2022-11-03 19:45:33.120004,0.039574806730332,0.487596634834015,0.0808062106152147,0.392022347820438,"Locomotion"
"Locomotion","Elsa",2022-11-03 19:45:41.76,0.00696474588016198,0.969884579570801,0.00642337426102774,0.0167273002880097,"Locomotion"
"Locomotion","Elsa",2022-11-03 19:46:16.320001,0.00224344398969228,0.99181446111869,0.00318326512050932,0.00275882977110808,"Locomotion"
"Locomotion","Elsa",2022-11-03 19:46:16.320001,0.00507211069966868,0.913099569068191,0.0506967452738258,0.0311315749583144,"Locomotion"
"Locomotion","Elsa",2022-11-03 19:46:16.320001,0.0124780744494251,0.935564325775786,0.0138656099092661,0.0380919898655233,"Locomotion"
"Locomotion","Elsa",2022-11-03 19:46:24.959996,0,0.996881158102167,0.00120888282552675,0.00190995907230559,"Locomotion"
"Locomotion","Elsa",2022-11-03 19:46:24.959996,0,0.99939366378657,0.000151584053357587,0.00045475216007276,"Locomotion"
"Locomotion","Elsa",2022-11-03 19:46:24.959996,0.0388472032742156,0.730055869551095,0.0269700513220295,0.20412687585266,"Locomotion"
"Locomotion","Elsa",2022-11-03 19:46:59.519998,0.0045475216007276,0.982184001385911,0.00499631867298989,0.00827215834037116,"Locomotion"
"Locomotion","Elsa",2022-11-03 19:46:59.519998,0.00181900864029104,0.985038653933606,0.00356222525390329,0.00958011217219949,"Locomotion"
"Locomotion","Elsa",2022-11-03 19:46:59.519998,0.00590365750665887,0.952514671170879,0.0190384157300938,0.0225432555923688,"Locomotion"
"Locomotion","Elsa",2022-11-03 19:46:59.519998,0.0201384828601745,0.771344658827605,0.0446999718486758,0.163816886463544,"Locomotion"
"Locomotion","Elsa",2022-11-03 19:47:08.160004,0.00124244786591308,0.965130795383183,0.0166211914506594,0.0170055653002447,"Locomotion"
"Locomotion","Elsa",2022-11-03 19:47:08.160004,0.00155915026310661,0.991963879685571,0.00296400961475996,0.00351296043656207,"Locomotion"
"Locomotion","Elsa",2022-11-03 19:47:08.160004,0.00822451763788735,0.952807011845211,0.0077573139305745,0.0312111565863271,"Locomotion"
"Locomotion","Elsa",2022-11-03 19:47:16.799999,0.00136425648021828,0.99849931787176,0.000136425648021828,0,"Locomotion"
"Locomotion","Elsa",2022-11-03 19:47:16.799999,0,1,0,0,"Locomotion"
"Locomotion","Elsa",2022-11-03 19:47:16.799999,0,0.994395179627103,0.00310368349249659,0.00250113688040018,"Locomotion"
"Locomotion","Elsa",2022-11-03 19:47:16.799999,0.00190995907230559,0.993272374889019,0.0021330041793889,0.00268466185928669,"Locomotion"
"Locomotion","Elsa",2022-11-03 19:47:16.799999,0.00957253296953161,0.942552892007189,0.0172578444747613,0.0306167305485177,"Locomotion"
"Locomotion","Elsa",2022-11-03 19:47:16.799999,0.033715000324823,0.890902791312069,0.0191174559864874,0.0562647523766214,"Locomotion"
"Locomotion","Elsa",2022-11-03 19:47:16.799999,0.00943069360531843,0.957480673033197,0.0126870438944109,0.0204015894670738,"Locomotion"
"Locomotion","Elsa",2022-11-03 19:47:16.799999,0.0553206002728513,0.658464886636783,0.0216483683059399,0.264566144784426,"Locomotion"
"Locomotion","Elsa",2022-11-03 19:47:25.440004,0.0703523246497326,0.724327075077416,0.042103553563308,0.163217046709543,"Locomotion"
"Locomotion","Elsa",2022-11-03 19:47:25.440004,0.0610212434223348,0.786907468762857,0.0348215639143334,0.117249723900474,"Locomotion"
"Locomotion","Elsa",2022-11-03 21:57:36.000003,0.0122068472682388,0.836865783148184,0.0463311245371273,0.10459624504645,"Locomotion"
"Locomotion","Elsa",2022-11-03 21:57:44.639999,0.00136425648021828,0.996350613915416,0.000170532060027285,0.00211459754433834,"Locomotion"
"Locomotion","Elsa",2022-11-03 21:57:53.280004,0.0059610428982871,0.985546460512354,0.00369486130059118,0.00479763528876762,"Locomotion"
"Locomotion","Elsa",2022-11-03 21:57:53.280004,0.0505965915242859,0.584553584962862,0.0264995993850018,0.33835022412785,"Locomotion"
"Locomotion","Elsa",2022-11-03 21:58:10.560005,0.00045475216007276,0.986159834556833,0.00531626929989822,0.00806914398319582,"Locomotion"
"Locomotion","Elsa",2022-11-03 21:58:10.560005,0.00237120769180796,0.978583338747049,0.00579809004092769,0.0132473635202148,"Locomotion"
"Locomotion","Elsa",2022-11-03 21:58:10.560005,0.0232681521903896,0.772456636133307,0.0458027458368523,0.158472465839451,"Locomotion"
"Locomotion","Elsa",2022-11-03 21:58:19.2,0.00079581628012733,0.966381363823383,0.00635895103835077,0.026463868858139,"Locomotion"
"Locomotion","Elsa",2022-11-03 21:58:19.2,0.00567303319690769,0.965315944476927,0.0085493406093679,0.0204616817167977,"Locomotion"
"Locomotion","Elsa",2022-11-03 21:58:36.480001,0.00375170532060027,0.977559063643647,0.00379122544879707,0.0148980055869551,"Locomotion"
"Locomotion","Elsa",2022-11-03 21:58:36.480001,0.0223537755256718,0.821307845557504,0.0406683774009831,0.115670001515841,"Locomotion"
"Locomotion","Elsa",2022-11-03 21:58:45.119997,0.0137600424435349,0.755566924359557,0.0176811970809242,0.212991836115983,"Locomotion"
"Locomotion","Elsa",2022-11-03 21:59:11.040003,0.00773078672123693,0.946591524285931,0.0159580112172199,0.0297196777756123,"Locomotion"
"Locomotion","Elsa",2022-11-03 21:59:11.040003,0.0219130990276966,0.493674072630416,0.12233645163386,0.362076376708027,"Locomotion"
"Locomotion","Elsa",2022-11-03 21:59:19.679998,0.050653435544295,0.737579852313822,0.0284718161935079,0.183294895948375,"Locomotion"
"Locomotion","Elsa",2022-11-03 21:59:19.679998,0.0859660235171831,0.708207735117694,0.0844680482470387,0.121358193118084,"Locomotion"
"Locomotion","Elsa",2022-11-03 21:59:19.679998,0.0713446588276056,0.687708157387557,0.0415681370319842,0.199379046752853,"Locomotion"
"Locomotion","Elsa",2022-11-03 21:59:28.320004,0.0279677992160939,0.851424890101561,0.0533045323631954,0.0673027783191494,"Locomotion"
"Locomotion","Elsa",2022-11-03 21:59:28.320004,0.0442143615063124,0.731858637042812,0.0238891054375365,0.200037896013339,"Locomotion"
"Locomotion","Elsa",2022-11-03 21:59:45.600004,0.00545702592087312,0.977856818034171,0.00326447086337946,0.013421685181576,"Locomotion"
"Locomotion","Elsa",2022-11-03 21:59:54.24,0.0129160440893047,0.910110114987332,0.0186486281643171,0.0583252127590463,"Locomotion"
"Locomotion","Elsa",2022-11-03 22:00:11.52,0,0.969330756404426,0.00773457632257086,0.0229346672730029,"Locomotion"
"Locomotion","Elsa",2022-11-03 22:00:11.52,0.00326122263366465,0.911337945819528,0.0191694276619243,0.0662314038848827,"Locomotion"
"Foraging","Elsa",2022-11-03 22:00:20.159996,0.116619567335802,0.0649938283635419,0.351014530414257,0.467372073886398,"TreeMovement"
"Foraging","Elsa",2022-11-03 23:10:08.659204,0.395921306221443,0.0271703588211092,0.490998072717036,0.0859102622404123,"Stationary"
"Foraging","Elsa",2022-11-03 23:10:10.559999,0.346004677450789,0.0691629312024946,0.443561467333636,0.14127092401308,"Stationary"
"Foraging","Elsa",2022-11-03 23:10:12.547204,0.402787522466922,0.0370054570259209,0.475979341259014,0.0842276792481431,"Stationary"
"Foraging","Elsa",2022-11-03 23:10:14.534399,0.376646311093787,0.00967106260421404,0.508863336148466,0.104819290153533,"Stationary"
"Foraging","Elsa",2022-11-03 23:10:16.521604,0.279291994196496,0.0652932068689231,0.582878581173261,0.0725362177613201,"Stationary"
"Foraging","Elsa",2022-11-03 23:10:18.422398,0.230773728318067,0.0309794495333377,0.65640929859893,0.0818375235496654,"Stationary"
"Foraging","Elsa",2022-11-03 23:10:20.409603,0.233284068515992,0.0480581000021655,0.599102405855476,0.119555425626367,"Stationary"
"Foraging","Elsa",2022-11-03 23:10:22.396798,0.0639576430845189,0.00851902379869638,0.879637389289504,0.0478859438272808,"Stationary"
"Foraging","Elsa",2022-11-03 23:10:24.384003,0.0683270534225514,0.00738755711470582,0.805859806405509,0.118425583057234,"Stationary"
"Foraging","Elsa",2022-11-03 23:10:26.371198,0.0321791290413391,0.00137941488555404,0.915343013057884,0.0510984430152234,"Stationary"
"Foraging","Elsa",2022-11-03 23:10:28.272003,0.0105220987894931,0.000331319430910154,0.945444899196605,0.0437016825829923,"Stationary"
"Foraging","Elsa",2022-11-03 23:10:30.345599,0.0213078455575045,0.00521828103683492,0.912566859394963,0.0609070140106975,"Stationary"
"Foraging","Elsa",2022-11-03 23:10:32.332804,0.0342904783559627,0.00958769137486736,0.656519738409233,0.299602091859936,"Stationary"
"Foraging","Elsa",2022-11-03 23:10:34.233598,0.031847809610429,0.0132489876350722,0.670035622252539,0.28486758050196,"Stationary"
"Foraging","Elsa",2022-11-03 23:10:36.134403,0.105342255137617,0.0581286948613006,0.763166157777344,0.0733628922237381,"Stationary"
"Foraging","Elsa",2022-11-03 23:10:38.207998,0.0803714892050499,0.0466700231707053,0.778089607830399,0.0948688797938457,"Stationary"
"Foraging","Elsa",2022-11-03 23:10:40.108803,0.0710512354100349,0.0314352844366487,0.827000368132701,0.0705131120206154,"Stationary"
"Foraging","Elsa",2022-11-03 23:10:42.095998,0.0922962818597198,0.0598529634682431,0.805386647610386,0.0424641070616514,"Stationary"
"Foraging","Elsa",2022-11-03 23:10:44.083203,0.0715666211914507,0.0357202408020962,0.842403473440308,0.0503096645661448,"Stationary"
"Foraging","Elsa",2022-11-03 23:10:46.070398,0.0473862578228199,0.00764362589055631,0.859799909049568,0.0851702072370558,"Stationary"
"Foraging","Elsa",2022-11-03 23:10:48.057603,0.0454611403451786,0.015063123930791,0.745024794820156,0.194450940903874,"Stationary"
"Foraging","Elsa",2022-11-03 23:10:49.958397,0.0815619653955261,0.0116584378180558,0.701067043461314,0.205712553325104,"Stationary"
"Foraging","Elsa",2022-11-03 23:10:51.945602,0.0643263171571494,0.00458108664111393,0.752014985166418,0.179077611035319,"Stationary"
"Foraging","Elsa",2022-11-03 23:10:53.846396,0.0556356785551874,0.0368414214253232,0.803335931917105,0.104186968102384,"Stationary"
"Foraging","Elsa",2022-11-03 23:10:55.920002,0.214163905671409,0.0092119794711882,0.20420862296715,0.572415491890253,"TreeMovement"
"Foraging","Elsa",2022-11-03 23:11:12.249596,0.433862794776846,0.00123162043353039,0.125351891552437,0.439553693237186,"TreeMovement"
"Foraging","Elsa",2022-11-03 23:11:14.236801,0.944081184088005,0.00022737608003638,0.0257698304424089,0.0299216093895494,"Foraging"
"Foraging","Elsa",2022-11-03 23:11:16.137595,0.859105870633838,0,0.0794056822365145,0.0614884471296477,"Foraging"
"Foraging","Elsa",2022-11-03 23:11:18.211201,0.360694254964378,0.000378960133393967,0.173461421858421,0.465465363043808,"TreeMovement"
"Foraging","Elsa",2022-11-03 23:11:20.284797,0.794346456181381,0.00104592996816735,0.0692722882695598,0.135335325580892,"Foraging"
"Foraging","Elsa",2022-11-03 23:11:22.185601,0.32685690465363,0.0149245327962927,0.237659975313454,0.420558587236623,"TreeMovement"
"Foraging","Elsa",2022-11-03 23:11:28.492799,0.482624136512267,0.00186448385629832,0.370502284588233,0.145009095043202,"Foraging"
"Foraging","Elsa",2022-11-03 23:11:30.480004,0.202496805907447,0.00391411680634054,0.490964507676649,0.302624569609563,"Stationary"
"Foraging","Elsa",2022-11-03 23:11:32.467199,0.128491846943416,0.0625116394898114,0.743765023062431,0.0652314905043418,"Stationary"
"Foraging","Elsa",2022-11-03 23:11:34.454404,0.0969926806557093,0.049346564455705,0.787209554126334,0.0664512007622512,"Stationary"
"Foraging","Elsa",2022-11-03 23:11:36.441599,0.187678923320124,0.014841161566946,0.475371922302345,0.322107992810585,"Stationary"
"Foraging","Elsa",2022-11-03 23:11:59.855996,0.756037917668204,0,0.167389397778211,0.076572684553585,"Foraging"
"Foraging","Elsa",2022-11-03 23:12:01.843201,0.637291301240823,0.000682128240109141,0.234031161350397,0.12799540916867,"Foraging"
"Foraging","Elsa",2022-11-03 23:12:03.830396,0.948165832954373,0,0.0382370774594513,0.0135970895861755,"Foraging"
"Foraging","Elsa",2022-11-03 23:12:05.817601,0.710348318499751,0.000545702592087312,0.199134346781004,0.0899716321271574,"Foraging"
"Foraging","Elsa",2022-11-03 23:12:07.718396,0.987286428896252,0.00363801728058208,0.00651378332142316,0.00256177050174322,"Foraging"
"Foraging","Elsa",2022-11-03 23:12:09.792001,0.538499101323112,0.00129929188592217,0.352495723164209,0.107705883626757,"Foraging"
"Foraging","Elsa",2022-11-03 23:12:11.865597,0.579683405877131,0.000545702592087312,0.304492301695576,0.115278589835206,"Foraging"
"Foraging","Elsa",2022-11-03 23:12:13.766402,0.41081768769354,0.0028080945884493,0.413286883648412,0.173087334069599,"Stationary"
"Foraging","Elsa",2022-11-03 23:12:15.667196,0.399876025899218,0.00213733515234197,0.444641503713809,0.15334513523463,"Stationary"
"Foraging","Elsa",2022-11-03 23:12:17.654401,0.182356698932415,0.00658253751705321,0.193186838173196,0.617873925377336,"TreeMovement"
"Foraging","Elsa",2022-11-03 23:12:40.723196,0.576153121548756,0.0151302540115637,0.295692306026549,0.113024318413132,"Foraging"
"Foraging","Elsa",2022-11-03 23:12:42.710401,0.611944282032959,0.000194893782888326,0.310137183568289,0.0777236406158644,"Foraging"
"Foraging","Elsa",2022-11-03 23:12:44.697596,0.825100695121159,0.00197817189631651,0.0899716321271574,0.0829495008553672,"Foraging"
"Foraging","Elsa",2022-11-03 23:12:46.684801,0.253501050260941,0.00842482513696702,0.198578899499773,0.539495225102319,"TreeMovement"
"Foraging","Elsa",2022-11-03 23:12:52.991998,0.160152341973624,0.0668193334632625,0.169967409428528,0.603060915134585,"TreeMovement"
"Foraging","Elsa",2022-11-03 23:13:10.099198,0.805798631412547,0.00186448385629832,0.12473743476472,0.067599449966435,"Foraging"
"Foraging","Elsa",2022-11-03 23:13:12.000002,0.952431841313151,0.00483336581563048,0.0274724441845861,0.0152623486866325,"Foraging"
"Foraging","Elsa",2022-11-03 23:13:13.987197,0.972338075748717,0,0.0148844712964767,0.0127774529548063,"Foraging"
"Foraging","Elsa",2022-11-03 23:13:15.888002,0.465524913921912,0.0011558284068516,0.354101431386561,0.179217826284675,"Foraging"
"Foraging","Elsa",2022-11-03 23:13:17.875197,0.551977630524697,0.00172968232313389,0.288577600207887,0.157715086944282,"Foraging"
"Foraging","Elsa",2022-11-03 23:13:19.862402,0.679569717837112,0.0089320903440958,0.183980272418199,0.127517919400593,"Foraging"
"Foraging","Elsa",2022-11-03 23:13:21.849597,0.916206500790402,0.000346477836245913,0.0649115398774335,0.0185354814959181,"Foraging"
"Foraging","Elsa",2022-11-03 23:13:23.836802,0.88940752290002,0.00627557980900409,0.0867699603715975,0.0175469369193789,"Foraging"
"Foraging","Elsa",2022-11-03 23:13:25.737596,0.907640377660841,0.00244591697524849,0.0677737716277962,0.0221399337361138,"Foraging"
"Foraging","Elsa",2022-11-03 23:13:28.415997,0.45320816821499,0.0171089672794993,0.371949370926179,0.157733493579333,"Foraging"
"Locomotion","Elsa",2022-11-03 23:13:30.403202,0.07480618896035,0.334674310833929,0.204861517139825,0.385657983065896,"TreeMovement"
"Locomotion","Elsa",2022-11-03 23:25:52.319998,0.0245598648736439,0.749263193226358,0.134715996448602,0.0914609454513957,"Locomotion"
"Locomotion","Elsa",2022-11-03 23:25:52.319998,0.00296130275666428,0.974206349206349,0.00715043634552502,0.0156819116914615,"Locomotion"
"Locomotion","Elsa",2022-11-03 23:26:00.960004,0.00581324844626345,0.902265640226077,0.0240049589640313,0.0679161523636285,"Locomotion"
"Locomotion","Elsa",2022-11-03 23:26:00.960004,0.016393815370623,0.852362545745902,0.0754628727343598,0.0557807661491154,"Locomotion"
"Locomotion","Elsa",2022-11-03 23:26:00.960004,0.00784934710582732,0.770515818878711,0.047172957404881,0.174461876610581,"Locomotion"
"Locomotion","Elsa",2022-11-04 01:53:11.040001,0.0625186773208601,0.762576062712488,0.0399949111067801,0.134910348859871,"Locomotion"
"Locomotion","Elsa",2022-11-04 01:53:11.040001,0.0435479330431581,0.798732649039607,0.0426189393447238,0.115100478572511,"Locomotion"
"Locomotion","Elsa",2022-11-04 01:53:11.040001,0.0426032395677689,0.641837198726694,0.0777398817644384,0.237819679941099,"Locomotion"
"Locomotion","Elsa",2022-11-04 01:53:19.679996,0.00513220294939258,0.957480673033197,0.0152764243487299,0.0221106996686806,"Locomotion"
"Locomotion","Elsa",2022-11-04 01:53:19.679996,0.0415345719915979,0.757374022824227,0.0300158080512787,0.171075597132896,"Locomotion"
"Locomotion","Elsa",2022-11-04 01:53:45.600002,0.0139792979492843,0.885683968903614,0.0321022542714221,0.0682344788756794,"Locomotion"
"Locomotion","Elsa",2022-11-04 01:53:45.600002,0.0626897507525065,0.70330128413348,0.0670477922865372,0.166961172827476,"Locomotion"
"Locomotion","Elsa",2022-11-04 01:53:54.239998,0.00126680958877412,0.970843890079906,0.00573583230472726,0.0221534680265922,"Locomotion"
"Locomotion","Elsa",2022-11-04 01:53:54.239998,0.00216007276034561,0.983425366508586,0.00285844214902878,0.0115561185820395,"Locomotion"
"Locomotion","Elsa",2022-11-04 01:54:20.160004,0,0.999677883886615,0.000322116113384872,0,"Locomotion"
"Locomotion","Elsa",2022-11-04 01:54:20.160004,0.0304537776911583,0.423006669698347,0.206978821542259,0.339560731068234,"Locomotion"
"Locomotion","Elsa",2022-11-04 01:54:28.799999,0.0432961952402607,0.46650804478226,0.126664717728838,0.363531042248641,"Locomotion"
"Locomotion","Elsa",2022-11-04 01:54:37.440005,0.0034106412005457,0.904506918729293,0.022551917538275,0.0695305225318868,"Locomotion"
"Locomotion","Elsa",2022-11-04 01:54:37.440005,0.0114104896164923,0.814860109573616,0.0177033933173087,0.156026007492583,"Locomotion"
"Locomotion","Elsa",2022-11-04 01:54:46.08,0.0595952705775352,0.835643366032179,0.0233233720955413,0.0814379912947444,"Locomotion"
"Locomotion","Elsa",2022-11-04 01:54:46.08,0.013699950193811,0.968167348794907,0.00680828948223219,0.01132441152905,"Locomotion"
"Locomotion","Elsa",2022-11-04 01:54:46.08,0.00751423807358323,0.917127915286169,0.0156645877996492,0.0596932588405985,"Locomotion"
"Locomotion","Elsa",2022-11-04 01:54:54.719995,0.0638212174364971,0.66251867732086,0.0476255440784772,0.226034561164166,"Locomotion"
"Locomotion","Elsa",2022-11-04 01:55:03.360001,0.0582494207323675,0.719629052166569,0.038828796639165,0.183292730461898,"Locomotion"
"Locomotion","Elsa",2022-11-04 01:55:11.999996,0.0466981744949003,0.60622793910652,0.0661095952705776,0.280964291128002,"Locomotion"
"Locomotion","Elsa",2022-11-04 01:55:29.279997,0.0459759847549752,0.811393707096299,0.0374715779899955,0.10515873015873,"Locomotion"
"Locomotion","Elsa",2022-11-04 01:55:29.279997,0.0652423179367245,0.621305680071028,0.0539612161372052,0.259490785855042,"Locomotion"
"Locomotion","Elsa",2022-11-04 01:55:37.920003,0.0148552372290435,0.904388358344702,0.0151865566599537,0.0655698477663007,"Locomotion"
"Locomotion","Elsa",2022-11-04 01:55:46.559998,0.0930579917278417,0.597096624006583,0.0569355118127287,0.252909872452847,"Locomotion"
"Locomotion","Elsa",2022-11-04 01:55:55.200003,0.0672053314277052,0.696814569393014,0.0454757573788952,0.190504341800386,"Locomotion"
"Locomotion","Elsa",2022-11-04 01:55:55.200003,0.00300136425648022,0.936016371077763,0.00911778080945885,0.0518644838562983,"Locomotion"
"Locomotion","Elsa",2022-11-04 01:56:12.480004,0.0571017128998029,0.797401957599775,0.0240710063015656,0.121425323198857,"Locomotion"
"Locomotion","Elsa",2022-11-04 01:56:12.480004,0.0428571428571429,0.713342644925182,0.0308895818445614,0.212910630373113,"Locomotion"
"Locomotion","Elsa",2022-11-04 01:56:29.759995,0.00270739946729033,0.964937525715152,0.00720349076420018,0.0251515840533576,"Locomotion"
"Locomotion","Elsa",2022-11-04 01:56:47.039996,0.0538047597392754,0.411131141861019,0.150267437579852,0.384796660819853,"Locomotion"
"Locomotion","Elsa",2022-11-04 01:56:55.680001,0.0128034387925247,0.79479092228069,0.0122793910652028,0.180126247861582,"Locomotion"
"Locomotion","Elsa",2022-11-04 01:56:55.680001,0.0736146300266355,0.742827908789709,0.0368300526213214,0.146727408562334,"Locomotion"
"Locomotion","Elsa",2022-11-04 01:57:04.319997,0.0139576430845189,0.964248901015613,0.00744494250633405,0.0143485133935339,"Locomotion"
"Locomotion","Elsa",2022-11-04 01:57:04.319997,0.0567714762121311,0.520819528357045,0.0981441780896079,0.324264817341216,"Locomotion"
"Locomotion","Elsa",2022-11-04 20:07:00.48,0.0156754152320319,0.76552004157734,0.164060503692154,0.0547440394984733,"Locomotion"
"Foraging","Meeka",2022-11-03 13:38:33.907201,0.323500400614998,0.0519391931397388,0.498597847506442,0.125962558738821,"Stationary"
"Foraging","Meeka",2022-11-03 13:38:35.894396,0.24200231707053,0.0363298252452413,0.566478810714827,0.155189046969402,"Stationary"
"Foraging","Meeka",2022-11-03 13:38:37.968001,0.473479828493471,0.0814212087745512,0.307605188505598,0.13749377422638,"Foraging"
"Foraging","Meeka",2022-11-03 13:38:39.955196,0.338130427250482,0.0586153879469023,0.513597630957795,0.0896565538448213,"Stationary"
"Foraging","Meeka",2022-11-03 13:38:41.942401,0.294282032958704,0.0604316897290976,0.552930985945993,0.0923552913662054,"Stationary"
"Foraging","Meeka",2022-11-03 13:38:44.015997,0.250473158795123,0.0624834881656164,0.599834340284545,0.0872090127547154,"Stationary"
"Foraging","Meeka",2022-11-03 13:38:46.003202,0.208469758981355,0.0653246064228329,0.633926676627905,0.0922789579679075,"Stationary"
"Foraging","Meeka",2022-11-03 13:38:48.076798,0.234481582537517,0.0850094198661729,0.586961605924771,0.093547391671539,"Stationary"
"Foraging","Meeka",2022-11-03 13:38:50.064003,0.184083674397453,0.0544170510405163,0.676986833842223,0.0845124407198077,"Stationary"
"Foraging","Meeka",2022-11-03 13:38:52.137599,0.146037159747937,0.0167987613417354,0.713049221507612,0.124114857402716,"Stationary"
"Foraging","Meeka",2022-11-03 13:38:54.124804,0.0467685528053877,0.00405108382598151,0.8091670456268,0.140013317741831,"Stationary"
"Foraging","Meeka",2022-11-03 13:39:09.331199,0.155426167738583,0.0278476147166461,0.217273002880097,0.599453214664675,"TreeMovement"
"Foraging","Meeka",2022-11-03 13:39:19.008002,0.351584053357587,0.00444411962147296,0.425182442235648,0.218789384785292,"Stationary"
"Foraging","Meeka",2022-11-03 13:39:26.179196,0.262096948829554,0.0129165854609238,0.543214448125771,0.18177201758375,"Stationary"
"Foraging","Meeka",2022-11-03 13:39:28.166401,0.234822105285952,0.016538902964551,0.609053898958401,0.139585092791096,"Stationary"
"Foraging","Meeka",2022-11-03 13:39:30.239997,0.397538924619416,0.00272851296043656,0.461736395331211,0.137996167088937,"Stationary"
"Foraging","Meeka",2022-11-03 13:39:32.227202,0.558048571861669,0.0276408107581368,0.335577860066264,0.0787327573139306,"Foraging"
"Foraging","Meeka",2022-11-03 13:39:34.214397,0.486326577015527,0.0737077459451266,0.360652569349705,0.0793131076896425,"Foraging"
"Foraging","Meeka",2022-11-03 13:39:36.288003,0.493788843413673,0.0634552502219624,0.364589423764048,0.0781664826003162,"Foraging"
"Foraging","Meeka",2022-11-03 13:39:38.275198,0.553810173455467,0.0472509149180363,0.330134909807488,0.0688040018190086,"Foraging"
"Foraging","Meeka",2022-11-03 13:39:40.348804,0.458187162996167,0.084703003529743,0.376280885250871,0.0808289482232183,"Foraging"
"Foraging","Meeka",2022-11-03 13:39:42.335999,0.445015050131012,0.0891882673942701,0.375589012321618,0.0902076701530999,"Foraging"
"Foraging","Meeka",2022-11-03 13:39:44.323204,0.456952835704541,0.0349910132311224,0.198084627211503,0.309971523852834,"Foraging"
"Foraging","Meeka",2022-11-03 13:39:52.358404,0.389362047684012,0.112927954264926,0.417030468394725,0.0806795296563373,"Stationary"
"Foraging","Meeka",2022-11-03 13:39:54.432,0.192859308343619,0.00244050325905715,0.607261958899066,0.197438229498257,"Stationary"
"Foraging","Meeka",2022-11-03 13:39:56.419195,0.517744537560363,0.0522477749626454,0.336203144286364,0.0938045431906278,"Foraging"
"Foraging","Meeka",2022-11-03 13:39:58.492801,0.396251542909114,0.0424944238723229,0.490163277680331,0.0710907555382317,"Stationary"
"Foraging","Meeka",2022-11-03 13:40:00.479996,0.570873665518959,0.0234403083652743,0.271614261893934,0.134071764221832,"Foraging"
"Foraging","Meeka",2022-11-03 13:40:02.467201,0.64094555966998,0.00698261114359341,0.245776218627515,0.106295610558912,"Foraging"
"Foraging","Meeka",2022-11-03 13:40:04.540797,0.569233850884601,0.00166742458693345,0.297579527490851,0.131519197037615,"Foraging"
"Foraging","Meeka",2022-11-03 13:40:06.528002,0.721670564542324,0.0522840468611274,0.125978799887395,0.100066588709154,"Foraging"
"Foraging","Meeka",2022-11-03 13:40:08.601597,0.770283029082483,0.047434981268542,0.132182918642673,0.0500990710063016,"Foraging"
"Foraging","Meeka",2022-11-03 13:40:10.588802,0.73122198401871,0.0279629268715217,0.172689967301154,0.0681251218086143,"Foraging"
"Foraging","Meeka",2022-11-03 13:40:12.575997,0.708576409190325,0.00460815522207064,0.191427921782628,0.0953875138049763,"Foraging"
"Foraging","Meeka",2022-11-03 13:40:14.649603,0.469173758634877,0.0417516620108707,0.416066826912666,0.073007752441586,"Foraging"
"Foraging","Meeka",2022-11-03 13:40:16.982401,0.311226423265987,0.0194060070594859,0.566135039736677,0.103232529937851,"Stationary"
"Foraging","Meeka",2022-11-03 13:40:19.5744,0.26889657636588,0.0675767123584313,0.564421598562117,0.0991051127135711,"Stationary"
"Foraging","Meeka",2022-11-03 13:40:21.561595,0.22229260053271,0.0331135364559648,0.632636046687889,0.111957816323437,"Stationary"
"Foraging","Meeka",2022-11-03 13:40:23.635201,0.166302864938608,0.00776651724809979,0.651274930163061,0.174655687650231,"Stationary"
"Foraging","Meeka",2022-11-03 13:40:34.608004,0.712715736590225,0.0216359167586998,0.186133307347496,0.0795150393035796,"Foraging"
"Foraging","Meeka",2022-11-03 13:40:36.6816,0.664178522705125,0.10418967496048,0.0594155351999827,0.172216267134412,"Foraging"
"Foraging","Meeka",2022-11-03 13:40:38.668805,0.70373329868555,0.00801392407804413,0.189211546373893,0.0990412308625133,"Foraging"
"Foraging","Meeka",2022-11-03 13:40:40.742401,0.746445895320384,0.067740747959029,0.144557591112843,0.0412557656077438,"Foraging"
"Foraging","Meeka",2022-11-03 13:40:42.729596,0.656673487949068,0.0573269234933628,0.231724918252886,0.054274670304684,"Foraging"
"Foraging","Meeka",2022-11-03 13:40:44.716801,0.635498278438251,0.0819679941098768,0.225070919682107,0.0574628077697655,"Foraging"
"Foraging","Meeka",2022-11-03 13:40:46.790396,0.653569804456571,0.0682019965785314,0.225643149483532,0.052585049481366,"Foraging"
"Foraging","Meeka",2022-11-03 13:40:48.777601,0.635931375733558,0.0802139500638819,0.227746919595487,0.0561077546070725,"Foraging"
"Foraging","Meeka",2022-11-03 13:40:50.851197,0.641655839234284,0.0786547998007752,0.216059247709998,0.0636301132549427,"Foraging"
"Foraging","Meeka",2022-11-03 13:40:52.838402,0.64409688386496,0.0800147253080404,0.207724831633426,0.0681635591935728,"Foraging"
"Foraging","Meeka",2022-11-03 13:40:54.825597,0.643244764936443,0.0598800320491999,0.237265856774725,0.0596093462396327,"Foraging"
"Foraging","Meeka",2022-11-03 13:40:56.812802,0.664936442971914,0.0875592801922952,0.182444942506334,0.0650593343294571,"Foraging"
"Foraging","Meeka",2022-11-03 13:40:58.886398,0.610957902942896,0.0697719742740207,0.242049416401395,0.0772207063816887,"Foraging"
"Foraging","Meeka",2022-11-03 13:41:00.873603,0.643476471989432,0.0748976807639836,0.220592152277009,0.0610336949695749,"Foraging"
"Foraging","Meeka",2022-11-03 13:41:02.947199,0.590479438705905,0.0902818380649213,0.23951363173737,0.0797250914918037,"Foraging"
"Foraging","Meeka",2022-11-03 13:41:04.934404,0.600764958097837,0.0790001948937829,0.250339440005197,0.0698954070031833,"Foraging"
"Foraging","Meeka",2022-11-03 13:41:07.267201,0.596499491110678,0.0754774897680764,0.241782520193161,0.0862404989280842,"Foraging"
"Foraging","Meeka",2022-11-03 13:41:09.254396,0.61493211199896,0.0859454513956561,0.211569111500899,0.0875533251044847,"Foraging"
"Foraging","Meeka",2022-11-03 13:41:11.241601,0.556413629571883,0.0623140388488274,0.316209207648498,0.0650631239307911,"Foraging"
"Foraging","Meeka",2022-11-03 13:41:13.401598,0.59392797591979,0.0731420126031313,0.266680200957145,0.0662498105199333,"Foraging"
"Foraging","Meeka",2022-11-03 13:41:15.388803,0.525966348340155,0.0626004244353494,0.33215368457524,0.0792795426492562,"Foraging"
"Foraging","Meeka",2022-11-03 13:41:17.462399,0.554156109920093,0.0803141038134217,0.277640269386518,0.0878895168799671,"Foraging"
"Foraging","Meeka",2022-11-03 13:41:19.449604,0.496081010849087,0.0617726672296931,0.34679237315663,0.09535394876459,"Foraging"
"Foraging","Meeka",2022-11-03 13:41:21.523199,0.492193962623703,0.0771649451049178,0.330651378332142,0.0999897139392365,"Foraging"
"Foraging","Meeka",2022-11-03 13:41:23.510404,0.418139738842331,0.052887676216462,0.41753989908833,0.111432685852877,"Foraging"
"Foraging","Meeka",2022-11-03 13:41:25.497599,0.444413586262154,0.0550964724225297,0.387280473808441,0.113209467506875,"Foraging"
"Foraging","Meeka",2022-11-03 13:41:27.571195,0.315562268563633,0.00616135039736677,0.514899088330193,0.163377292708807,"Stationary"
"Foraging","Meeka",2022-11-03 13:41:37.334399,0.640366833409125,0.0448802485978475,0.250089326317157,0.06466359167587,"Foraging"
"Foraging","Meeka",2022-11-03 13:41:39.408005,0.592006648043483,0.0591074947486953,0.280403430130579,0.0684824270772429,"Foraging"
"Foraging","Meeka",2022-11-03 13:41:41.3952,0.558549881980987,0.0875105567465731,0.269444985816063,0.0844945754563763,"Foraging"
"Foraging","Meeka",2022-11-03 13:41:43.382405,0.616755992983824,0.00973710994174841,0.289089737759588,0.0844171593148401,"Foraging"
"Foraging","Meeka",2022-11-03 13:41:48.739195,0.728202754498798,0.045704757573789,0.151655514411313,0.0744369735161004,"Foraging"
"Foraging","Meeka",2022-11-03 13:41:50.7264,0.622915719266333,0.0546612096407458,0.255722298014249,0.0667007730786721,"Foraging"
"Foraging","Meeka",2022-11-03 13:41:52.799996,0.609284523268152,0.0892110050022738,0.232035124190649,0.0694693475389246,"Foraging"
"Foraging","Meeka",2022-11-03 13:41:54.787201,0.61033640832413,0.0536872820979233,0.260869659368977,0.0751066502089695,"Foraging"
"Foraging","Meeka",2022-11-03 13:41:57.638403,0.596806448818727,0.0734787457502328,0.256144026505554,0.0735707789254856,"Foraging"
"Foraging","Meeka",2022-11-03 13:41:59.711998,0.599325992334178,0.0476379956257173,0.267860391086858,0.0851756209532472,"Foraging"
"Foraging","Meeka",2022-11-03 13:42:01.699203,0.520552090777193,0.0821369020550467,0.324714697156716,0.072596310011044,"Foraging"
"Foraging","Meeka",2022-11-03 13:42:03.686399,0.535820394551636,0.0889229953008944,0.28662433140605,0.0886322787414193,"Foraging"
"Foraging","Meeka",2022-11-03 13:42:05.760004,0.534627211503064,0.0809296433443773,0.300428224950735,0.0840149202018234,"Foraging"
"Foraging","Meeka",2022-11-03 13:42:07.747199,0.555683319257671,0.091897832348037,0.273247038697243,0.0791718096970484,"Foraging"
"Foraging","Meeka",2022-11-03 13:42:09.734404,0.432432490959094,0.00547380844106629,0.287039022066307,0.275054678533533,"Foraging"
"Foraging","Meeka",2022-11-03 13:42:50.256001,0.654219450399532,0.0151058922887027,0.186082418415297,0.144592238896468,"Foraging"
"Foraging","Meeka",2022-11-03 13:42:52.243196,0.224173866909201,0.0209586608631629,0.20018731458022,0.554680157647416,"TreeMovement"
"Foraging","Meeka",2022-11-03 13:43:05.203204,0.44786158210442,0.0905357413542952,0.308056151064337,0.153546525476948,"Foraging"
"Foraging","Meeka",2022-11-03 13:43:07.190399,0.397529179930271,0.106204660126897,0.351529916195673,0.144736243747158,"Foraging"
"Foraging","Meeka",2022-11-03 13:43:09.263995,0.416753286125728,0.130254011563698,0.298151757292276,0.154840945018298,"Foraging"
"Foraging","Meeka",2022-11-03 13:43:11.2512,0.426454665540614,0.127341973624375,0.308123281145109,0.138080079689902,"Foraging"
"Foraging","Meeka",2022-11-03 13:43:13.238395,0.382793585829056,0.0773338530500877,0.397373264903961,0.142499296216895,"Stationary"
"Foraging","Meeka",2022-11-03 13:43:15.312001,0.387811017995192,0.0852487061218303,0.387580393685441,0.139359882197536,"Foraging"
"Foraging","Meeka",2022-11-03 13:43:17.299196,0.388961974057472,0.098737521384179,0.336009333246714,0.176291171311635,"Foraging"
"Foraging","Meeka",2022-11-03 13:43:19.286401,0.347741397604972,0.0927808094588449,0.412514346347907,0.146963446588276,"Stationary"
"Foraging","Meeka",2022-11-03 13:43:21.359997,0.363362134303471,0.125298837133762,0.382814157950584,0.128524870612183,"Stationary"
"Foraging","Meeka",2022-11-03 13:43:23.433602,0.34304662292384,0.0767984365187639,0.457005890123216,0.12314905043418,"Stationary"
"Foraging","Meeka",2022-11-03 13:43:25.420797,0.329712639944564,0.0900522964984084,0.473657939756166,0.106577123800862,"Stationary"
"Foraging","Meeka",2022-11-03 13:43:27.494403,0.335640117802464,0.11491966045172,0.402289460577319,0.147150761168496,"Stationary"
"Foraging","Meeka",2022-11-03 13:43:29.567999,0.31702072370558,0.0855134368435869,0.458637584183287,0.138828255267546,"Stationary"
"Foraging","Meeka",2022-11-03 13:43:31.555204,0.326831460187531,0.0932263583013924,0.445022087962061,0.134920093549016,"Stationary"
"Foraging","Meeka",2022-11-03 13:43:33.542399,0.320378310487451,0.0687103445288984,0.455906905736374,0.155004439247277,"Stationary"
"Foraging","Meeka",2022-11-03 13:43:35.616004,0.149934494034085,0.0357175339440005,0.357383226141753,0.456964745880162,"TreeMovement"
"Foraging","Meeka",2022-11-03 13:44:28.751997,0.130216656921978,0.0380844106628554,0.657068689231036,0.174630243184131,"Stationary"
"Stationary","Meeka",2022-11-03 13:57:50.284805,0.0177391238441716,0.008731241473397,0.915380367699604,0.0581492669828277,"Stationary"
"Stationary","Meeka",2022-11-03 13:57:54.431996,0.0178381948504732,0.00804478226033478,0.930090517334719,0.0440265055544728,"Stationary"
"Stationary","Meeka",2022-11-03 13:57:58.579197,0.0218362242577795,0.0146949912297798,0.929022391130168,0.0344463933822733,"Stationary"
"Stationary","Meeka",2022-11-03 13:58:02.726399,0.0260194027588298,0.026226206717339,0.909346239632734,0.0384081508910977,"Stationary"
"Stationary","Meeka",2022-11-03 13:58:06.787199,0.0309572532969532,0.0127493016306113,0.874990796682475,0.0813026483899608,"Stationary"
"Stationary","Meeka",2022-11-03 13:58:10.675199,0.0247146971567163,0.00752939647891899,0.88172870785422,0.0860271985101453,"Stationary"
"Stationary","Meeka",2022-11-03 13:58:14.736,0.0295946209315923,0.00927261309253124,0.922668853808008,0.0384639121678685,"Stationary"
"Stationary","Meeka",2022-11-03 13:58:18.796801,0.0333528227116222,0.0233076723185864,0.874302171982936,0.0690373329868555,"Stationary"
"Stationary","Meeka",2022-11-03 13:58:22.771201,0.0374732021048529,0.00818553888130969,0.916203252560688,0.0381380064531497,"Stationary"
"Stationary","Meeka",2022-11-03 13:58:26.832001,0.0297007297689426,0.0266993655124624,0.895715043634552,0.0478848610840425,"Stationary"
"Stationary","Meeka",2022-11-03 13:58:30.720001,0.0232995517442994,0.00181900864029104,0.950530544186751,0.024350895428658,"Stationary"
"Stationary","Meeka",2022-11-03 13:58:34.780802,0.0247390588795773,0.0144871045280322,0.907356698932415,0.0534171376599753,"Stationary"
"Stationary","Meeka",2022-11-03 13:58:38.928003,0.0310703999653522,0.0155184174624829,0.838342644925183,0.115068537646982,"Stationary"
"Stationary","Meeka",2022-11-03 13:58:42.988804,0.0241830702267264,0.00469910565408519,0.931494293943134,0.0396235301760541,"Stationary"
"Stationary","Meeka",2022-11-03 13:58:47.049604,0.0304196712791529,0.00630156564672254,0.921850299919877,0.0414284631542476,"Stationary"
"Stationary","Meeka",2022-11-03 13:58:51.110395,0.0217712596634834,0.0104365620736698,0.915595833604019,0.0521963446588276,"Stationary"
"Stationary","Meeka",2022-11-03 13:58:55.257596,0.023306048203729,0.00805560969271747,0.91445732908898,0.0541810130145737,"Stationary"
"Stationary","Meeka",2022-11-03 13:58:59.318397,0.033239134671604,0.0130513869940882,0.906816410056519,0.0468930682777886,"Stationary"
"Stationary","Meeka",2022-11-03 13:59:03.379198,0.0308024210138808,0.0120769180796466,0.896566621191451,0.060554039715022,"Stationary"
"Stationary","Meeka",2022-11-03 13:59:07.439999,0.049217718010351,0.121671647285563,0.665898460339115,0.163212174364971,"Stationary"
"Stationary","Meeka",2022-11-03 13:59:38.544004,0.00475216007276035,0.00453236319539185,0.981779596786418,0.00893587994542974,"Stationary"
"Stationary","Meeka",2022-11-03 13:59:42.691195,0.00561673054851772,0.00539206132657702,0.983208276489313,0.00578293163559194,"Stationary"
"Stationary","Meeka",2022-11-03 13:59:46.665596,0.0111111111111111,0.0111560449554993,0.964693908486542,0.0130389354468481,"Stationary"
"Stationary","Meeka",2022-11-03 13:59:50.726397,0.0184174624829468,0.0235139349054765,0.950228458823275,0.00784014378830204,"Stationary"
"Stationary","Meeka",2022-11-03 13:59:54.787197,0.0202857359405791,0.0203442040754455,0.949380129496091,0.00998993048788411,"Stationary"
"Stationary","Meeka",2022-11-03 13:59:58.761597,0.0173569154810628,0.0852075618787761,0.827555815413933,0.0698797072262284,"Stationary"
"Stationary","Meeka",2022-11-03 14:00:17.5968,0.0337160830680612,0.048185322332662,0.89329078152407,0.0248078130752073,"Stationary"
"Stationary","Meeka",2022-11-03 14:00:21.657601,0.0233336581563048,0.0206733580198792,0.931748197232508,0.0242447865913077,"Stationary"
"Stationary","Meeka",2022-11-03 14:00:25.718401,0.0164392905866303,0.00981831568461855,0.953855107299855,0.0198872864288962,"Stationary"
"Stationary","Meeka",2022-11-03 14:00:29.606401,0.0178950388704823,0.0116221659195738,0.949419649624288,0.0210631455856558,"Stationary"
"Stationary","Meeka",2022-11-03 14:00:33.753602,0.0233980813789818,0.0141882673942701,0.933125446631586,0.0292882045951623,"Stationary"
"Stationary","Meeka",2022-11-03 14:00:37.728002,0.0239968383897443,0.0139040472942246,0.945899109985058,0.0162000043309729,"Stationary"
"Stationary","Meeka",2022-11-03 14:00:41.875204,0.0117667121418827,0.00804911323328786,0.951785443599905,0.0283987310249247,"Stationary"
"Stationary","Meeka",2022-11-03 14:00:45.936004,0.0202981874878191,0.0187130513869941,0.939391823123065,0.0215969380021222,"Stationary"
"Stationary","Meeka",2022-11-03 14:00:49.996795,0.0183817319560839,0.0203274215552524,0.933986768877628,0.0273040776110353,"Stationary"
"Stationary","Meeka",2022-11-03 14:00:54.057596,0.0147848589185561,0.0135169665865437,0.94000140756621,0.0316967669286905,"Stationary"
"Stationary","Meeka",2022-11-03 14:00:58.118397,0.0218205244808246,0.0305653002447,0.923335823642781,0.0242783516316941,"Stationary"
"Stationary","Meeka",2022-11-03 14:01:02.179197,0.0188002122176747,0.00225643690855151,0.955511704454406,0.0234316464193681,"Stationary"
"Stationary","Meeka",2022-11-03 14:01:06.153597,0.0165984538426558,0.00707464431884623,0.954613027566643,0.0217138742718552,"Stationary"
"Stationary","Meeka",2022-11-03 14:01:10.300799,0.0185500985296347,0.0169849931787176,0.938505056410923,0.025959851880725,"Stationary"
"Stationary","Meeka",2022-11-03 14:01:14.275199,0.0232199701162866,0.0187698954070032,0.936814352844367,0.0211957816323437,"Stationary"
"Stationary","Meeka",2022-11-03 14:01:18.336,0.0187558197449057,0.0147567075943611,0.949984841594664,0.016502631066069,"Stationary"
"Stationary","Meeka",2022-11-03 14:01:22.396801,0.0261715281838065,0.0448797072262284,0.911141969293402,0.0178067952965634,"Stationary"
"Stationary","Meeka",2022-11-03 14:01:26.371201,0.0201341518872215,0.024746096710626,0.933008510361853,0.0221112410402997,"Stationary"
"Stationary","Meeka",2022-11-03 14:01:30.432001,0.0196793997271487,0.0130513869940882,0.942192338508846,0.0250768747699171,"Stationary"
"Stationary","Meeka",2022-11-03 14:01:34.406401,0.0206067693107257,0.0109140518417462,0.947655319517529,0.0208238593299985,"Stationary"
"Stationary","Meeka",2022-11-03 14:01:38.467202,0.0202445916975248,0.0198954070031833,0.93793174386626,0.0219282574330323,"Stationary"
"Stationary","Meeka",2022-11-03 14:01:42.441602,0.0239161740184933,0.0217371532514779,0.933704714264059,0.0206419584659694,"Stationary"
"Stationary","Meeka",2022-11-03 14:01:46.588804,0.0196988891054375,0.0232302561770502,0.940160570822235,0.0169102838952771,"Stationary"
"Stationary","Meeka",2022-11-03 14:01:50.649604,0.0220603521081011,0.0203193009809654,0.938164533662487,0.0194558132484463,"Stationary"
"Stationary","Meeka",2022-11-03 14:01:54.710395,0.0267778643972368,0.0209034409580112,0.93252290001949,0.0197957946252626,"Stationary"
"Stationary","Meeka",2022-11-03 14:01:58.857596,0.0181262045518526,0.0182582992269213,0.935476082201867,0.0281394140193594,"Stationary"
"Stationary","Meeka",2022-11-03 14:02:03.004798,0.0203117217782975,0.0144762770956495,0.931345958119492,0.0338660430065614,"Stationary"
"Stationary","Meeka",2022-11-03 14:02:07.065598,0.0228188137465082,0.0199484614218584,0.929842569133156,0.0273901556984777,"Stationary"
"Stationary","Meeka",2022-11-03 14:02:11.126399,0.02765759327833,0.0313389202884428,0.922555707139609,0.0184477792936183,"Stationary"
"Stationary","Meeka",2022-11-03 14:02:15.100799,0.0199847333203404,0.00843890079906451,0.951565105350917,0.020011260529678,"Stationary"
"Stationary","Meeka",2022-11-03 14:02:19.1616,0.0265678122090128,0.0201379414885554,0.932281448277355,0.0210127980250763,"Stationary"
"Stationary","Meeka",2022-11-03 14:02:23.136,0.015841074947487,0.0104592996816735,0.946217436497109,0.0274821888737305,"Stationary"
"Stationary","Meeka",2022-11-03 14:02:27.196801,0.024153294787674,0.0261579938933281,0.927862773121982,0.021825938197016,"Stationary"
"Stationary","Meeka",2022-11-03 14:02:31.257602,0.0305837068797505,0.038256025466121,0.909090712228502,0.0220695554256264,"Stationary"
"Stationary","Meeka",2022-11-03 14:02:35.145601,0.0192132787630741,0.0120281946339245,0.948451135797657,0.0203073908053444,"Stationary"
"Stationary","Meeka",2022-11-03 14:02:39.292803,0.0188153706230105,0.0154713181316183,0.94060774377964,0.0251055674657312,"Stationary"
"Stationary","Meeka",2022-11-03 14:02:43.267203,0.0237153251477945,0.0220554797635289,0.933412914961346,0.0208162801273306,"Stationary"
"Stationary","Meeka",2022-11-03 14:02:47.328003,0.0202879014270556,0.0110212434223348,0.945977608869833,0.022713246280777,"Stationary"
"Stationary","Meeka",2022-11-03 14:02:51.388804,0.0219201368587453,0.0234538426557526,0.936169579245977,0.0184564412395245,"Stationary"
"Stationary","Meeka",2022-11-03 14:02:55.449605,0.0364527166027848,0.0430238853158362,0.899160332618723,0.0213630654626562,"Stationary"
"Stationary","Meeka",2022-11-03 14:02:59.510396,0.0183151432469304,0.0267318478096104,0.931762814266225,0.0231901946772342,"Stationary"
"Stationary","Meeka",2022-11-03 14:03:03.571196,0.021059897355941,0.0183654908075099,0.938542952424262,0.022031659412287,"Stationary"
"Stationary","Meeka",2022-11-03 14:03:07.718398,0.0189745338790359,0.00997368933931008,0.950076874769917,0.0209749020117369,"Stationary"
"Stationary","Meeka",2022-11-03 14:03:11.779198,0.018172221139479,0.0126193724420191,0.946235301760541,0.0229731046579614,"Stationary"
"Stationary","Meeka",2022-11-03 14:03:15.9264,0.037768249637281,0.0462948526386453,0.891802550943069,0.0241343467810043,"Stationary"
"Stationary","Meeka",2022-11-03 14:03:19.9008,0.0248094371900647,0.020668485675307,0.928817211286515,0.0257048658481128,"Stationary"
"Stationary","Meeka",2022-11-03 14:03:23.961601,0.015897918967496,0.0131650750341064,0.947814482773555,0.0231225232248425,"Stationary"
"Stationary","Meeka",2022-11-03 14:03:28.022402,0.0182074102947227,0.017962710322874,0.939434050109357,0.0243958292730462,"Stationary"
"Stationary","Meeka",2022-11-03 14:03:31.996802,0.0220408627298123,0.0148054310400832,0.939802724181987,0.0233509820481171,"Stationary"
"Stationary","Meeka",2022-11-03 14:03:36.057602,0.0233341995279239,0.0312983174170077,0.926709651573226,0.0186578314818424,"Stationary"
"Stationary","Meeka",2022-11-03 14:03:40.032002,0.0183719872669395,0.0184434483206652,0.942922648823058,0.0202619155893371,"Stationary"
"Stationary","Meeka",2022-11-03 14:03:44.092803,0.0263577600207887,0.0168745533684142,0.927699820264622,0.0290678663461747,"Stationary"
"Stationary","Meeka",2022-11-03 14:03:48.153604,0.0232898070551549,0.0158286234002469,0.933105957253297,0.0277756122913012,"Stationary"
"Stationary","Meeka",2022-11-03 14:03:52.214405,0.0183524978886507,0.0191255765607744,0.946928798804651,0.0155931267459235,"Stationary"
"Stationary","Meeka",2022-11-03 14:03:56.275195,0.0191223283310596,0.0245371272656402,0.934058229931354,0.0222823144719461,"Stationary"
"Stationary","Meeka",2022-11-03 14:04:00.335996,0.0223667684445311,0.0211990298620585,0.933958076181814,0.0224761255115962,"Stationary"
"Stationary","Meeka",2022-11-03 14:04:04.396797,0.0278930899326534,0.0102579094393556,0.938690205504666,0.0231587951233244,"Stationary"
"Stationary","Meeka",2022-11-03 14:04:08.371197,0.0221610472292601,0.0141427921782628,0.941562723315793,0.0221334372766842,"Stationary"
"Stationary","Meeka",2022-11-03 14:04:12.431998,0.0216261720695554,0.0146202819463392,0.942136035860456,0.0216175101236493,"Stationary"
"Stationary","Meeka",2022-11-03 14:04:16.492798,0.0185766257389723,0.0111755343337881,0.951296585027826,0.0189512548994131,"Stationary"
"Stationary","Meeka",2022-11-03 14:04:20.553599,0.0285400290175188,0.0238972260118236,0.927109183828147,0.0204535611425107,"Stationary"
"Stationary","Meeka",2022-11-03 14:04:24.6144,0.021108079430044,0.0259132939214795,0.927982416249811,0.0249962103986661,"Stationary"
"Stationary","Meeka",2022-11-03 14:04:28.675201,0.0184337036315208,0.0104365620736698,0.951541284999675,0.0195884492951342,"Stationary"
"Stationary","Meeka",2022-11-03 14:04:32.822402,0.0204638472032742,0.0177467030468395,0.934365187639403,0.0274242621104831,"Stationary"
"Stationary","Meeka",2022-11-03 14:04:39.907196,0.0204411095952706,0.0143398514476277,0.944092552892007,0.0211264860650945,"Stationary"
"Stationary","Meeka",2022-11-03 14:04:44.054397,0.0254444660993092,0.0174852205547976,0.931037917668204,0.026032395677689,"Stationary"
"Stationary","Meeka",2022-11-03 14:04:48.028797,0.0231560882652288,0.017587539790814,0.932494207323675,0.0267621646202819,"Stationary"
"Stationary","Meeka",2022-11-03 14:04:52.089598,0.0238365923904805,0.0227673834426904,0.926996578531367,0.026399445635462,"Stationary"
"Stationary","Meeka",2022-11-03 14:04:56.063998,0.0251672838303125,0.0186675761709868,0.931376816301782,0.0247883236969185,"Stationary"
"Stationary","Meeka",2022-11-03 14:05:00.124799,0.032420580783473,0.0312263149916629,0.909934710582733,0.0264183936421317,"Stationary"
"Stationary","Meeka",2022-11-03 14:05:04.1856,0.0265921739318738,0.0290927694406548,0.92113568938262,0.0231793672448516,"Stationary"
"Stationary","Meeka",2022-11-03 14:05:08.2464,0.0338790359254206,0.0379035925420646,0.905357413542953,0.0228599579895623,"Stationary"
"Stationary","Meeka",2022-11-03 14:05:12.307201,0.0252062625868901,0.00804911323328786,0.939390199008207,0.0273544251716148,"Stationary"
"Stationary","Meeka",2022-11-03 14:05:16.368002,0.0439826544533229,0.0681148357478508,0.712350310747309,0.175552199051517,"Stationary"
"Foraging","Meeka",2022-11-03 14:55:51.340797,0.0754412178695944,0.0226823880984863,0.616106347040863,0.285770046991056,"Stationary"
"Foraging","Meeka",2022-11-03 14:55:53.414403,0.0476666883215314,0.0980007146105373,0.329175057926763,0.525157539141168,"TreeMovement"
"Foraging","Meeka",2022-11-03 14:55:55.401598,0.183498451677169,0.103852400441759,0.197931960414907,0.514717187466164,"TreeMovement"
"Foraging","Meeka",2022-11-03 14:55:57.388803,0.0578650468827822,0.042910197275818,0.670861213971718,0.228363541869681,"Stationary"
"Foraging","Meeka",2022-11-03 14:55:59.375998,0.136411572359731,0.0504520453019771,0.415958552588839,0.397177829749453,"Stationary"
"Foraging","Meeka",2022-11-03 14:56:01.449604,0.165563351306871,0.177040971004136,0.462150544619849,0.195245133069144,"Stationary"
"TreeMovement","Meeka",2022-11-03 14:56:03.436799,0.0380194460685593,0.132034041447411,0.360685593018471,0.469260919465558,"TreeMovement"
"TreeMovement","Meeka",2022-11-03 17:53:44.246395,0.0241218952337643,0.709445310639035,0.0573285476082202,0.20910424651898,"Locomotion"
"TreeMovement","Meeka",2022-11-03 17:53:46.2336,0.0381423374261028,0.0470516901621949,0.191129084648866,0.723676887762836,"TreeMovement"
"TreeMovement","Meeka",2022-11-03 18:12:31.939203,0.0160235171831352,0.543285367807878,0.213580848437602,0.227110266571385,"Locomotion"
"TreeMovement","Meeka",2022-11-03 18:12:34.012798,0.00872745187206306,0.608362026029147,0.173198315251521,0.209712206847268,"Locomotion"
"TreeMovement","Meeka",2022-11-03 18:12:38.851205,0.0257508824357392,0.0678880010394335,0.833811905844648,0.0725492106801793,"Stationary"
"TreeMovement","Meeka",2022-11-03 18:12:40.8384,0.00623172870785422,0.00893587994542974,0.884252582342624,0.100579809004093,"Stationary"
"TreeMovement","Meeka",2022-11-03 18:12:42.825605,0.0295188289049135,0.0212959353818835,0.896941250351892,0.0522439853613114,"Stationary"
"TreeMovement","Meeka",2022-11-03 18:12:44.899201,0.0166141536196106,0.00570064314948353,0.908415080447822,0.0692701227830832,"Stationary"
"TreeMovement","Meeka",2022-11-03 18:12:46.886396,0.0171365772320752,0.026722103120466,0.875573853916283,0.0805674657311765,"Stationary"
"TreeMovement","Meeka",2022-11-03 18:12:48.960001,0.0501315533034496,0.249446176833626,0.188129344507244,0.512292925355681,"TreeMovement"
"TreeMovement","Meeka",2022-11-03 18:13:04.5984,0.0206138071417744,0.334667814374499,0.167157690725221,0.477560687758505,"TreeMovement"
"TreeMovement","Meeka",2022-11-03 18:13:07.017598,0.0252815132419498,0.180793217696356,0.134098832802789,0.659826436258906,"TreeMovement"
"TreeMovement","Meeka",2022-11-03 18:13:13.9296,0.129532363195392,0.0410289308993265,0.0518812663764915,0.77755743952879,"TreeMovement"
"TreeMovement","Meeka",2022-11-03 18:13:15.916795,0.13492388315035,0.00417018558219104,0.182881829402975,0.678024101864484,"TreeMovement"
"TreeMovement","Meeka",2022-11-03 18:13:17.990401,0.0895233764265143,0.0252192555057494,0.276796812403907,0.60846055566383,"TreeMovement"
"TreeMovement","Meeka",2022-11-03 18:13:19.977596,0.0761607007514238,0.00574016327768033,0.0428977457285779,0.875201390242318,"TreeMovement"
"TreeMovement","Meeka",2022-11-03 18:13:22.483195,0.0994597111241041,0.0173282227852487,0.0365842699062344,0.846627796184413,"TreeMovement"
"TreeMovement","Meeka",2022-11-03 18:13:29.308797,0.038070876372377,0.0322727863314494,0.0393994023257325,0.890256934970441,"TreeMovement"
"TreeMovement","Meeka",2022-11-03 18:13:31.296002,0.103801511509561,0.0647734901145542,0.0446306762814266,0.786794322094459,"TreeMovement"
"TreeMovement","Meeka",2022-11-03 18:13:33.283197,0.0731793672448516,0.0103510253578466,0.0335552956971784,0.882914311700123,"TreeMovement"
"TreeMovement","Meeka",2022-11-03 18:13:35.356802,0.0677634855670326,0.00491186470040495,0.0789216960090084,0.848402953723554,"TreeMovement"
"TreeMovement","Meeka",2022-11-03 18:13:37.6896,0.178548690963425,0.00883626756750904,0.108135732692349,0.704479308776716,"TreeMovement"
"TreeMovement","Meeka",2022-11-03 18:13:39.676795,0.512977219082267,0,0.313584638038935,0.173438142878798,"Foraging"
"TreeMovement","Meeka",2022-11-03 18:13:41.750401,0.35965482145564,0.00162952857359406,0.256480759652656,0.38223489031811,"TreeMovement"
"TreeMovement","Meeka",2022-11-03 18:13:43.737596,0.456661036401827,0.00182279824162498,0.276849866822582,0.264666298533966,"Foraging"
"TreeMovement","Meeka",2022-11-03 18:13:45.724801,0.598099785616839,0.00579646592607029,0.213439009073388,0.182664739383703,"Foraging"
"TreeMovement","Meeka",2022-11-03 18:13:47.798397,0.487310249247493,0.00136425648021828,0.337221464301955,0.174104029970333,"Foraging"
"TreeMovement","Meeka",2022-11-03 18:13:49.785602,0.595298187487819,0.00391249269148314,0.212989670629507,0.187799649191191,"Foraging"
"TreeMovement","Meeka",2022-11-03 18:13:51.859197,0.707485545377769,0.0144714047510773,0.115340847571407,0.162702202299747,"Foraging"
"TreeMovement","Meeka",2022-11-03 18:13:53.846403,0.489615950973386,0.00282325299378505,0.275284220100045,0.232276575932783,"Foraging"
"TreeMovement","Meeka",2022-11-03 18:13:55.919998,0.506814244570043,0.00561185820394552,0.256454232443318,0.231119664782693,"Foraging"
"TreeMovement","Meeka",2022-11-03 18:29:37.593597,0.480259425279889,0.00155915026310661,0.271511942657918,0.246669481799086,"Foraging"
"TreeMovement","Meeka",2022-11-03 18:29:39.580802,0.310856125078499,0.0482676108187704,0.0590825916542151,0.581793672448515,"TreeMovement"
"TreeMovement","Meeka",2022-11-03 18:29:41.567997,0.236344442278958,0.00315078282336127,0.097588189436757,0.662916585460924,"TreeMovement"
"TreeMovement","Meeka",2022-11-03 18:29:43.641603,0.291751662010871,0.0560168041750579,0.133371770718292,0.518859763095779,"TreeMovement"
"TreeMovement","Meeka",2022-11-03 18:29:45.628798,0.146699798609758,0.00437103445288984,0.0598708287316746,0.789058338205678,"TreeMovement"
"TreeMovement","Meeka",2022-11-03 18:29:47.702404,0.160860997423071,0.00417289244028671,0.0669487212802356,0.768017388856406,"TreeMovement"
"TreeMovement","Meeka",2022-11-03 18:29:49.689599,0.428258515775569,0.000692955672491825,0.248318499750969,0.32273002880097,"Foraging"
"TreeMovement","Meeka",2022-11-03 18:29:51.763204,0.16206230104593,0.00773457632257086,0.448789493059616,0.381413629571883,"Stationary"
"TreeMovement","Meeka",2022-11-03 18:29:53.750399,0.168816994737868,0.00450583598605427,0.434852963468243,0.391824205807835,"Stationary"
"TreeMovement","Meeka",2022-11-03 18:33:25.516803,0.161683882284155,0.021402585590853,0.0845671192533403,0.732346412871651,"TreeMovement"
"TreeMovement","Meeka",2022-11-03 18:33:27.503998,0.578351090322441,0.0153392234565495,0.158570454102514,0.247739232118496,"Foraging"
"TreeMovement","Meeka",2022-11-03 18:33:29.491203,0.319158058857923,0.000389787565776652,0.112867862015202,0.567584291561099,"TreeMovement"
"TreeMovement","Meeka",2022-11-03 18:33:31.651199,0.409068515992118,0.000682128240109141,0.260136642196669,0.330112713571104,"Foraging"
"TreeMovement","Meeka",2022-11-03 18:33:33.638404,0.16868435869118,0.00211784577405314,0.176170986812187,0.65302680872258,"TreeMovement"
"TreeMovement","Meeka",2022-11-03 18:33:35.625599,0.0615263431429871,0.0057601940275883,0.0606780138158037,0.872035449013621,"TreeMovement"
"TreeMovement","Meeka",2022-11-03 18:33:37.699205,0.0683227224495983,0.00582624136512267,0.0630540938521839,0.862796942333095,"TreeMovement"
"TreeMovement","Meeka",2022-11-03 18:33:39.7728,0.529524242621105,0.0100489399943697,0.297677515753914,0.162749301630611,"Foraging"
"TreeMovement","Meeka",2022-11-03 18:33:41.846396,0.123823599471621,0.00993200372463674,0.347099872236298,0.519144524567444,"TreeMovement"
"TreeMovement","Meeka",2022-11-03 18:33:43.7472,0.111165789644644,0.0625024361722861,0.404481474263193,0.421850299919877,"TreeMovement"
"TreeMovement","Meeka",2022-11-03 18:38:04.070401,0.218129994153187,0.135582732410836,0.436009874618333,0.210277398817644,"Stationary"
"TreeMovement","Meeka",2022-11-03 18:38:06.143997,0.27690075575478,0.0837463998787328,0.460690465363044,0.178662379003443,"Stationary"
"TreeMovement","Meeka",2022-11-03 18:38:08.131202,0.256069858593733,0.0938743801294961,0.480324389874185,0.169731371402586,"Stationary"
"TreeMovement","Meeka",2022-11-03 18:38:10.118397,0.159891400853202,0.020636544749778,0.333791333723121,0.485680720673899,"TreeMovement"
"TreeMovement","Meeka",2022-11-03 18:40:14.7072,0.707315013317742,0,0.256971242339592,0.0357137443426666,"Foraging"
"TreeMovement","Meeka",2022-11-03 18:40:16.780796,0.784073929708309,0.00136425648021828,0.150349726065961,0.064212087745512,"Foraging"
"TreeMovement","Meeka",2022-11-03 18:40:18.768001,0.541124212304294,0,0.283080512787198,0.175795274908508,"Foraging"
"TreeMovement","Meeka",2022-11-03 18:40:20.841597,0.489325234413911,0.00204638472032742,0.422579527490851,0.0860488533749107,"Foraging"
"TreeMovement","Meeka",2022-11-03 18:40:22.828802,0.264996535221638,0.0140469694016761,0.350148335823643,0.370808159553044,"TreeMovement"
"TreeMovement","Meeka",2022-11-03 18:40:24.815997,0.0837853786353104,0.018906321055025,0.618281578206544,0.27902672210312,"Stationary"
"TreeMovement","Meeka",2022-11-03 18:40:54.624002,0.123301717230776,0.0743682193204703,0.186123562658351,0.616206500790402,"TreeMovement"
"TreeMovement","Meeka",2022-11-03 18:40:56.697598,0.253056042790013,0.0534452889841703,0.374237748760259,0.319260919465558,"Stationary"
"TreeMovement","Meeka",2022-11-03 18:43:17.443204,0.25822884861084,0.00057601940275883,0.590211459754434,0.150983672231967,"Stationary"
"TreeMovement","Meeka",2022-11-03 18:43:19.430399,0.146293769895407,0.00528974209056064,0.349138677753957,0.499277810260075,"TreeMovement"
"TreeMovement","Meeka",2022-11-03 18:43:21.504004,0.0630308148725612,0.0267968124039065,0.349961562615041,0.560210810108491,"TreeMovement"
"TreeMovement","Meeka",2022-11-03 18:43:23.491199,0.0507091968210659,0.0208650035730527,0.463828796639165,0.464597002966717,"TreeMovement"
"TreeMovement","Meeka",2022-11-03 18:43:25.564795,0.103051170445441,0.0516300699452132,0.344299898222136,0.501018861387211,"TreeMovement"
"TreeMovement","Meeka",2022-11-03 18:43:27.552,0.16075542995734,0.0331286948613006,0.278746832976028,0.527369042205331,"TreeMovement"
"TreeMovement","Meeka",2022-11-03 18:43:29.625596,0.354000194893783,0.0390085320167175,0.406262586890145,0.200728686199355,"Stationary"
"TreeMovement","Meeka",2022-11-03 18:43:31.612801,0.516910283895277,0.028444206240932,0.347455553390069,0.107189956473722,"Foraging"
"TreeMovement","Meeka",2022-11-03 18:43:33.599996,0.271982935966565,0.0129755949674094,0.439799475952273,0.275241993113753,"Stationary"
"TreeMovement","Meeka",2022-11-03 18:43:35.673602,0.0618300526213214,0.0307818488923537,0.306088806600403,0.601299291885922,"TreeMovement"
"TreeMovement","Meeka",2022-11-03 18:43:37.660797,0.107628467485221,0.025447714329024,0.335087918750947,0.531835899434808,"TreeMovement"
"TreeMovement","Meeka",2022-11-03 18:43:39.734402,0.192437038480695,0.0162368176010741,0.243604235691548,0.547721908226684,"TreeMovement"
"TreeMovement","Meeka",2022-11-03 18:43:41.721597,0.347309924424522,0.0195792459776089,0.384700838043266,0.248409991554603,"Stationary"
"TreeMovement","Meeka",2022-11-03 18:43:43.708802,0.326719937633989,0.00163277680330886,0.547957404881007,0.123689880681695,"Stationary"
"TreeMovement","Meeka",2022-11-03 18:43:45.782398,0.478981246887113,0.0066994737867862,0.359916303947682,0.154402975378419,"Foraging"
"TreeMovement","Meeka",2022-11-03 18:43:47.769603,0.825164035600598,0.00130362285887525,0.129849065592585,0.0436832759479417,"Foraging"
"TreeMovement","Meeka",2022-11-03 18:43:49.843199,0.200612291301241,0.00110439810303385,0.655267004482557,0.143016306113168,"Stationary"
"TreeMovement","Meeka",2022-11-03 18:43:51.830404,0.68344810411659,0.00418750947400333,0.233161177158449,0.0792032092509582,"Foraging"
"TreeMovement","Meeka",2022-11-03 18:43:53.904,0.703893003313194,0.00709575781199246,0.190936897724074,0.0980743411507395,"Foraging"
"TreeMovement","Meeka",2022-11-03 18:43:55.891205,0.611586435392711,0.00518417462482947,0.272697005132203,0.110532384850257,"Foraging"
"TreeMovement","Meeka",2022-11-03 18:43:57.8784,0.669160765716018,0.0298750514303038,0.20038112561987,0.100583057233808,"Foraging"
"TreeMovement","Meeka",2022-11-03 18:43:59.951995,0.154411095952706,0.0039054548604344,0.334050109357067,0.507633339829793,"TreeMovement"
"TreeMovement","Meeka",2022-11-03 18:44:01.9392,0.25862296714957,0.010328287749843,0.477221789124927,0.25382695597566,"Stationary"
"TreeMovement","Meeka",2022-11-03 18:44:04.012796,0.163559734944455,0.0372885943827281,0.268917148487407,0.530234522185409,"TreeMovement"
"TreeMovement","Meeka",2022-11-03 18:48:55.612804,0.309357608436735,0.0204692609194656,0.483809198986552,0.186363931657247,"Stationary"
"TreeMovement","Meeka",2022-11-03 18:48:57.599999,0.654410013209468,0.0156510535091708,0.286302756664285,0.043636176617077,"Foraging"
"TreeMovement","Meeka",2022-11-03 18:48:59.673604,0.575081747114489,0.0018341670456268,0.358887697871327,0.0641963879685572,"Foraging"
"TreeMovement","Meeka",2022-11-03 18:49:01.6608,0.340327313280929,0.00192295199116482,0.541225448797072,0.116524285930834,"Stationary"
"TreeMovement","Meeka",2022-11-03 18:49:03.648005,0.516152905000108,0.0053601204010481,0.392917776478486,0.0855691981203578,"Foraging"
"TreeMovement","Meeka",2022-11-03 18:49:05.7216,0.289562355183092,0.000545702592087312,0.555603196258039,0.154288745966782,"Stationary"
"TreeMovement","Meeka",2022-11-03 18:56:51.503996,0.0170948916174018,0.0128516208666277,0.848157171008467,0.121896316507503,"Stationary"
"TreeMovement","Meeka",2022-11-03 18:56:53.491201,0.0425485610342363,0.0224095368024427,0.809845925637194,0.125195976526127,"Stationary"
"TreeMovement","Meeka",2022-11-03 18:56:55.564797,0.0436128976374542,0.029424088871565,0.809974230710929,0.116988782780052,"Stationary"
"TreeMovement","Meeka",2022-11-03 18:56:57.552002,0.0135635245457892,0.00303168106715174,0.953865934732237,0.0295388596548214,"Stationary"
"TreeMovement","Meeka",2022-11-03 18:56:59.539197,0.0356060113904589,0.00169557591112844,0.847064141709435,0.115634270988978,"Stationary"
"TreeMovement","Meeka",2022-11-03 18:57:01.612803,0.020043742826826,0.00369107169925724,0.834679183178501,0.141586002295416,"Stationary"
"TreeMovement","Meeka",2022-11-03 18:57:03.599998,0.0229303363000498,0.47160451720479,0.16578314818424,0.33968199831092,"Locomotion"
"Foraging","Meeka",2022-11-03 18:57:12.844798,0.0280067779726716,0.11287544121787,0.363190519500206,0.495927261309254,"TreeMovement"
"Foraging","Meeka",2022-11-03 19:16:10.819203,0.121432361029905,0.0111652482730245,0.0600711362307543,0.807331254466316,"TreeMovement"
"Foraging","Meeka",2022-11-03 19:16:12.892798,0.417554516122047,0.0428636393165725,0.23421739318738,0.305364451374001,"Foraging"
"Foraging","Meeka",2022-11-03 19:16:14.880003,0.470168258299227,0.00509972065224453,0.158841139912081,0.365890881136447,"Foraging"
"Foraging","Meeka",2022-11-03 19:16:16.953599,0.941788475280972,0.00528649386084584,0.0332385932999848,0.0196864375581974,"Foraging"
"Foraging","Meeka",2022-11-03 19:16:18.940804,0.164430801879642,0.103183806492128,0.0884834015461574,0.643901990082072,"TreeMovement"
"Foraging","Meeka",2022-11-03 19:16:20.927999,0.203174061802984,0.0857743779640096,0.237409861625414,0.473641698607592,"TreeMovement"
"Foraging","Meeka",2022-11-03 19:16:23.001595,0.402475692414301,0.0615128088525087,0.382039455163602,0.153972043569588,"Foraging"
"Foraging","Meeka",2022-11-03 19:16:24.9888,0.182414084324043,0.00250113688040018,0.70817904242188,0.106905736373676,"Stationary"
"Foraging","Meeka",2022-11-03 19:16:27.062396,0.170892072154009,0.00794029753784188,0.683503324021742,0.137664306286407,"Stationary"
"Foraging","Meeka",2022-11-03 19:16:29.049601,0.0137459667814374,0.0258894735702376,0.893150566274714,0.0672139933736114,"Stationary"
"Foraging","Meeka",2022-11-03 19:16:31.036796,0.370007470928344,0.00269819614976504,0.243333008510362,0.383961324411529,"TreeMovement"
"Foraging","Meeka",2022-11-03 19:38:15.936004,0.823674180904741,0.00385889690118885,0.106037917668204,0.0664290045258667,"Foraging"
"Foraging","Meeka",2022-11-03 19:38:17.923199,0.214331189501722,0.00647588730808376,0.234093960458217,0.545098962731978,"TreeMovement"
"Foraging","Meeka",2022-11-03 19:38:19.996795,0.347784165962883,0.00629019684272072,0.398977890383075,0.246947746811321,"Stationary"
"Foraging","Meeka",2022-11-03 19:38:21.984,0.281970159596353,0.0169828276922411,0.365420970571039,0.335626042140367,"Stationary"
"Foraging","Meeka",2022-11-03 19:40:30.288002,0.713616578964465,0.0029125793109422,0.164278135083046,0.119192706641547,"Foraging"
"Foraging","Meeka",2022-11-03 19:40:32.275197,0.88618094804998,0.00201390242317937,0.0491695359362481,0.0626356135905931,"Foraging"
"Foraging","Meeka",2022-11-03 19:40:34.348802,0.29925561402369,0.00331969076853115,0.48392342839819,0.213501266809589,"Stationary"
"Foraging","Meeka",2022-11-03 19:40:36.335997,0.145939171484874,0.0751423807358323,0.231363823382923,0.54755462439637,"TreeMovement"
"Foraging","Meeka",2022-11-03 19:40:38.409603,0.127547694839646,0.0429859893024968,0.407533727451872,0.421932588405985,"TreeMovement"
"Foraging","Meeka",2022-11-03 19:46:20.985596,0.00468394724874943,0.00204638472032742,0.962409320253795,0.0308603477771281,"Stationary"
"Foraging","Meeka",2022-11-03 19:46:22.972801,0.036493860845839,0.0129755949674094,0.9178842114381,0.032646332748652,"Stationary"
"Foraging","Meeka",2022-11-03 19:46:25.046397,0.0359243379025098,0.00186610797115572,0.89301522336993,0.0691943307564044,"Stationary"
"Foraging","Meeka",2022-11-03 19:46:27.033602,0.0356070941336971,0.00318867883670066,0.904143658372853,0.0570605686567487,"Stationary"
"Foraging","Meeka",2022-11-03 19:46:29.107198,0.0431473180449988,0.0551116308278655,0.84039498473332,0.0613460663938154,"Stationary"
"Foraging","Meeka",2022-11-03 19:46:31.094403,0.0493974533879036,0.0254699105654085,0.868681651833084,0.0564509842136036,"Stationary"
"Foraging","Meeka",2022-11-03 19:46:33.167999,0.042095432989021,0.0862740639684705,0.144301522336993,0.727328980705516,"TreeMovement"
"Foraging","Meeka",2022-11-03 19:51:09.4752,0.0377590463197557,0.124490027934776,0.0728567097598476,0.764894215985621,"TreeMovement"
"Foraging","Meeka",2022-11-03 19:57:21.427196,0.239573182615475,0.0646614261893935,0.0490607202408021,0.64670467095433,"TreeMovement"
"Foraging","Meeka",2022-11-03 19:57:23.500802,0.214787024405033,0.0596580696853548,0.0729904285497737,0.652564477359839,"TreeMovement"
"Foraging","Meeka",2022-11-03 19:57:25.487997,0.118649169535936,0.0649526841204877,0.243532233266203,0.572865913077373,"TreeMovement"
"Foraging","Meeka",2022-11-03 19:59:23.164798,0.427801056757401,0.00780820286277312,0.202850862946361,0.361539877433465,"Foraging"
"Foraging","Meeka",2022-11-03 19:59:25.152003,0.565918491089023,0.0172199484614219,0.219290153532991,0.197571406916564,"Foraging"
"Foraging","Meeka",2022-11-03 19:59:27.225599,0.635972519976613,0.0117856601485524,0.183970527729054,0.168271292145781,"Foraging"
"Foraging","Meeka",2022-11-03 19:59:29.212804,0.237471036618376,0.0168030923146885,0.36334426904004,0.382381602026896,"TreeMovement"
"Foraging","Meeka",2022-11-03 20:01:27.926402,0.479488512094242,0.00857207821737153,0.279432209445852,0.232507200242534,"Foraging"
"Foraging","Meeka",2022-11-03 20:01:29.913597,0.894568418545226,0.0168095887741181,0.0589624071547673,0.0296595855258884,"Foraging"
"Foraging","Meeka",2022-11-03 20:01:31.987203,0.756786093245848,0.00644557049741224,0.180472184326209,0.0562961519305312,"Foraging"
"Foraging","Meeka",2022-11-03 20:01:33.974398,0.0748316334264492,0.109140518417463,0.214175274475411,0.601852573680677,"TreeMovement"
"Foraging","Meeka",2022-11-03 21:11:55.478396,0.455889040472942,0.0985805236146301,0.0989096775590636,0.346620758353364,"Foraging"
"Locomotion","Meeka",2022-11-03 21:11:57.552002,0.0359346239632733,0.175201931613937,0.107942463024318,0.680920981398471,"TreeMovement"
"Locomotion","Meeka",2022-11-03 21:13:14.879997,0.0415210377011196,0.525421187119687,0.0374634574157084,0.395594317763486,"Locomotion"
"Locomotion","Meeka",2022-11-03 21:13:49.439999,0.0590132960869659,0.546019835856125,0.0323534507027003,0.362613417354209,"Locomotion"
"Locomotion","Meeka",2022-11-03 21:13:58.080005,0.0191640139457329,0.889896922843717,0.0159737109941748,0.0749653522163754,"Locomotion"
"Foraging","Meeka",2022-11-03 21:13:58.080005,0.0685224885770588,0.37536867407263,0.19540375495355,0.36070508239676,"Locomotion"
"Foraging","Meeka",2022-11-03 21:13:59.894398,0.0310709413369714,0.652923948114944,0.120861755343338,0.195143355204747,"Locomotion"
"Locomotion","Meeka",2022-11-03 21:17:16.799999,0.0059832391346716,0.960732150977717,0.0122604430585331,0.0210241668290782,"Locomotion"
"Locomotion","Meeka",2022-11-03 21:17:16.799999,0.0177813508304641,0.9150577102146,0.0149277810260075,0.0522331579289287,"Locomotion"
"Locomotion","Meeka",2022-11-03 21:17:25.440004,0.159414452456744,0.540760951947855,0.0907057320427034,0.209118863552697,"Locomotion"
"Locomotion","Meeka",2022-11-03 21:17:25.440004,0.070071894151021,0.671031204660127,0.0406109920093549,0.218285909179497,"Locomotion"
"Locomotion","Meeka",2022-11-03 21:17:25.440004,0.0537571190367916,0.481593364949436,0.0922540548734273,0.372395461140345,"Locomotion"
"Foraging","Meeka",2022-11-03 21:20:44.764803,0.0409325667511206,0.0352508716083068,0.836150631239308,0.0876659304012646,"Stationary"
"Foraging","Meeka",2022-11-03 21:20:46.751998,0.213632820113038,0.0683140605036922,0.540955304359124,0.177097815024145,"Stationary"
"Foraging","Meeka",2022-11-03 21:20:48.825604,0.250359470755105,0.0470024253448537,0.502573680677364,0.200064423222677,"Stationary"
"Foraging","Meeka",2022-11-03 21:20:50.812799,0.302605080231274,0.060965482145564,0.500690248814396,0.135739188808766,"Stationary"
"Foraging","Meeka",2022-11-03 21:20:52.886405,0.0570145520691223,0.0100364884471296,0.814418891704021,0.118530067779727,"Stationary"
"Foraging","Meeka",2022-11-03 21:20:54.8736,0.04949977262392,0.0199197687260443,0.760428982871001,0.170151475779034,"Stationary"
"Foraging","Meeka",2022-11-03 21:36:44.150396,0.0400317243768813,0.0392023430563676,0.744351328525953,0.176414604040798,"Stationary"
"Foraging","Meeka",2022-11-03 21:36:46.137601,0.0378619069273912,0.0928425258234262,0.337789904502046,0.531505662747136,"TreeMovement"
"Foraging","Meeka",2022-11-03 21:55:21.216003,0.133607267372615,0.20393306481301,0.118850018406635,0.543609649407739,"TreeMovement"
"Foraging","Meeka",2022-11-03 21:55:23.203198,0.130479222157258,0.311733688473115,0.0920071894151022,0.465779899954525,"TreeMovement"
"Foraging","Meeka",2022-11-03 21:55:25.276803,0.138211632993352,0.17287998873947,0.361764546655406,0.327143831611772,"Stationary"
"Foraging","Meeka",2022-11-03 21:55:27.263999,0.119499664349596,0.218566881049828,0.279105762359514,0.382827692241062,"TreeMovement"
"Foraging","Meeka",2022-11-03 21:55:29.337604,0.127310032698846,0.223713701032937,0.335960609800992,0.313015656467225,"Stationary"
"Foraging","Meeka",2022-11-03 21:55:31.324799,0.0441266593040126,0.0230656792048334,0.527099439139002,0.405708222352151,"Stationary"
"Foraging","Meeka",2022-11-03 21:57:15.695999,0.127055588037853,0.297260659607181,0.27644437947985,0.299239372875116,"TreeMovement"
"Foraging","Meeka",2022-11-03 21:57:17.769595,0.133343619394097,0.492454362372507,0.140555230732584,0.233646787500812,"Locomotion"
"Foraging","Meeka",2022-11-03 21:57:19.7568,0.118633469758981,0.346775590636436,0.282606271248836,0.251984668355746,"Locomotion"
"Locomotion","Meeka",2022-11-03 21:57:21.830396,0.0310238420061067,0.491696983477338,0.0662476450334568,0.411031529483098,"Locomotion"
"Locomotion","Meeka",2022-11-03 23:09:01.439996,0.0369404924316248,0.0976461162000043,0.0963018904696941,0.769111500898677,"TreeMovement"
"Locomotion","Meeka",2022-11-03 23:09:53.279998,0.0653830745576994,0.273143636717989,0.0482952207713463,0.613178067952966,"TreeMovement"
"Locomotion","Meeka",2022-11-03 23:10:19.200004,0.00257692890707898,0.83951958682518,0.0224133264037766,0.135490157863964,"Locomotion"
"Locomotion","Meeka",2022-11-03 23:10:19.200004,0.0413088200264189,0.610916758699842,0.062683254293077,0.285091166980662,"Locomotion"
"Locomotion","Meeka",2022-11-03 23:11:02.400001,0.0849872236297884,0.298750514303038,0.077649472704043,0.538612789363131,"TreeMovement"
"Locomotion","Meeka",2022-11-03 23:13:37.919999,0.0409612594469348,0.568748781913857,0.0443681110461465,0.345921847593062,"Locomotion"
"Locomotion","Meeka",2022-11-03 23:13:46.560004,0.0591340219580329,0.206996686805691,0.129322311007168,0.604546980229108,"TreeMovement"
"Foraging","Meeka",2022-11-04 00:31:26.544002,0.0368533316009441,0.0161285432772472,0.572031659412287,0.374986465709522,"Stationary"
"Foraging","Meeka",2022-11-04 00:31:28.531197,0.0460609800991793,0.119020550466662,0.281708135732692,0.553210333701466,"TreeMovement"
"Foraging","Meeka",2022-11-04 00:31:30.604803,0.0926579181013015,0.109716537820221,0.227899045020464,0.569726499058014,"TreeMovement"
"Foraging","Meeka",2022-11-04 00:31:32.591998,0.174912839169319,0.170551549405574,0.276068126204552,0.378467485220555,"TreeMovement"
"Foraging","Meeka",2022-11-04 00:31:34.665603,0.214678750081206,0.189959721951536,0.28489248359644,0.310469044370818,"TreeMovement"
"Foraging","Meeka",2022-11-04 00:31:36.652798,0.227794560297971,0.183438359427445,0.309107494748695,0.279659585525888,"Stationary"
"Foraging","Meeka",2022-11-04 00:31:38.640003,0.226887762835921,0.10554635223803,0.303693778557353,0.363872106368696,"TreeMovement"
"Foraging","Meeka",2022-11-04 00:31:40.713599,0.214785400290175,0.0773576734013297,0.309350029234067,0.398506897074428,"TreeMovement"
"Foraging","Meeka",2022-11-04 00:31:42.700804,0.0658903397648282,0.0347224929080318,0.307192663331818,0.592194503995322,"TreeMovement"
"Foraging","Meeka",2022-11-04 00:31:44.7744,0.0515954221615886,0.0162801273306048,0.53294138028108,0.399183070226726,"Stationary"
"Foraging","Meeka",2022-11-04 00:31:46.761605,0.043091556768228,0.107826609497824,0.399745013967388,0.449336819766561,"TreeMovement"
"Foraging","Meeka",2022-11-04 02:39:30.009598,0.235414365837285,0.0225632863422768,0.186656813703198,0.555365534117239,"TreeMovement"
"Foraging","Meeka",2022-11-04 02:39:31.996804,0.366041923818186,0.0829944346997553,0.178354338552156,0.372609302929903,"TreeMovement"
"Foraging","Meeka",2022-11-04 02:39:34.070399,0.331662660516685,0.0928354879923775,0.15964832499621,0.415853526494727,"TreeMovement"
"Foraging","Meeka",2022-11-04 02:39:36.057604,0.261340652677624,0.189349054765153,0.159821022542714,0.389489270014509,"TreeMovement"
"Foraging","Meeka",2022-11-04 02:39:38.044799,0.18978864851989,0.166079819831525,0.376292795426493,0.267838736222092,"Stationary"
"Foraging","Meeka",2022-11-04 02:39:40.118395,0.129499339526625,0.173479287121852,0.237742805171182,0.459278568180342,"TreeMovement"
"Foraging","Meeka",2022-11-04 02:39:42.1056,0.131882457394054,0.101582970614349,0.255812165703025,0.510722406288573,"TreeMovement"
"Foraging","Meeka",2022-11-04 02:39:44.179196,0.0941434418242058,0.109583360401914,0.187607462266398,0.608665735507482,"TreeMovement"
"Foraging","Meeka",2022-11-04 08:15:38.015998,0.0318451027523333,0.166061413196475,0.44814255397475,0.353950930076442,"Stationary"
"Foraging","Meeka",2022-11-04 08:15:40.003203,0.00904848524220966,0.00252712271811863,0.906355161437017,0.0820692306026549,"Stationary"
"Foraging","Meeka",2022-11-04 08:15:41.990398,0.0506620974902012,0.057328006236601,0.690102102687369,0.201907793585829,"Stationary"
"Foraging","Meeka",2022-11-04 08:15:44.064004,0.0581882457394054,0.0756258255917192,0.675568440200091,0.190617488468785,"Stationary"
"Foraging","Meeka",2022-11-04 08:15:46.051199,0.0827849238831503,0.0987396868706555,0.668064488187271,0.150410901058923,"Stationary"
"Foraging","Meeka",2022-11-04 08:15:48.124804,0.0515586088914875,0.0554895082180212,0.761482492041837,0.131469390848654,"Stationary"
"Foraging","Meeka",2022-11-04 08:15:50.111999,0.0606742242144698,0.148348275190021,0.468193334632625,0.322784165962884,"Stationary"
"Foraging","Meeka",2022-11-04 08:15:52.099205,0.100630697936291,0.0964864981918188,0.60683427531995,0.196048528551939,"Stationary"
"Foraging","Meeka",2022-11-04 08:15:54.1728,0.116312609627753,0.0320513653392234,0.583674938825007,0.267961086208017,"Stationary"
"Foraging","Meeka",2022-11-04 08:15:56.159995,0.0702570432447649,0.141149115398774,0.383377725806102,0.405216115550358,"TreeMovement"
"Foraging","Meeka",2022-11-04 08:15:58.233601,0.0986709326750255,0.123334199527924,0.322856709759848,0.455138158037203,"TreeMovement"
"Foraging","Meeka",2022-11-04 08:16:00.220796,0.0557986314125468,0.0622198401870981,0.429140951514758,0.452840576885598,"TreeMovement"
"Foraging","Meeka",2022-11-04 08:16:02.294402,0.133431862968016,0.132585699127309,0.387205223153381,0.346777214751294,"Stationary"
"Foraging","Meeka",2022-11-04 08:16:04.281597,0.126200220879621,0.376095736157127,0.238653392234565,0.259050650728686,"Locomotion"
"Locomotion","Meeka",2022-11-04 08:16:06.268802,0.0165870850386539,0.90896673812772,0.00901437883020421,0.0654317980034215,"Locomotion"
"Locomotion","Meeka",2022-11-05 00:48:48.960003,0.0103196258039369,0.931825072002425,0.0198623833344161,0.0379929188592217,"Locomotion"
"Locomotion","Meeka",2022-11-05 00:49:49.440001,0.074737976136339,0.582006972866454,0.0443924727690076,0.298862578228199,"Locomotion"
"Locomotion","Meeka",2022-11-05 00:49:49.440001,0.0535070053487516,0.778145910478789,0.0401627363087117,0.128184347863748,"Locomotion"
"Locomotion","Meeka",2022-11-05 00:49:49.440001,0.0506122913012408,0.529998484159466,0.0698515559020334,0.349537668637259,"Locomotion"
"Locomotion","Meeka",2022-11-05 00:49:58.079997,0.048265986703913,0.82576279261136,0.0254525866735962,0.100518634011131,"Locomotion"
"Locomotion","Meeka",2022-11-05 00:49:58.079997,0.0428544359990472,0.73773143636718,0.0253118300526213,0.194102297581152,"Locomotion"
"Locomotion","Meeka",2022-11-05 00:49:58.079997,0.0449376339894757,0.330256177050174,0.0668382814699322,0.557967907490418,"TreeMovement"
"Locomotion","Meeka",2022-11-05 00:50:41.280004,0.0725383832477967,0.703276381039,0.0484597977435631,0.17572543796964,"Locomotion"
"Locomotion","Meeka",2022-11-05 00:50:41.280004,0.0981225232248425,0.593755278373287,0.0510724571775049,0.257049741224366,"Locomotion"
"Locomotion","Meeka",2022-11-05 00:50:41.280004,0.0675491024058555,0.551071915805886,0.0426427596959657,0.338736222092293,"Locomotion"
"Locomotion","Meeka",2022-11-05 00:52:50.880005,0.0765023062430975,0.311989757248966,0.149723900474242,0.461784036033695,"TreeMovement"
"Locomotion","Meeka",2022-11-05 00:55:43.680003,0.0878213040559562,0.556304813876437,0.0398579440871392,0.316015937980467,"Locomotion"
"Locomotion","Meeka",2022-11-05 00:55:43.680003,0.129249225838585,0.606204660126898,0.0583084302388532,0.206237683795665,"Locomotion"
"Locomotion","Meeka",2022-11-05 00:55:43.680003,0.0701866649342775,0.434832932718335,0.0338969011888521,0.461083501158535,"TreeMovement"
"Locomotion","Meeka",2022-11-05 00:55:52.319998,0.0338606292903701,0.17075402239113,0.0576798977890383,0.737705450529461,"TreeMovement"
"Locomotion","Meeka",2022-11-05 00:57:01.440001,0.0666574633491414,0.47690075575478,0.0464177439961887,0.41002403689989,"Locomotion"
"Locomotion","Meeka",2022-11-05 00:57:01.440001,0.0783337664306286,0.327584508109747,0.0628056042790013,0.531276121180624,"TreeMovement"
"Locomotion","Meeka",2022-11-05 01:11:16.799997,0.0672334827519002,0.744503995322549,0.0203149700080123,0.167947551917538,"Locomotion"
"Locomotion","Meeka",2022-11-05 01:11:16.799997,0.0603169189458412,0.242278416596288,0.125252279174517,0.572152385283354,"TreeMovement"
"Locomotion","Meeka",2022-11-05 01:11:25.440002,0.0607500162411486,0.670298187487819,0.0471626713441174,0.221789124926915,"Locomotion"
"Locomotion","Meeka",2022-11-05 01:11:25.440002,0.0544148855540397,0.730281080144654,0.0287073128478313,0.186596721453475,"Locomotion"
"Locomotion","Meeka",2022-11-05 01:11:25.440002,0.0266197838844496,0.492088936529592,0.026980337382793,0.454310942203166,"Locomotion"
"Locomotion","Meeka",2022-11-05 01:12:43.200001,0.0770772429026181,0.691593040126464,0.0479660668269126,0.183363650144005,"Locomotion"
"Locomotion","Meeka",2022-11-05 01:12:43.200001,0.0609752268347084,0.689653305615106,0.0384763637151086,0.210895103835077,"Locomotion"
"Stationary","Anne",2023-05-16 17:01:53.241604,0.0325992334177873,0.0568927434548171,0.841369453647762,0.0691385694796336,"Stationary"
"Stationary","Anne",2023-05-16 17:01:55.228799,0.0190844323177202,0.0171138396240715,0.932959786916131,0.0308419411420776,"Stationary"
"Stationary","Anne",2023-05-16 17:01:57.216004,0.0477381493752571,0.0479373741310985,0.870593776391867,0.0337307001017779,"Stationary"
"TreeMovement","Anne",2023-05-16 17:01:59.203199,0.0349233417787306,0.0415789644643669,0.128259057147188,0.795238636609714,"TreeMovement"
"TreeMovement","Anne",2023-05-16 17:02:17.7792,0.0115507048658481,0.0132733493579333,0.00997747894064402,0.965198466835574,"TreeMovement"
"TreeMovement","Anne",2023-05-16 17:02:19.852795,0.0182593819701596,0.0277983498993049,0.0121521687347063,0.941790099395829,"TreeMovement"
"TreeMovement","Anne",2023-05-16 17:02:22.444795,0.00963858030706598,0.0127850321574742,0.0127563394616601,0.9648200480738,"TreeMovement"
"TreeMovement","Anne",2023-05-16 17:02:24.432,0.00831492669828277,0.0324817557764352,0.0884774464583468,0.870725871066935,"TreeMovement"
"Stationary","Anne",2023-05-16 17:02:26.419195,0.234887611251868,0.0245674440763117,0.391296368479179,0.349248576192641,"Stationary"
"Stationary","Anne",2023-05-16 17:02:28.4064,0.0792854977370667,0.0062598800320492,0.66450063881851,0.249953983412374,"Stationary"
"Stationary","Anne",2023-05-16 17:02:30.393595,0.10193215530869,0.0242085146928257,0.5277387990212,0.346120530977284,"Stationary"
"Stationary","Anne",2023-05-16 17:02:32.3808,0.258936421317049,0.000651811429437623,0.503665085861539,0.236746681391975,"Stationary"
"TreeMovement","Anne",2023-05-16 17:02:34.9728,0.00695283570454103,0.0145093007644167,0.0345395093007644,0.943998354230278,"TreeMovement"
"TreeMovement","Anne",2023-05-16 17:02:37.132796,0.031452608328461,0.0122111782411919,0.0251526667965959,0.931183546633751,"TreeMovement"
"TreeMovement","Anne",2023-05-16 17:02:39.120001,0.0205298945408086,0.0144302605080231,0.0134011130600489,0.951638731891119,"TreeMovement"
"TreeMovement","Anne",2023-05-16 17:02:41.107196,0.0458011217219948,0.0189436756967453,0.0176941899997835,0.917561012581476,"TreeMovement"
"TreeMovement","Anne",2023-05-16 17:02:43.094401,0.126968427207172,0.0157798999545248,0.182762186275147,0.674489486563157,"TreeMovement"
"TreeMovement","Anne",2023-05-16 17:02:45.081596,0.00529894540808593,0.0198520972736525,0.0312311873362351,0.943617769982027,"TreeMovement"
"Stationary","Anne",2023-05-16 17:02:47.068801,0.0904929729963837,0.0370265705190671,0.123938370254878,0.748542086229671,"TreeMovement"
"Stationary","Anne",2023-05-16 17:02:49.142397,0.0433162259901687,0.0525612291301241,0.497865371705753,0.406257173173953,"Stationary"
"Stationary","Anne",2023-05-16 17:02:51.129602,0.0403684575239828,0.00961151172610927,0.793774767751575,0.156245262998333,"Stationary"
"TreeMovement","Anne",2023-05-16 17:02:53.116797,0.0175832088178609,0.0370828731674571,0.0479758115160571,0.897358106498625,"TreeMovement"
"TreeMovement","Anne",2023-05-16 17:02:55.104002,0.0107132029710474,0.0552496805907447,0.0161994629593538,0.917837653478854,"TreeMovement"
"TreeMovement","Anne",2023-05-16 17:02:57.091197,0.0491462569566253,0.155662205764525,0.0561223716407891,0.739069165638061,"TreeMovement"
"TreeMovement","Anne",2023-05-16 17:02:59.078402,0.0621056107754607,0.0191066285541047,0.0511119773057017,0.867675783364733,"TreeMovement"
"TreeMovement","Anne",2023-05-16 17:03:01.065597,0.178020853634769,0.00365642391563265,0.154441954134996,0.663880768314602,"TreeMovement"
"TreeMovement","Anne",2023-05-16 17:03:03.139203,0.0592006106671864,0.00545107083306265,0.615826999285389,0.319521319214361,"Stationary"
"TreeMovement","Anne",2023-05-16 17:03:05.039998,0.137760129062994,0.110237878689448,0.353299660018623,0.398702332228935,"TreeMovement"
"TreeMovement","Anne",2023-05-16 17:03:07.113603,0.074020117369367,0.106000563026484,0.212779077069664,0.607200242534485,"TreeMovement"
"TreeMovement","Anne",2023-05-16 17:03:09.100798,0.0346131358409667,0.439479525325364,0.104331514324693,0.421575824508976,"Locomotion"
"TreeMovement","Anne",2023-05-16 17:03:11.088003,0.042684445310639,0.0965790727386908,0.0434093419086598,0.81732714004201,"TreeMovement"
"TreeMovement","Anne",2023-05-16 17:03:13.075198,0.0315949890642933,0.0651443296736612,0.0518125121808614,0.851448169081184,"TreeMovement"
"TreeMovement","Anne",2023-05-16 17:03:15.062403,0.0665037138093073,0.294114749128392,0.123478745750233,0.515902791312068,"TreeMovement"
"Stationary","Anne",2023-05-16 17:03:17.049598,0.11072403040343,0.039284631542476,0.434985599514931,0.415005738539163,"Stationary"
"Stationary","Anne",2023-05-16 17:03:21.369601,0.0736075921955867,0.0060005630264839,0.644715671625631,0.275676173152299,"Stationary"
"Stationary","Anne",2023-05-16 17:03:23.356796,0.0484771216353754,0.00929047835596267,0.680480846272115,0.261751553736547,"Stationary"
"Stationary","Anne",2023-05-16 17:03:25.430402,0.0208401004785725,0.00922172416033262,0.85645314970008,0.113485025661015,"Stationary"
"Stationary","Anne",2023-05-16 17:03:27.417597,0.00952056129409472,0.00181900864029104,0.924750427683579,0.0639100023820351,"Stationary"
"Stationary","Anne",2023-05-16 17:03:29.404802,0.0168685982806037,0.0059388466619026,0.845762684337037,0.131429870720457,"Stationary"
"Stationary","Anne",2023-05-16 17:03:31.391997,0.082561878776067,0.0772234132397843,0.702248857705884,0.137965850278265,"Stationary"
"Stationary","Holland",2023-05-17 11:22:18.652801,0.150932241928149,0.00666103640182767,0.731336213430347,0.111070508239676,"Stationary"
"Stationary","Holland",2023-05-17 11:22:20.639996,0.0526326901838498,0.00805398557786007,0.830085644990147,0.109227679248143,"Stationary"
"Stationary","Holland",2023-05-17 11:22:22.627201,0.0310335866952511,0.00603358669525109,0.874301089239698,0.0886317373698001,"Stationary"
"Stationary","Holland",2023-05-17 11:22:29.1072,0.0187769332380519,0.00239881764438381,0.952717685528054,0.0261065635895104,"Stationary"
"Stationary","Holland",2023-05-17 11:22:31.094405,0.0198169081184088,0.0086727733385305,0.939371792373157,0.0321385261699041,"Stationary"
"Stationary","Holland",2023-05-17 11:22:34.031997,0.0287609086381256,0.0122653154031053,0.900451503930358,0.0585222720284112,"Stationary"
"TreeMovement","Holland",2023-05-17 11:22:36.019202,0.0099060178869183,0.0184645618138115,0.186751553736547,0.784877866562724,"TreeMovement"
"Stationary","Holland",2023-05-17 11:22:39.820801,0.0292400225210593,0.0182052448082462,0.0716629853396566,0.880891747331038,"TreeMovement"
"TreeMovement","Holland",2023-05-17 11:22:41.894397,0.0108545009636415,0.0327399900387622,0.0388385413283094,0.917566967669287,"TreeMovement"
"TreeMovement","Holland",2023-05-17 11:22:43.881602,0.0667668204162065,0.0171095086511185,0.00789373957859633,0.908229931354079,"TreeMovement"
"TreeMovement","Holland",2023-05-17 11:22:45.955197,0.00945884492951342,0.00079581628012733,0.00756025466120964,0.98218508412915,"TreeMovement"
"TreeMovement","Holland",2023-05-17 11:22:47.942403,0.143229065159488,0.000985296346824314,0.105112713571104,0.750672924922584,"TreeMovement"
"TreeMovement","Holland",2023-05-17 11:22:50.015998,0.200435262781784,0.00272851296043656,0.0865647805279456,0.710271443729834,"TreeMovement"
"TreeMovement","Holland",2023-05-17 11:22:52.003203,0.0682344788756795,0.00848545875831005,0.197464756707594,0.725815305658416,"TreeMovement"
"TreeMovement","Holland",2023-05-17 11:22:53.990398,0.0882749734727907,0.0020350159163256,0.0620357738365924,0.847654236774292,"TreeMovement"
"TreeMovement","Holland",2023-05-17 11:22:55.977603,0.104766235734858,0.00492648173412157,0.107079516663418,0.783227765867602,"TreeMovement"
"Stationary","Holland",2023-05-17 11:23:07.987204,0.139127633772927,0.0051625197600641,0.517885294181338,0.337824552285671,"Stationary"
"Stationary","Holland",2023-05-17 11:23:10.0608,0.0818499750969056,0.00851361008250503,0.645743736330367,0.263892678490223,"Stationary"
"Stationary","Holland",2023-05-17 11:23:12.048005,0.105369865090193,0.00947671019294484,0.549431559799909,0.335721864916954,"Stationary"
"Stationary","Holland",2023-05-17 11:23:14.0352,0.174663808224518,0.0409677559063644,0.228929275211676,0.555439160657442,"TreeMovement"
"TreeMovement","Holland",2023-05-17 11:23:16.108796,0.115737131596613,0.0112702743671366,0.105203664003118,0.767788930033132,"TreeMovement"
"TreeMovement","Holland",2023-05-17 11:23:18.096001,0.0787636154962212,0,0.0897355941012149,0.831500790402564,"TreeMovement"
"TreeMovement","Holland",2023-05-17 11:23:20.083196,0.156080144654497,0.0106406591740835,0.121320838476364,0.711958357695056,"TreeMovement"
"TreeMovement","Holland",2023-05-17 11:23:22.156801,0.120882327464865,0.000303168106715174,0.0865458325212759,0.792268671907144,"TreeMovement"
"TreeMovement","Holland",2023-05-17 11:23:24.143996,0.129508001472531,0.00760681262045519,0.130887416358085,0.731997769548929,"TreeMovement"
"TreeMovement","Holland",2023-05-17 11:23:26.131202,0.0824904177223413,0.000535957902942896,0.0873183698217805,0.829655254552935,"TreeMovement"
"TreeMovement","Holland",2023-05-17 11:23:28.118397,0.11740239069707,0.00145520691223283,0.0863969553260141,0.794745447064683,"TreeMovement"
"TreeMovement","Holland",2023-05-17 11:23:30.192002,0.117118711968644,0,0.111847376513134,0.771033911518223,"TreeMovement"
"TreeMovement","Holland",2023-05-17 11:23:32.179197,0.329185885359146,0.00226239199636198,0.300566816085234,0.367984906559258,"TreeMovement"
"TreeMovement","Holland",2023-05-17 11:23:34.166402,0.192845774053141,0.00219363780073193,0.175153749539834,0.629806838606293,"TreeMovement"
"TreeMovement","Holland",2023-05-17 11:23:36.239998,0.214586716905953,0.0106877585049481,0.272272028411182,0.502453496177916,"TreeMovement"
"TreeMovement","Holland",2023-05-17 11:23:38.227203,0.719660993092098,0.00263756252842201,0.114168778015981,0.163532666363499,"Foraging"
"TreeMovement","Holland",2023-05-17 11:23:40.214398,0.234171917971372,0.00072543796963988,0.629254098183157,0.135848545875831,"Stationary"
"TreeMovement","Holland",2023-05-17 11:23:42.201603,0.184080426167739,0.00429199419649624,0.43483022586024,0.376797353775525,"Stationary"
"TreeMovement","Holland",2023-05-17 11:23:44.275199,0.107081140778276,0.00181900864029104,0.0961037484570909,0.794996102124342,"TreeMovement"
"TreeMovement","Holland",2023-05-17 11:23:46.262404,0.253383572619589,0.000473700166742459,0.181293986444055,0.564848740769614,"TreeMovement"
"TreeMovement","Holland",2023-05-17 11:23:48.249599,0.529032677190931,0.000272851296043656,0.361256740076658,0.109437731436367,"Foraging"
"Stationary","Holland",2023-05-17 11:23:50.323205,0.244592238896468,0,0.615960718075315,0.139447043028216,"Stationary"
"Stationary","Holland",2023-05-17 11:23:52.3104,0.272752766408974,0.00475973927542823,0.570972195153641,0.151515299161957,"Stationary"
"Stationary","Holland",2023-05-17 11:23:54.297605,0.821383096212564,0.00747309383052903,0.142224820805994,0.0289189891509128,"Foraging"
"Stationary","Holland",2023-05-17 11:23:56.2848,0.245199116481517,0.00391086857662574,0.642970830897161,0.107919184044696,"Stationary"
"Stationary","Holland",2023-05-17 11:23:58.272005,0.310497737066632,0.000636653024101865,0.577685744602525,0.111179865306741,"Stationary"
"Stationary","Holland",2023-05-17 11:24:00.2592,0.422148054310401,0.00612778535698045,0.423385629831742,0.148338530500877,"Stationary"
"Stationary","Holland",2023-05-17 11:24:02.332796,0.843731999393664,0.00136425648021828,0.141266051668507,0.0136376924576106,"Foraging"
"Stationary","Holland",2023-05-17 11:24:04.320001,0.101892093808874,0.0590300786071591,0.5974988631196,0.241578964464367,"Stationary"
"Stationary","Holland",2023-05-17 11:24:06.307196,0.0552626735096039,0.00663559193572836,0.688350765499469,0.249750969055198,"Stationary"
"Stationary","Holland",2023-05-17 11:24:08.380801,0.0556681608523355,0.0162297797700253,0.672175664262977,0.255926395114662,"Stationary"
"Stationary","Holland",2023-05-17 11:24:10.367996,0.0931067151735637,0.035872907598692,0.686403993157062,0.184616384070681,"Stationary"
"Stationary","Holland",2023-05-17 11:24:12.355201,0.259905476515299,0.0193973451135798,0.554629810086836,0.166067368284285,"Stationary"
"Stationary","Holland",2023-05-17 11:24:14.428797,0.15068808332792,0.0419357283613764,0.482732410836095,0.32464377747461,"Stationary"
"Stationary","Holland",2023-05-17 11:24:16.416002,0.912478074449425,0.00204638472032742,0.0614559648324996,0.0240195759977479,"Foraging"
"Stationary","Holland",2023-05-17 11:24:18.403197,0.582004266008359,0,0.354535611425107,0.0634601225665346,"Foraging"
"Stationary","Holland",2023-05-17 11:24:20.476803,0.76900918166266,0.00349401242989238,0.16300049806189,0.0644963078455575,"Foraging"
"Stationary","Holland",2023-05-17 11:24:22.118395,0.835779250308582,0.000272851296043656,0.136618917689859,0.0273289807055155,"Foraging"
"Stationary","Holland",2023-05-17 11:24:24.105601,0.316211914506594,0.011618917689859,0.429660126897507,0.242509040906039,"Stationary"
"TreeMovement","Holland",2023-05-17 11:24:26.784001,0.296160051105481,0.00173184780961043,0.137519218692479,0.564588882392429,"TreeMovement"
"TreeMovement","Holland",2023-05-17 11:24:28.771196,0.158567205872799,0.00378743584746313,0.0775422811234544,0.760103077156283,"TreeMovement"
"TreeMovement","Holland",2023-05-17 11:24:30.758401,0.151215920656575,0.00287251781112627,0.0618349249658936,0.784076636566405,"TreeMovement"
"TreeMovement","Holland",2023-05-17 11:24:32.745596,0.384854587583101,0.00724842460858832,0.107167760237337,0.500729227570974,"TreeMovement"
"TreeMovement","Holland",2023-05-17 11:24:34.819202,0.156880833279196,0.00292124125684835,0.137440178436086,0.70275774702787,"TreeMovement"
"TreeMovement","Holland",2023-05-17 11:24:36.806397,0.109209272613093,0.0402017150652894,0.536969185127439,0.313619827194179,"Stationary"
"Stationary","Holland",2023-05-17 11:24:40.348804,0.0149640529244895,0.000365425842915611,0.953923320123866,0.0307472011087291,"Stationary"
"Stationary","Holland",2023-05-17 11:24:42.422399,0.00550737348145261,0.000833712293466727,0.985518850559778,0.00814006366530241,"Stationary"
"Stationary","Holland",2023-05-17 11:24:44.409604,0.0458227765867602,0.0132484462634531,0.895872041404102,0.0450567357456853,"Stationary"
"Stationary","Holland",2023-05-17 11:24:46.396799,0.0678798804651465,0.0182761644903528,0.85085049481366,0.0629934602308409,"Stationary"
"Stationary","Holland",2023-05-17 11:24:48.470405,0.0389798393209034,0.00324281599861409,0.925147253080404,0.032630091600078,"Stationary"
"Stationary","Holland",2023-05-17 11:24:50.4576,0.0363893761233461,0.00254661209640746,0.877337642651421,0.0837263691288248,"Stationary"
"Stationary","Holland",2023-05-17 11:24:52.444795,0.0952229368327595,0.0310709413369713,0.702739881764438,0.170966240065831,"Stationary"
"Stationary","Holland",2023-05-17 11:24:54.518401,0.144214902877932,0.0153078239026397,0.654104138244657,0.186373134974772,"Stationary"
"Stationary","Holland",2023-05-17 11:24:56.505596,0.209300223045107,0.0160733233720955,0.58267285995799,0.191953593624808,"Stationary"
"Stationary","Holland",2023-05-17 11:24:58.492801,0.185470127114056,0.012651313367548,0.420482795209944,0.381395764308452,"Stationary"
"TreeMovement","Holland",2023-05-17 11:25:00.825598,0.227325732475801,0.00169720002598584,0.49200827215834,0.278968795339873,"Stationary"
"Stationary","Holland",2023-05-17 11:25:02.812804,0.21513891595747,0.0105838151540744,0.379672037073128,0.394605231815327,"TreeMovement"
"Stationary","Holland",2023-05-17 11:25:05.491204,0.0184569826111436,0.00271497866995821,0.933037203057667,0.0457908356612313,"Stationary"
"Stationary","Holland",2023-05-17 11:25:07.478399,0.0067167976785985,0.000672383550964724,0.950561402369042,0.0420494164013946,"Stationary"
"Stationary","Holland",2023-05-17 11:25:09.206402,0.00960826349639446,0.00304792221572576,0.960045150393036,0.027298663894844,"Stationary"
"Stationary","Holland",2023-05-17 11:25:11.279998,0.00718129452781567,0.0212970181251218,0.914223997921133,0.0572976894259295,"Stationary"
"Stationary","Holland",2023-05-17 11:25:13.267203,0.00509593105091059,0.00175837501894801,0.935240585547543,0.0579051083825982,"Stationary"
"Stationary","Holland",2023-05-17 11:25:15.254398,0.272181619350787,0.00392981658329544,0.463749215011152,0.260139349054765,"Stationary"
"Stationary","Holland",2023-05-17 11:25:17.328003,0.120690140540072,0.0380530111089456,0.631383854132831,0.209872994218151,"Stationary"
"Stationary","Holland",2023-05-17 11:25:19.315198,0.161146841637974,0.00600381125619871,0.639209922259036,0.193639424846792,"Stationary"
"Stationary","Holland",2023-05-17 11:25:21.302403,0.0993492713138007,0.00441109595270578,0.750273392667663,0.145966240065831,"Stationary"
"Stationary","Holland",2023-05-17 11:25:23.375999,0.24751726975465,0.0197227094566794,0.44946837307001,0.28329164771866,"Stationary"
"Stationary","Holland",2023-05-17 11:25:25.363204,0.204286039108686,0.0236579397561662,0.496020918599363,0.276035102535785,"Stationary"
"Stationary","Holland",2023-05-17 11:25:27.350399,0.0103044673986011,0.000818553888130969,0.9386317373698,0.0502452413434678,"Stationary"
"Stationary","Holland",2023-05-17 11:25:29.337604,0.00987949067758072,0.000948483076723186,0.938876437341649,0.0502955889040473,"Stationary"
"TreeMovement","Holland",2023-05-17 11:25:31.584001,0.129990363585179,0.00992550726520713,0.513261439182312,0.346822689967301,"Stationary"
"TreeMovement","Holland",2023-05-17 11:25:33.571196,0.200639901253817,0.0218405552307326,0.255395309556292,0.522124233959159,"TreeMovement"
"TreeMovement","Holland",2023-05-17 11:25:35.558401,0.0949230169557591,0.0207015093440741,0.142741289330648,0.741634184369518,"TreeMovement"
"Stationary","Holland",2023-05-17 11:25:37.631997,0.139025314536911,0.0067579419216527,0.636423482535352,0.217793261006085,"Stationary"
"TreeMovement","Holland",2023-05-17 11:25:39.705603,0.522666146949912,0.034065809134022,0.285533467593495,0.157734576322571,"Foraging"
"TreeMovement","Holland",2023-05-17 11:25:41.779198,0.157250590095065,0.0111046146516815,0.325529461443513,0.50611533380974,"TreeMovement"
"Stationary","Holland",2023-05-17 11:25:44.025595,0.037401199679508,0.01701476861777,0.60237608003638,0.343207951666342,"Stationary"
"Stationary","Holland",2023-05-17 11:25:46.0128,0.0267372615258018,0.016248727776695,0.633346326252193,0.323667684445311,"Stationary"
"TreeMovement","Holland",2023-05-17 11:25:48.172797,0.0751174776413522,0.0204032135819312,0.405785097122069,0.498694211654648,"TreeMovement"
"TreeMovement","Holland",2023-05-17 11:25:50.160002,0.386370428116676,0.00507590030100262,0.316238983087551,0.292314688494771,"Foraging"
"Stationary","Holland",2023-05-17 11:25:52.233598,0.0276153662920375,0.0269326966803092,0.80400831546807,0.141443621559584,"Stationary"
"Stationary","Holland",2023-05-17 11:25:54.307203,0.0203739795144979,0.00217144156434743,0.923274648649819,0.0541799302713355,"Stationary"
"Stationary","Holland",2023-05-17 11:25:56.380799,0.0108252668962082,0.000606336213430347,0.959475627449706,0.0290927694406548,"Stationary"
