"true_class","ID","Time","Foraging","Locomotion","Stationary","TreeMovement","predicted_class"
"Foraging","Elsa",2022-11-03 13:30:19.7856,0.489049521080771,0.0181913628941068,0.093452698921449,0.399306417103673,"Foraging"
"Foraging","Elsa",2022-11-03 13:30:21.772805,0.819506650756651,0.019418370980871,0.0420047545047545,0.119070223757724,"Foraging"
"Foraging","Elsa",2022-11-03 13:30:23.76,0.870950133262006,0.0223874363976789,0.0246118820638051,0.0820505482765098,"Foraging"
"TreeMovement","Elsa",2022-11-03 13:30:25.660804,0.110036375661376,0.0862885378510378,0.041721549606724,0.761953536880863,"TreeMovement"
"TreeMovement","Elsa",2022-11-03 13:33:46.972798,0.141379499372519,0.0273125657653097,0.0513104284907077,0.779997506371464,"TreeMovement"
"TreeMovement","Elsa",2022-11-03 13:33:48.960003,0.114168696901549,0.0510490128485818,0.0465210036541558,0.788261286595713,"TreeMovement"
"TreeMovement","Elsa",2022-11-03 13:33:55.526403,0.134740617081184,0.0193903897028897,0.117808015023936,0.72806097819199,"TreeMovement"
"TreeMovement","Elsa",2022-11-03 13:33:57.513598,0.158542237175539,0.0186908577533578,0.0935060795194542,0.72926082555165,"TreeMovement"
"TreeMovement","Elsa",2022-11-03 13:33:59.500803,0.0735189578939579,0.0122463184963185,0.0311011904761905,0.883133533133533,"TreeMovement"
"TreeMovement","Elsa",2022-11-03 13:34:01.401597,0.0949557387057388,0.0372704263329263,0.0512985856735857,0.816475249287749,"TreeMovement"
"TreeMovement","Elsa",2022-11-03 13:34:03.388803,0.116663098510788,0.0250909391534392,0.0744696912828719,0.783776271052901,"TreeMovement"
"TreeMovement","Elsa",2022-11-03 13:34:05.375998,0.0749418938152491,0.0141687016687017,0.0403767580069982,0.870512646509051,"TreeMovement"
"TreeMovement","Elsa",2022-11-03 13:34:07.363203,0.0810574347409755,0.0235874147638854,0.0389225635144687,0.856432586980671,"TreeMovement"
"TreeMovement","Elsa",2022-11-03 13:34:09.350398,0.166518577810329,0.0215710215710216,0.131623882705614,0.680286517913036,"TreeMovement"
"TreeMovement","Elsa",2022-11-03 13:34:11.251202,0.149826388888889,0.0470486111111111,0.27467121998372,0.52845378001628,"TreeMovement"
"TreeMovement","Elsa",2022-11-03 13:34:13.238397,0.177406604851624,0.0182029953664569,0.0854251845704481,0.718965215211471,"TreeMovement"
"TreeMovement","Elsa",2022-11-03 13:34:15.225602,0.131217837700312,0.0201639851792291,0.066458788157592,0.782159388962867,"TreeMovement"
"TreeMovement","Elsa",2022-11-03 13:34:17.212797,0.14709238057088,0.0394965623243062,0.0946497435268312,0.718761313577982,"TreeMovement"
"TreeMovement","Elsa",2022-11-03 13:34:19.200002,0.232683916882975,0.009004884004884,0.130044895004013,0.628266304108128,"TreeMovement"
"TreeMovement","Elsa",2022-11-03 13:34:21.187197,0.194802475683919,0.00415521978021978,0.173916166108769,0.627126138427093,"TreeMovement"
"Foraging","Elsa",2022-11-03 13:34:23.174402,0.535980514835052,0.0271987975792324,0.112977814416854,0.323842873168861,"Foraging"
"Foraging","Elsa",2022-11-03 13:35:27.023996,0.516431353673194,0.0100090303215303,0.121952229005724,0.351607386999551,"Foraging"
"Foraging","Elsa",2022-11-03 13:35:29.011201,0.40675520538605,0.00980073731598122,0.104130178280379,0.47931387901759,"TreeMovement"
"Foraging","Elsa",2022-11-03 13:35:30.911995,0.504158758438084,0.0104105041517096,0.145555679368291,0.339875058041916,"Foraging"
"Foraging","Elsa",2022-11-03 13:35:32.8992,0.478845102374071,0.0155725118377557,0.143931981134201,0.361650404653972,"Foraging"
"Foraging","Elsa",2022-11-03 13:35:34.886395,0.577842766057893,0.0119778947903948,0.0985903913589716,0.311588947792741,"Foraging"
"Foraging","Elsa",2022-11-03 13:35:36.8736,0.544014653202295,0.00967834249084249,0.120650334352257,0.325656669954605,"Foraging"
"Foraging","Elsa",2022-11-03 13:35:38.860795,0.585616337160688,0.0085744116994117,0.1071860615237,0.2986231896162,"Foraging"
"Foraging","Elsa",2022-11-03 13:35:40.848,0.561197985163647,0.0287786465671081,0.136237527066332,0.273785841202914,"Foraging"
"Foraging","Elsa",2022-11-03 13:38:53.174396,0.52163709753147,0.00910526439372593,0.153184973988849,0.316072664085956,"Foraging"
"Foraging","Elsa",2022-11-03 13:38:55.075201,0.502999804227346,0.0200069084596524,0.124334180043677,0.352659107269324,"Foraging"
"Foraging","Elsa",2022-11-03 13:38:57.148796,0.527484996496582,0.0362236721611722,0.156013805253062,0.280277526089183,"Foraging"
"Foraging","Elsa",2022-11-03 13:38:59.049601,0.530982789103588,0.0399827024827025,0.113292035409,0.31574247300471,"Foraging"
"Foraging","Elsa",2022-11-03 13:39:01.036796,0.469651458793882,0.0209064662189662,0.0638042043740573,0.445637870613095,"Foraging"
"Foraging","Elsa",2022-11-03 13:39:02.8512,0.534708976655053,0.0144472425722426,0.144327469624035,0.306516311148669,"Foraging"
"Foraging","Elsa",2022-11-03 13:39:04.838405,0.4538637302172,0.00268719806763285,0.201004890532482,0.342444181182684,"Foraging"
"Foraging","Elsa",2022-11-03 13:39:06.912,0.539710448840783,0.0194047918312624,0.234478191443015,0.206406567884939,"Foraging"
"Foraging","Elsa",2022-11-03 13:39:08.812805,0.492943479317667,0.0549288152565592,0.209446091282698,0.242681614143075,"Foraging"
"Foraging","Elsa",2022-11-03 13:39:10.8,0.506933188025246,0.0197742718882425,0.289114187075935,0.184178353010577,"Foraging"
"Foraging","Elsa",2022-11-03 13:39:12.787205,0.588363958445926,0.0140853937728938,0.17814178618699,0.219408861594191,"Foraging"
"Stationary","Elsa",2022-11-03 13:39:14.7744,0.209996311558812,0.0586843711843712,0.505305631868132,0.226013685388685,"Stationary"
"Stationary","Elsa",2022-11-03 13:40:54.998399,0.0527224511599512,0.00929614367114367,0.911065323565323,0.0269160816035816,"Stationary"
"Stationary","Elsa",2022-11-03 13:40:58.972799,0.0333972964013287,0.00659213471713472,0.939752123623091,0.0202584452584453,"Stationary"
"Stationary","Elsa",2022-11-03 13:41:02.947199,0.0270426332926333,0.00874987281237281,0.946405041717541,0.0178024521774522,"Stationary"
"Stationary","Elsa",2022-11-03 13:41:07.007999,0.0326560592185592,0.00711805555555556,0.938486975986976,0.0217389092389092,"Stationary"
"Stationary","Elsa",2022-11-03 13:41:10.895999,0.0195074023199023,0.00637909544159544,0.963821691425858,0.0102918108126441,"Stationary"
"Stationary","Elsa",2022-11-03 13:41:14.783998,0.0217261904761905,0.00439814814814815,0.961890135327635,0.011985526048026,"Stationary"
"Stationary","Elsa",2022-11-03 13:41:18.585597,0.0412910816035816,0.0100236568986569,0.915977945665446,0.0327073158323158,"Stationary"
"Stationary","Elsa",2022-11-03 13:41:22.559997,0.019860347985348,0.00628561253561254,0.960384233821734,0.0134698056573057,"Stationary"
"Stationary","Elsa",2022-11-03 13:41:26.447997,0.0165515618640619,0.00556509462759463,0.968992928367928,0.00889041514041514,"Stationary"
"Stationary","Elsa",2022-11-03 13:41:30.335996,0.0931548775298776,0.00492852055352055,0.885262849685927,0.0166537522306753,"Stationary"
"Stationary","Elsa",2022-11-03 13:41:34.223995,0.0306452228327228,0.00773618742368742,0.94204933407236,0.0195692556712293,"Stationary"
"Stationary","Elsa",2022-11-03 13:41:38.112005,0.016210699023199,0.0038537851037851,0.972353861416361,0.00758165445665446,"Stationary"
"Stationary","Elsa",2022-11-03 13:41:42.086395,0.0374848531098531,0.00338955026455026,0.949591612091612,0.00953398453398453,"Stationary"
"Stationary","Elsa",2022-11-03 13:41:46.060795,0.0297164864705187,0.000534188034188034,0.95802008251605,0.011729242979243,"Stationary"
"Stationary","Elsa",2022-11-03 13:41:49.862404,0.0163187106696722,0.00566811660561661,0.961601076985692,0.0164120957390188,"Stationary"
"Stationary","Elsa",2022-11-03 13:41:53.836804,0.0125794922669923,0.00126869658119658,0.979718025030525,0.00643378612128612,"Stationary"
"Stationary","Elsa",2022-11-03 13:41:57.811204,0.025534823972324,0.000427350427350427,0.966080331705332,0.00795749389499389,"Stationary"
"Stationary","Elsa",2022-11-03 13:42:01.785604,0.0270388176638177,0.00297619047619048,0.948718584656085,0.0212664072039072,"Stationary"
"Stationary","Elsa",2022-11-03 13:42:05.760004,0.189067538586769,0.00432883089133089,0.723250191759807,0.0833534387620926,"Stationary"
"Stationary","Elsa",2022-11-03 13:42:29.174402,0.0347692816442816,0.00532598188848189,0.945324582824583,0.0145801536426536,"Stationary"
"Stationary","Elsa",2022-11-03 13:42:33.148802,0.026932615995116,0.00445156695156695,0.944552553927554,0.0240632631257631,"Stationary"
"Stationary","Elsa",2022-11-03 13:42:37.123202,0.0687818798552494,0.00480324074074074,0.868030588071349,0.0583842913326609,"Stationary"
"Stationary","Elsa",2022-11-03 13:42:41.011201,0.00990009785965668,0.000763125763125763,0.980537861512126,0.00879891486509134,"Stationary"
"Stationary","Elsa",2022-11-03 13:42:44.985601,0.0114398911273911,0.000953907203907204,0.982339997964998,0.0052662037037037,"Stationary"
"Stationary","Elsa",2022-11-03 13:42:48.960001,0.0352178024053024,0.0103044665544666,0.931314320376821,0.0231634106634107,"Stationary"
"Stationary","Elsa",2022-11-03 13:42:52.934402,0.00898071835571836,0.00180288461538462,0.985637337199837,0.00357905982905983,"Stationary"
"Stationary","Elsa",2022-11-03 13:42:56.736,0.0102354242979243,0.00363629426129426,0.978608948921449,0.00751933251933252,"Stationary"
"Stationary","Elsa",2022-11-03 13:43:00.796801,0.0750923266548267,0.0042372557997558,0.905587236837237,0.0150831807081807,"Stationary"
"Stationary","Elsa",2022-11-03 13:43:04.6848,0.0170781186406186,0.00155804843304843,0.974846738909239,0.00651709401709402,"Stationary"
"Stationary","Elsa",2022-11-03 13:43:08.6592,0.0262547059422059,0.00503663003663004,0.954249974562474,0.0144586894586895,"Stationary"
"Stationary","Elsa",2022-11-03 13:43:12.6336,0.0269669566544567,0.00339209401709402,0.944922033984534,0.0247189153439153,"Stationary"
"Stationary","Elsa",2022-11-03 13:43:16.608001,0.0265612281237281,0.00231926638176638,0.952148199023199,0.0189713064713065,"Stationary"
"Stationary","Elsa",2022-11-03 13:43:20.582401,0.0126434553349876,0.00229700854700855,0.98000001230848,0.00505952380952381,"Stationary"
"Stationary","Elsa",2022-11-03 13:43:24.4704,0.0221071174196174,0.00228937728937729,0.966681293243793,0.00892221204721205,"Stationary"
"Stationary","Elsa",2022-11-03 13:43:28.3584,0.0115842490842491,0.000801282051282051,0.985643060643061,0.00197140822140822,"Stationary"
"Stationary","Elsa",2022-11-03 13:43:32.3328,0.0152285438575761,0.00371642246642247,0.975583519791026,0.00547151388497542,"Stationary"
"Stationary","Elsa",2022-11-03 13:43:36.3072,0.0216063674228997,0.00437779812779813,0.962231900790368,0.0117839336589337,"Stationary"
"Stationary","Elsa",2022-11-03 13:43:40.195199,0.0269900326411237,0.00340544871794872,0.964873064093297,0.00473145454763102,"Stationary"
"Stationary","Elsa",2022-11-03 13:43:44.083199,0.0144949379324379,0.00188746438746439,0.978380647130647,0.00523695054945055,"Stationary"
"Foraging","Elsa",2022-11-03 13:43:48.057599,0.550687703500204,0.0770127442002442,0.155752060439561,0.216547491859992,"Foraging"
"Foraging","Elsa",2022-11-03 13:43:51.599996,0.734625328375328,0.0412946428571429,0.0898841320716321,0.134195896695897,"Foraging"
"Foraging","Elsa",2022-11-03 13:43:53.587201,0.616497465896736,0.0516232088259527,0.112935221420325,0.218944103856986,"Foraging"
"Foraging","Elsa",2022-11-03 13:43:55.488005,0.561214042240828,0.0498848951973952,0.192140957714447,0.19676010484733,"Foraging"
"Foraging","Elsa",2022-11-03 13:43:57.4752,0.462666029262705,0.00829484037204625,0.3755970983784,0.153442031986849,"Foraging"
"Stationary","Elsa",2022-11-03 13:44:06.287997,0.0864318551818552,0.00412087912087912,0.892940855440856,0.0165064102564103,"Stationary"
"Stationary","Elsa",2022-11-03 13:44:10.262397,0.0703845922595923,0.00981634106634107,0.904047514985015,0.0157515516890517,"Stationary"
"Stationary","Elsa",2022-11-03 13:44:14.150396,0.0233885327635328,0.0174565018315018,0.938213522588522,0.0209414428164428,"Stationary"
"Stationary","Elsa",2022-11-03 13:44:18.124796,0.00560325091575092,0.000178062678062678,0.99218114061864,0.00203754578754579,"Stationary"
"Stationary","Elsa",2022-11-03 13:44:22.099196,0.0154323107448107,0.0115944240944241,0.962859940984941,0.0101133241758242,"Stationary"
"Stationary","Elsa",2022-11-03 13:44:25.987196,0.0116898148148148,0.00198412698412698,0.977610526048026,0.00871553215303215,"Stationary"
"Stationary","Elsa",2022-11-03 13:44:29.961596,0.0128542175417175,0.00424679487179487,0.97464769027269,0.00825129731379732,"Stationary"
"Stationary","Elsa",2022-11-03 13:44:33.849595,0.00983987077737078,0.00320512820512821,0.98098544973545,0.00596955128205128,"Stationary"
"Stationary","Elsa",2022-11-03 13:44:37.737605,0.0109896469271469,0.00151098901098901,0.981819164631665,0.00568019943019943,"Stationary"
"Stationary","Elsa",2022-11-03 13:44:41.712005,0.00380418192918193,0.00016025641025641,0.992295609483109,0.00373995217745218,"Stationary"
"Stationary","Elsa",2022-11-03 13:44:45.513604,0.0128179690679691,0.00297809829059829,0.980638863451364,0.00356506919006919,"Stationary"
"Stationary","Elsa",2022-11-03 13:44:49.488004,0.00878739316239316,0.00427350427350427,0.982478632478632,0.00446047008547009,"Stationary"
"Stationary","Elsa",2022-11-03 13:44:53.462404,0.0230578449328449,0.00860042735042735,0.957914886039886,0.0104268416768417,"Stationary"
"Stationary","Elsa",2022-11-03 13:44:57.436804,0.00854192104192104,0.00284836691086691,0.986221764346764,0.0023879477004477,"Stationary"
"Stationary","Elsa",2022-11-03 13:45:01.324803,0.0806674806674807,0.0136446886446886,0.884079288766789,0.0216085419210419,"Stationary"
"Stationary","Elsa",2022-11-03 13:45:05.299203,0.0190387159137159,0.0118532509157509,0.955843635531135,0.0132643976393976,"Stationary"
"Stationary","Elsa",2022-11-03 13:45:09.187203,0.0252442002442002,0.00260416666666667,0.961934650997151,0.0102169820919821,"Stationary"
"Stationary","Elsa",2022-11-03 13:45:13.161603,0.00431102462352462,0.000228937728937729,0.992962708587709,0.00249732905982906,"Stationary"
"Stationary","Elsa",2022-11-03 13:45:17.049603,0.01594969770373,0.0126462657712658,0.955740880236848,0.0156631562881563,"Stationary"
"Stationary","Elsa",2022-11-03 13:45:21.024003,0.00706882163535389,0.00235042735042735,0.98135265272362,0.00922809829059829,"Stationary"
"Stationary","Elsa",2022-11-03 13:45:24.998403,0.0541703312368635,0.00996896621896622,0.920921243854712,0.0149394586894587,"Stationary"
"Stationary","Elsa",2022-11-03 13:45:28.972803,0.0145998677248677,0.0012973137973138,0.972127467439967,0.011975351037851,"Stationary"
"Stationary","Elsa",2022-11-03 13:45:32.860802,0.00625482082135308,0.00252594627594628,0.987086270957239,0.00413296194546195,"Stationary"
"Stationary","Elsa",2022-11-03 13:45:36.835202,0.0219964641839642,0.00338637057387057,0.951207010582011,0.0234101546601547,"Stationary"
"Stationary","Elsa",2022-11-03 13:45:40.809602,0.0162329568579569,0.0014957264957265,0.975131639194139,0.00713967745217745,"Stationary"
"Stationary","Elsa",2022-11-03 13:45:44.697602,0.0078659188034188,0.00512820512820513,0.979334554334554,0.00767132173382173,"Stationary"
"Stationary","Elsa",2022-11-03 13:45:48.672002,0.0305269383394383,0.00444202787952788,0.95318605006105,0.0118449837199837,"Stationary"
"Stationary","Elsa",2022-11-03 13:45:52.560001,0.00816163003663004,0.00103021978021978,0.984445589133089,0.00636256105006105,"Stationary"
"Stationary","Elsa",2022-11-03 13:45:56.534401,0.00152280515183741,0.00016025641025641,0.997836169207137,0.000480769230769231,"Stationary"
"Stationary","Elsa",2022-11-03 13:46:00.508801,0.0223335113960114,0.00790789072039072,0.955444266381766,0.0143143315018315,"Stationary"
"Stationary","Elsa",2022-11-03 13:46:04.483202,0.0142971611721612,0.00509004884004884,0.96906160968661,0.0115511803011803,"Stationary"
"Stationary","Elsa",2022-11-03 13:46:08.371201,0.00818870869274095,0.0063784595034595,0.975131905877874,0.0103009259259259,"Stationary"
"Stationary","Elsa",2022-11-03 13:46:12.345601,0.0112361242401565,0.000267094017094017,0.981513545072012,0.00698323667073667,"Stationary"
"Stationary","Elsa",2022-11-03 13:46:16.320001,0.00883736559139785,0.00476953601953602,0.979626716622684,0.00676638176638177,"Stationary"
"Stationary","Elsa",2022-11-03 13:46:20.208001,0.0131219474969475,0,0.982217261904762,0.0046607905982906,"Stationary"
"Stationary","Elsa",2022-11-03 13:46:24.182401,0.0206255659380659,0.00506370037620038,0.964573248948249,0.00973748473748474,"Stationary"
"Stationary","Elsa",2022-11-03 13:46:28.0704,0.0121243178366834,0.00321784696784697,0.976166789204424,0.00849104599104599,"Stationary"
"Stationary","Elsa",2022-11-03 13:46:32.0448,0.00356570512820513,0.0012973137973138,0.991597985347985,0.00353899572649573,"Stationary"
"Stationary","Elsa",2022-11-03 13:46:36.0192,0.0269995051245051,0.00742521367521368,0.958050225237725,0.00752505596255596,"Stationary"
"Stationary","Elsa",2022-11-03 13:46:39.9072,0.0182100885225885,0.00340926434676435,0.967128993691494,0.0112516534391534,"Stationary"
"Stationary","Elsa",2022-11-03 13:46:43.8816,0.021001221001221,0.00621438746438746,0.954486543549043,0.018297847985348,"Stationary"
"Stationary","Elsa",2022-11-03 13:46:47.769599,0.0163130850630851,0.000943732193732194,0.974444826007326,0.00829835673585673,"Stationary"
"Stationary","Elsa",2022-11-03 13:46:51.657598,0.0192307692307692,0.00389957264957265,0.967390364265364,0.00947929385429385,"Stationary"
"Stationary","Elsa",2022-11-03 13:46:55.545598,0.0106386090761091,0.00149763431013431,0.979522792022792,0.00834096459096459,"Stationary"
"Stationary","Elsa",2022-11-03 13:46:59.519998,0.0124255952380952,0.00560388685388685,0.972362128612129,0.0096083892958893,"Stationary"
"Stationary","Elsa",2022-11-03 13:47:03.407998,0.0160648025063348,0.0087447853072853,0.967583320204288,0.00760709198209198,"Stationary"
"Stationary","Elsa",2022-11-03 13:47:07.382398,0.00390402421652422,0.00116376678876679,0.993968762718763,0.000963446275946276,"Stationary"
"Stationary","Elsa",2022-11-03 13:47:11.270397,0.0255926943426943,0.0134615384615385,0.947419363044363,0.0135264041514042,"Stationary"
"Stationary","Elsa",2022-11-03 13:47:15.331198,0.0276156965015661,0.00557717745217745,0.955365244156005,0.0114418818902515,"Stationary"
"Stationary","Elsa",2022-11-03 13:47:19.219197,0.0176848036223036,0.00478988603988604,0.96027993996744,0.0172453703703704,"Stationary"
"Stationary","Elsa",2022-11-03 13:47:23.107197,0.0275768213268213,0.00459719678469678,0.956090379527879,0.0117356023606024,"Stationary"
"Stationary","Elsa",2022-11-03 13:47:27.081597,0.0134411884411884,0.00325409544159544,0.974012388074888,0.00929232804232804,"Stationary"
"Stationary","Elsa",2022-11-03 13:47:33.647996,0.0656689953564954,0.00486492673992674,0.919242100492101,0.0102239774114774,"Stationary"
"Stationary","Elsa",2022-11-03 13:47:37.622396,0.00458257020757021,0.00711996336996337,0.981730133292633,0.00656733312983313,"Stationary"
"Stationary","Elsa",2022-11-03 13:47:41.510396,0.0113120675620676,0.00772792022792023,0.965422135734636,0.0155378764753765,"Stationary"
"Stationary","Elsa",2022-11-03 13:47:45.398396,0.036307615995116,0.00364519739519739,0.94434650997151,0.0157006766381766,"Stationary"
"Stationary","Elsa",2022-11-03 13:47:49.372796,0.00436698717948718,0.00330051892551893,0.985101241351241,0.00723125254375254,"Stationary"
"Stationary","Elsa",2022-11-03 13:47:53.347196,0.0103187321937322,0.00238603988603989,0.983616961741961,0.00367826617826618,"Stationary"
"Stationary","Elsa",2022-11-03 13:47:57.407996,0.0886535917785918,0.0082710113960114,0.885377087300164,0.0176983095252326,"Stationary"
"Foraging","Elsa",2022-11-03 13:48:01.295996,0.597521659829774,0.0304887820512821,0.199651048472321,0.172338509646624,"Foraging"
"Foraging","Elsa",2022-11-03 13:53:02.659197,0.544612313165472,0.0167166292845641,0.252105532357908,0.186565525192056,"Foraging"
"Foraging","Elsa",2022-11-03 13:53:04.646402,0.756913517768781,0.0265065374440374,0.0491649128162286,0.167415031970953,"Foraging"
"Foraging","Elsa",2022-11-03 13:53:06.633597,0.849016714491543,0.0290309353488701,0.033360578261894,0.0885917718976929,"Foraging"
"Foraging","Elsa",2022-11-03 13:53:08.620802,0.881031266745745,0.016994534249969,0.0449591298497936,0.0570150691544922,"Foraging"
"Foraging","Elsa",2022-11-03 13:53:10.607997,0.849783421590486,0.0280585859390207,0.0394605972730973,0.0826973951973952,"Foraging"
"Foraging","Elsa",2022-11-03 13:53:12.508802,0.925776035751997,0.0181369556369556,0.0287037659633813,0.0273832426476657,"Foraging"
"Foraging","Elsa",2022-11-03 13:53:14.495997,0.922493642655971,0.0164781524835873,0.0220586857100015,0.0389695191504402,"Foraging"
"Foraging","Elsa",2022-11-03 13:53:16.483202,0.604320988810454,0.0638516632419072,0.0942762294705552,0.237551118477083,"Foraging"
"Foraging","Elsa",2022-11-03 13:53:18.470397,0.477184667032359,0.00515845366388845,0.22180394601229,0.295852933291462,"Foraging"
"TreeMovement","Elsa",2022-11-03 13:53:20.457602,0.111864629531595,0.00683188339438339,0.0931387684301636,0.788164718643858,"TreeMovement"
"TreeMovement","Elsa",2022-11-03 13:53:22.358396,0.205150531680632,0.0134774947274947,0.146298126904837,0.635073846687037,"TreeMovement"
"TreeMovement","Elsa",2022-11-03 13:53:24.345601,0.166569873164033,0.0113302332731681,0.202176860417151,0.619923033145647,"TreeMovement"
"TreeMovement","Elsa",2022-11-03 13:53:26.332796,0.172984593686764,0.000498575498575499,0.20716380572394,0.619353025090721,"TreeMovement"
"TreeMovement","Elsa",2022-11-03 13:53:28.320002,0.103762128747388,0.00351228632478633,0.234661343710917,0.658064241216908,"TreeMovement"
"TreeMovement","Elsa",2022-11-03 13:53:30.307197,0.168339926402274,0.00485892680186158,0.284197649984788,0.542603496811076,"TreeMovement"
"TreeMovement","Elsa",2022-11-03 13:53:32.294402,0.226059509647612,0.0158622049247049,0.223689643366133,0.534388642061551,"TreeMovement"
"TreeMovement","Elsa",2022-11-03 13:53:34.195196,0.244118922364114,0.000779562318023856,0.137624882562665,0.617476632755196,"TreeMovement"
"TreeMovement","Elsa",2022-11-03 13:53:36.182401,0.182355037350857,0.0218947140822141,0.159656963488096,0.636093285078833,"TreeMovement"
"TreeMovement","Elsa",2022-11-03 13:53:38.169596,0.165249761796658,0.0444291819291819,0.115709105334612,0.674611950939549,"TreeMovement"
"TreeMovement","Elsa",2022-11-03 13:53:40.156801,0.187702567579522,0.00791715329758808,0.177893565726482,0.626486713396407,"TreeMovement"
"TreeMovement","Elsa",2022-11-03 13:53:42.143996,0.164721191196149,0.00605095136345136,0.182187184277185,0.647040673163215,"TreeMovement"
"TreeMovement","Elsa",2022-11-03 13:53:44.131201,0.217584325396825,0.0141400844525845,0.1537027497965,0.614572840354091,"TreeMovement"
"Foraging","Elsa",2022-11-03 14:05:50.755202,0.688582771395271,0.0271923734576174,0.101353912291412,0.182870942855699,"Foraging"
"Foraging","Elsa",2022-11-03 14:05:52.742397,0.864031731151296,0.0248986093415441,0.0537474678099678,0.0573221916971917,"Foraging"
"Foraging","Elsa",2022-11-03 14:05:54.643201,0.67249826461783,0.0738397723452071,0.0817657458282459,0.171896217208717,"Foraging"
"Foraging","Elsa",2022-11-03 14:05:56.630396,0.933905524941131,0.00892793549043549,0.0396117146489315,0.0175548249195018,"Foraging"
"Foraging","Elsa",2022-11-03 14:05:58.617602,0.826279507529508,0.04027586996337,0.091920405982906,0.0415242165242165,"Foraging"
"Foraging","Elsa",2022-11-03 14:06:00.604797,0.785779787342288,0.0324958028083028,0.0666615791615792,0.115062830687831,"Foraging"
"Foraging","Elsa",2022-11-03 14:45:59.241595,0.817837844580633,0.0207201363451363,0.0502771711906327,0.111164847883598,"Foraging"
"Foraging","Elsa",2022-11-03 14:46:01.2288,0.899257139761948,0.0303375755298832,0.0248872432766664,0.045518041431503,"Foraging"
"Foraging","Elsa",2022-11-03 14:46:03.215995,0.755130430911681,0.0348144332519332,0.044613603988604,0.165441531847782,"Foraging"
"Foraging","Elsa",2022-11-03 14:46:05.2032,0.499962396892552,0.00708625864875865,0.200953295320035,0.291998049138653,"Foraging"
"Foraging","Elsa",2022-11-03 14:46:07.104005,0.516904757467984,0.0831482753357754,0.208657975314952,0.191288991881288,"Foraging"
"Foraging","Elsa",2022-11-03 14:47:03.091198,0.604003110254647,0.0125705891330891,0.148808485492346,0.234617815119918,"Foraging"
"Foraging","Elsa",2022-11-03 14:47:05.078403,0.87276276963777,0.0122278184778185,0.0777186355311355,0.0372907763532763,"Foraging"
"Foraging","Elsa",2022-11-03 14:47:06.979198,0.830598701512163,0.00925417175417175,0.111747342756958,0.048399783976707,"Foraging"
"Foraging","Elsa",2022-11-03 14:47:08.966403,0.554025078001546,0.00570945258445258,0.199349900783352,0.24091556863065,"Foraging"
"Foraging","Elsa",2022-11-03 14:47:10.953598,0.518931822607503,0.00433936534480013,0.207621435477524,0.269107376570172,"Foraging"
"Foraging","Elsa",2022-11-03 14:47:12.940803,0.517904721502701,0.0197624713249713,0.181139118929999,0.281193688242328,"Foraging"
"TreeMovement","Elsa",2022-11-03 14:47:14.927998,0.269751514848498,0.100547893597463,0.107878001628002,0.521822589926038,"TreeMovement"
"TreeMovement","Elsa",2022-11-03 14:58:53.299195,0.267913995726496,0.0252486518111518,0.184160688848189,0.522676663614164,"TreeMovement"
"TreeMovement","Elsa",2022-11-03 14:58:55.2864,0.113270435724507,0.000961538461538462,0.237338120165879,0.648429905648075,"TreeMovement"
"TreeMovement","Elsa",2022-11-03 14:58:57.273595,0.152397134789121,0.00226330382580383,0.244868537587014,0.600471023798062,"TreeMovement"
"TreeMovement","Elsa",2022-11-03 14:58:59.1744,0.19541419013585,0.00293803418803419,0.184217315708854,0.617430459967262,"TreeMovement"
"TreeMovement","Elsa",2022-11-03 14:59:01.161605,0.180708165819997,0.00471866096866097,0.118564230337365,0.696008942873977,"TreeMovement"
"TreeMovement","Elsa",2022-11-03 14:59:03.1488,0.112436844881698,0.00671487077737078,0.251804047668018,0.629044236672913,"TreeMovement"
"TreeMovement","Elsa",2022-11-03 14:59:05.136005,0.138756353366045,0.00657051282051282,0.232353232949122,0.622319900864321,"TreeMovement"
"TreeMovement","Elsa",2022-11-03 14:59:07.1232,0.123766270887981,0.00490626271876272,0.234740696196706,0.636586770196549,"TreeMovement"
"TreeMovement","Elsa",2022-11-03 14:59:09.110405,0.112204124574443,0.000712250712250712,0.256256760963024,0.630826863750282,"TreeMovement"
"TreeMovement","Elsa",2022-11-03 14:59:11.0976,0.138019138256728,0.00955751424501424,0.212969338940414,0.639454008557844,"TreeMovement"
"TreeMovement","Elsa",2022-11-03 15:01:09.033603,0.186883394383394,0.0485373422873423,0.186702533577534,0.57787672975173,"TreeMovement"
"TreeMovement","Elsa",2022-11-03 15:01:11.020798,0.193342136245953,0.00224549755799756,0.162836654555431,0.641575711640619,"TreeMovement"
"TreeMovement","Elsa",2022-11-03 15:01:13.008003,0.079658795215461,0.000635938135938136,0.364745999840816,0.554959266807784,"TreeMovement"
"TreeMovement","Elsa",2022-11-03 15:01:14.908797,0.122628590124192,0.0056445868945869,0.229785340079131,0.64194148290209,"TreeMovement"
"TreeMovement","Elsa",2022-11-03 15:01:16.896002,0.140115044555834,0.00320512820512821,0.188167223623954,0.668512603615084,"TreeMovement"
"TreeMovement","Elsa",2022-11-03 15:01:18.883197,0.165217182296623,0.00330560643060643,0.255307323824686,0.576169887448084,"TreeMovement"
"TreeMovement","Elsa",2022-11-03 15:01:20.870402,0.114982436850532,0.000228937728937729,0.231037619925169,0.653751005495361,"TreeMovement"
"TreeMovement","Elsa",2022-11-03 15:01:22.771197,0.105775879213379,0.0100936100936101,0.254598493359554,0.629532017333457,"TreeMovement"
"TreeMovement","Elsa",2022-11-03 15:01:24.758402,0.159595505924016,0.00498511904761905,0.247786893123703,0.587632481904662,"TreeMovement"
"TreeMovement","Elsa",2022-11-03 15:04:02.265604,0.203313492063492,0.0382211538461538,0.156601590840721,0.601863763249633,"TreeMovement"
"TreeMovement","Elsa",2022-11-03 15:04:04.3392,0.14260358966961,0.00147537647537648,0.224351407492524,0.631569626362489,"TreeMovement"
"TreeMovement","Elsa",2022-11-03 15:04:06.240004,0.152203299046058,0.00702648046398046,0.233467636693038,0.607302583796924,"TreeMovement"
"Foraging","Elsa",2022-11-03 15:04:08.227199,0.451447338555132,0.00337873931623932,0.182444409550938,0.362729512577691,"Foraging"
"Foraging","Elsa",2022-11-03 15:04:10.214404,0.600390480308007,0.0343669001563738,0.0874605046769491,0.277782114858671,"Foraging"
"Foraging","Elsa",2022-11-03 15:04:12.201599,0.733912430908134,0.0537056115181115,0.0965188106444308,0.115863146929323,"Foraging"
"Foraging","Elsa",2022-11-03 15:04:14.188804,0.530550053433217,0.00909582315832316,0.14382283870008,0.31653128470838,"Foraging"
"Foraging","Elsa",2022-11-03 15:04:16.089599,0.697589472923425,0.0206496167275519,0.101636561439163,0.18012434890986,"Foraging"
"Foraging","Elsa",2022-11-03 15:04:18.163204,0.539484276969536,0.017609126984127,0.177782067360487,0.265124528685849,"Foraging"
"Foraging","Elsa",2022-11-03 15:04:20.063999,0.533731934393355,0.0193096255596256,0.149002629213966,0.297955810833054,"Foraging"
"TreeMovement","Elsa",2022-11-03 15:04:22.310396,0.102493264640572,0.00240384615384615,0.289095131800302,0.606007757405281,"TreeMovement"
"TreeMovement","Elsa",2022-11-03 15:04:24.297601,0.208325051251496,0.0027415293040293,0.185247921133205,0.603685498311269,"TreeMovement"
"TreeMovement","Elsa",2022-11-03 15:04:26.198395,0.138083585605233,0.0211125101750102,0.203154967394233,0.637648936825524,"TreeMovement"
"TreeMovement","Elsa",2022-11-03 15:04:28.1856,0.128770007657203,0.00176282051282051,0.216395402934237,0.65307176889574,"TreeMovement"
"TreeMovement","Elsa",2022-11-03 15:04:30.172795,0.132517574337427,0.00750661375661376,0.288887147972272,0.571088663933687,"TreeMovement"
"TreeMovement","Elsa",2022-11-03 15:04:32.16,0.19487351065727,0.00935973748473748,0.129185635221452,0.666581116636541,"TreeMovement"
"TreeMovement","Elsa",2022-11-03 15:04:34.060805,0.204021217811979,0.0405893874643875,0.115760995836124,0.63962839888751,"TreeMovement"
"TreeMovement","Elsa",2022-11-03 15:04:36.048,0.136109653733642,0.00240384615384615,0.194573447622537,0.666913052489976,"TreeMovement"
"TreeMovement","Elsa",2022-11-03 15:04:38.035205,0.252480909553735,0.0172149031524031,0.166692606114438,0.563611581179424,"TreeMovement"
"TreeMovement","Elsa",2022-11-03 15:04:40.1088,0.417302391340853,0.0266190984940985,0.12039205452667,0.435686455638378,"TreeMovement"
"TreeMovement","Elsa",2022-11-03 15:04:42.009605,0.148177298901616,0.0120980870980871,0.179509382201057,0.66021523179924,"TreeMovement"
"TreeMovement","Elsa",2022-11-03 15:04:44.083201,0.171853381352094,0.00448054361097839,0.210620878596092,0.613045196440835,"TreeMovement"
"TreeMovement","Elsa",2022-11-03 15:04:46.070396,0.372792440071896,0.0104999745624746,0.124561218770477,0.492146366595152,"TreeMovement"
"TreeMovement","Elsa",2022-11-03 15:04:47.9712,0.204965938117859,0.00694162419705898,0.188825565553429,0.599266872131653,"TreeMovement"
"TreeMovement","Elsa",2022-11-03 15:04:49.958395,0.196305239594713,0.0197433353683354,0.169543823385958,0.614407601650993,"TreeMovement"
"TreeMovement","Elsa",2022-11-03 15:05:45.081602,0.207679899340319,0.00349002849002849,0.224277262922628,0.564552809247024,"TreeMovement"
"TreeMovement","Elsa",2022-11-03 15:05:47.068797,0.257054921284159,0.0123709045584046,0.239544782667714,0.491029391489723,"TreeMovement"
"TreeMovement","Elsa",2022-11-03 15:05:48.969602,0.211502045663263,0.00639626577126577,0.185908022333595,0.596193666231876,"TreeMovement"
"TreeMovement","Elsa",2022-11-03 15:05:50.956797,0.162184623602893,0.00538248254594409,0.190664900733841,0.641767993117322,"TreeMovement"
"TreeMovement","Elsa",2022-11-03 15:05:52.944002,0.117352531400291,0.00333867521367521,0.309383467651791,0.569925325734243,"TreeMovement"
"TreeMovement","Elsa",2022-11-03 15:05:54.931197,0.215683995466247,0.002004477004477,0.156788260822542,0.625523266706735,"TreeMovement"
"TreeMovement","Elsa",2022-11-03 15:05:56.918402,0.207285400993687,0.00301816239316239,0.171295511382219,0.618400925230932,"TreeMovement"
"TreeMovement","Elsa",2022-11-03 15:05:58.819196,0.149401670794823,0.00051510989010989,0.225583585057451,0.624499634257617,"TreeMovement"
"TreeMovement","Elsa",2022-11-03 15:06:00.806401,0.234942274403414,0.0286636396011396,0.101657407952011,0.634736678043435,"TreeMovement"
"TreeMovement","Elsa",2022-11-03 15:06:02.707196,0.221421785875968,0.0196259815162254,0.176462339881583,0.582489892726223,"TreeMovement"
"TreeMovement","Elsa",2022-11-03 15:06:04.694401,0.165541419618198,0.00427604802604803,0.159878336948111,0.670304195407645,"TreeMovement"
"Foraging","Elsa",2022-11-03 15:06:48.24,0.91463560186301,0.00505252849002849,0.0347781908946082,0.0455336787523536,"Foraging"
"Foraging","Elsa",2022-11-03 15:06:50.140805,0.839470853861723,0.021422212047212,0.0674370873756201,0.0716698467154447,"Foraging"
"Foraging","Elsa",2022-11-03 15:06:52.214401,0.944349077233328,0.00472565628815629,0.0271376118886842,0.0237876545898315,"Foraging"
"Foraging","Elsa",2022-11-03 15:06:54.115195,0.750877999315499,0.0451121794871795,0.104920889295889,0.0990889319014319,"Foraging"
"Foraging","Elsa",2022-11-03 15:06:56.1024,0.427977707736408,0.00884399165649166,0.326179534134024,0.236998766473075,"Foraging"
"Foraging","Elsa",2022-11-03 15:06:58.089595,0.548344670604532,0.0130905100334448,0.195461867910617,0.243102951451407,"Foraging"
"TreeMovement","Elsa",2022-11-03 15:07:57.014401,0.231229014041514,0.0277574277574278,0.238889524827025,0.502124033374034,"TreeMovement"
"Foraging","Elsa",2022-11-03 15:07:59.001596,0.481918682130799,0.00192307692307692,0.272239950656733,0.243918290289391,"Foraging"
"Foraging","Elsa",2022-11-03 15:08:00.988801,0.566595269263506,0.010876617291091,0.153460167255086,0.269067946190316,"Foraging"
"Foraging","Elsa",2022-11-03 15:08:02.975996,0.633864960875691,0.0235021412411118,0.129828386066403,0.212804511816795,"Foraging"
"Foraging","Elsa",2022-11-03 15:08:04.963201,0.695494688881317,0.0383203601953602,0.143779594651688,0.122405356271635,"Foraging"
"Foraging","Elsa",2022-11-03 15:08:06.950396,0.867270019243126,0.0180491961741962,0.0654994842867012,0.0491813002959772,"Foraging"
"Foraging","Elsa",2022-11-03 15:08:08.937602,0.707795191116349,0.0139429436304436,0.0919000620789794,0.186361803174228,"Foraging"
"Foraging","Elsa",2022-11-03 15:08:10.838396,0.500482218536862,0.00344587226380705,0.272507555517253,0.223564353682078,"Foraging"
"TreeMovement","Elsa",2022-11-03 15:08:13.603197,0.160581259399401,0.0111912393162393,0.253408521356144,0.574818979928216,"TreeMovement"
"TreeMovement","Elsa",2022-11-03 15:08:15.590402,0.225085695176089,0.0654803008080447,0.146127164472304,0.563306839543562,"TreeMovement"
"TreeMovement","Elsa",2022-11-03 15:08:17.577597,0.220792535455997,0.043585292022792,0.150475877398954,0.585146295122257,"TreeMovement"
"TreeMovement","Elsa",2022-11-03 15:08:19.564802,0.168067004257635,0.0115393921796361,0.107530459875268,0.712863143687462,"TreeMovement"
"TreeMovement","Elsa",2022-11-03 15:08:21.551997,0.161572117341348,0.0190705128205128,0.100763712782944,0.718593657055196,"TreeMovement"
"TreeMovement","Elsa",2022-11-03 15:08:23.452801,0.159682423531225,0.0560487023139462,0.0545745990410815,0.729694275113747,"TreeMovement"
"TreeMovement","Elsa",2022-11-03 15:08:25.439996,0.120003276964019,0.00288079975579976,0.126645192074474,0.750470731205708,"TreeMovement"
"TreeMovement","Elsa",2022-11-03 15:08:27.427202,0.15323181671932,0.0152911324786325,0.104654937990884,0.726822112811165,"TreeMovement"
"TreeMovement","Elsa",2022-11-03 15:08:29.414397,0.21259064564353,0.0287196021571022,0.116190922681307,0.64249882951806,"TreeMovement"
"TreeMovement","Elsa",2022-11-03 15:08:31.401602,0.273716019752942,0.0212473290598291,0.175202225492913,0.529834425694315,"TreeMovement"
"TreeMovement","Elsa",2022-11-03 15:08:33.302396,0.165672094179812,0.0231443325193325,0.184584472062424,0.626599101238431,"TreeMovement"
"TreeMovement","Elsa",2022-11-03 15:28:19.747198,0.167019846057213,0.00542582417582418,0.213342954207383,0.61421137555958,"TreeMovement"
"TreeMovement","Elsa",2022-11-03 15:28:21.648002,0.217011858333729,0.0138128710156149,0.123734873380951,0.645440397269705,"TreeMovement"
"TreeMovement","Elsa",2022-11-03 15:28:23.635197,0.172586272657854,0.0104131457408896,0.0804181343147071,0.736582447286551,"TreeMovement"
"TreeMovement","Elsa",2022-11-03 15:28:25.622402,0.193652841352629,0.0134348290598291,0.156026572333282,0.63688575725426,"TreeMovement"
"TreeMovement","Elsa",2022-11-03 15:28:27.609597,0.121410896169978,0.00306712962962963,0.288454883162732,0.58706709103766,"TreeMovement"
"Foraging","Elsa",2022-11-03 15:28:29.596802,0.538772509869422,0.0476718304843305,0.134584195325592,0.278971464320655,"Foraging"
"Foraging","Elsa",2022-11-03 15:28:31.583997,0.886950057983347,0.00435871998371998,0.0457953617243187,0.0628958603086141,"Foraging"
"Foraging","Elsa",2022-11-03 15:28:33.484802,0.924603794761208,0.011502849002849,0.0210472200003838,0.0428461362355593,"Foraging"
"Foraging","Elsa",2022-11-03 15:28:35.471997,0.597075321772843,0.0176394333323681,0.115941249264003,0.269343995630786,"Foraging"
"Foraging","Elsa",2022-11-03 15:28:52.665597,0.885939297910087,0.0057247150997151,0.0239474526889096,0.0843885343012881,"Foraging"
"Foraging","Elsa",2022-11-03 15:28:54.652802,0.861177373065925,0.0155849358974359,0.0279582141009868,0.0952794769356518,"Foraging"
"Foraging","Elsa",2022-11-03 15:28:56.639997,0.873153703874493,0.0135632885632886,0.0390872318911888,0.0741957756710295,"Foraging"
"TreeMovement","Elsa",2022-11-03 15:28:58.627202,0.155656387042932,0.00455522486772487,0.194404425477033,0.64538396261231,"TreeMovement"
"TreeMovement","Elsa",2022-11-03 15:29:00.614397,0.1556342388616,0.00744210751004229,0.181176718836552,0.655746934791806,"TreeMovement"
"TreeMovement","Elsa",2022-11-03 15:29:02.601602,0.155441008421778,0.0057781339031339,0.205666794336455,0.633114063338633,"TreeMovement"
"TreeMovement","Elsa",2022-11-03 15:29:04.588797,0.222319477843759,0.0243714166268514,0.143086036179333,0.610223069350057,"TreeMovement"
"Foraging","Elsa",2022-11-03 15:29:21.868798,0.780781835499452,0.0139248608677957,0.053073001700279,0.152220301932473,"Foraging"
"Foraging","Elsa",2022-11-03 15:29:23.856003,0.931893338143338,0.0128306878306878,0.0216466982091982,0.0336292758167758,"Foraging"
"Foraging","Elsa",2022-11-03 15:29:25.843198,0.589657102157102,0.0521361161986162,0.0902199074074075,0.267986874236874,"Foraging"
"Foraging","Elsa",2022-11-03 15:33:01.238399,0.821830426517927,0.0120389448514449,0.0819777089007859,0.0841529197298429,"Foraging"
"Foraging","Elsa",2022-11-03 15:33:03.139203,0.611058582621082,0.086728607041107,0.179435668498169,0.122777141839642,"Foraging"
"Foraging","Elsa",2022-11-03 15:33:05.126398,0.543055332488209,0.00257173382173382,0.284016850359903,0.170356083330155,"Foraging"
"Foraging","Elsa",2022-11-03 15:33:07.113603,0.554560410287545,0.0107905982905983,0.171337347200097,0.26331164422176,"Foraging"
"Foraging","Elsa",2022-11-03 15:33:09.100798,0.885845133321095,0.00407127594627595,0.0561504512225666,0.0539331395100626,"Foraging"
"Foraging","Elsa",2022-11-03 15:33:11.088003,0.855832726746188,0.00768849206349206,0.0553637957484112,0.0811149854419085,"Foraging"
"Foraging","Elsa",2022-11-03 15:33:12.988798,0.749760589081402,0.0201920670841351,0.104444079320831,0.125603264513632,"Foraging"
"Foraging","Elsa",2022-11-03 15:33:14.976003,0.587837924780983,0.013013838013838,0.149774173003666,0.249374064201513,"Foraging"
"Foraging","Elsa",2022-11-03 15:33:16.963198,0.752867445054945,0.0151760276760277,0.145833969271469,0.086122557997558,"Foraging"
"Foraging","Elsa",2022-11-03 15:33:18.950403,0.732408043345543,0.0346815221815222,0.137438314000814,0.0954721204721205,"Foraging"
"Foraging","Elsa",2022-11-03 15:33:20.937598,0.845967826854455,0.0209865944240944,0.069432760929854,0.0636128177915969,"Foraging"
"Foraging","Elsa",2022-11-03 15:33:22.924803,0.490921405357066,0.0185457660217276,0.178828623079893,0.311704205541314,"Foraging"
"Foraging","Elsa",2022-11-03 15:33:32.860798,0.602855170064683,0.0286668192918193,0.178697022725531,0.189780987917967,"Foraging"
"Foraging","Elsa",2022-11-03 15:33:34.848003,0.583248931745912,0.00601279507529508,0.176902427463399,0.233835845715394,"Foraging"
"Foraging","Elsa",2022-11-03 15:33:41.759995,0.849007202733164,0.0124955484330484,0.0678917770263925,0.0706054718073949,"Foraging"
"Foraging","Elsa",2022-11-03 15:33:43.7472,0.972580360958563,0.0031517094017094,0.0126832919404127,0.0115846376993146,"Foraging"
"Foraging","Elsa",2022-11-03 15:33:45.734396,0.538012407795644,0.000961538461538461,0.229288991376889,0.231737062365929,"Foraging"
"Foraging","Elsa",2022-11-03 15:33:47.6352,0.493876126087561,0.024298630490345,0.158653368576563,0.323171874845531,"Foraging"
"Foraging","Elsa",2022-11-03 15:33:49.622405,0.588110207080475,0.00440504563100717,0.162906510135534,0.244578237152984,"Foraging"
"Foraging","Elsa",2022-11-03 15:33:51.6096,0.85319931471168,0.00132211538461538,0.0556374144551029,0.0898411554486016,"Foraging"
"Foraging","Elsa",2022-11-03 15:33:53.596795,0.655715298050906,0.00993589743589744,0.147278441880428,0.187070362632769,"Foraging"
"Foraging","Elsa",2022-11-03 15:33:55.584,0.50217041425923,0.0294401200651201,0.16943454936876,0.29895491630689,"Foraging"
"Foraging","Elsa",2022-11-03 15:34:02.1504,0.601107688130259,0.0260270400895401,0.100907359218673,0.271957912561528,"Foraging"
"Foraging","Elsa",2022-11-03 15:34:04.137605,0.848922231436977,0.0256375608746298,0.0494498131011289,0.0759903945872639,"Foraging"
"Foraging","Elsa",2022-11-03 15:34:06.1248,0.854676004064556,0.0205497049247049,0.0390906580459308,0.0856836329648078,"Foraging"
"Foraging","Elsa",2022-11-03 15:34:08.112005,0.790942621569574,0.00684602078832848,0.0644447368617615,0.137766620780336,"Foraging"
"Foraging","Elsa",2022-11-03 15:34:10.012799,0.572193192777432,0.016049530179965,0.137779903269034,0.273977373773569,"Foraging"
"Foraging","Elsa",2022-11-03 15:34:42.412805,0.501976694847396,0.00224358974358974,0.201609021953571,0.294170693455443,"Foraging"
"Foraging","Elsa",2022-11-03 15:34:44.313599,0.659494270349534,0.00563123219373219,0.0962285359215184,0.238645961535216,"Foraging"
"Foraging","Elsa",2022-11-03 15:34:46.300804,0.553843286343286,0.00251513532763533,0.174472836191586,0.269168742137492,"Foraging"
"Foraging","Elsa",2022-11-03 15:34:48.287999,0.630348757358667,0.0125756766381766,0.107535040980887,0.249540525022269,"Foraging"
"Foraging","Elsa",2022-11-03 15:34:50.275204,0.633974415339496,0.00295520451770452,0.132835607025031,0.230234773117769,"Foraging"
"Foraging","Elsa",2022-11-03 15:34:52.262399,0.583006375770166,0.0201853123728124,0.161430335062673,0.235377976794348,"Foraging"
"Foraging","Elsa",2022-11-03 15:34:54.249604,0.701953868204555,0.00382898351648352,0.0986914007307685,0.195525747548193,"Foraging"
"Foraging","Elsa",2022-11-03 15:34:56.150399,0.576563584753762,0.0339708380485819,0.131463176883166,0.25800240031449,"Foraging"
"Foraging","Elsa",2022-11-03 15:35:08.2464,0.586498818932177,0.0157505745158184,0.113594592819893,0.284156013732111,"Foraging"
"Foraging","Elsa",2022-11-03 15:35:10.147205,0.697565863108627,0.0125546906796907,0.109963142364458,0.179916303847225,"Foraging"
"Foraging","Elsa",2022-11-03 15:35:12.1344,0.68901863518799,0.00561278998778999,0.121060812693877,0.184307762130343,"Foraging"
"Foraging","Elsa",2022-11-03 15:35:14.121605,0.52018379073388,0.0675766941391941,0.162444285551956,0.24979522957497,"Foraging"
"Foraging","Elsa",2022-11-03 15:42:40.204802,0.830433273101543,0.0190350470398547,0.104865024576563,0.0456666552820399,"Foraging"
"Foraging","Elsa",2022-11-03 15:42:42.191997,0.572899253844891,0.031828427208862,0.110765872625791,0.284506446320457,"Foraging"
"Foraging","Elsa",2022-11-03 15:45:36.9792,0.498041522679269,0.0195690883190883,0.264439006961368,0.217950382040275,"Foraging"
"Foraging","Elsa",2022-11-03 15:45:38.966405,0.820766102549129,0.0336605649784998,0.0516664514260668,0.0939068810463041,"Foraging"
"Foraging","Elsa",2022-11-03 15:45:40.9536,0.941442593455884,0.0173048720603068,0.00971796375389493,0.0315345707299148,"Foraging"
"Foraging","Elsa",2022-11-03 15:45:42.940795,0.915970852509314,0.0194552553927554,0.0306461522807677,0.0339277398171629,"Foraging"
"Foraging","Elsa",2022-11-03 15:45:44.928,0.588756958391844,0.016611975986976,0.147828188234022,0.246802877387158,"Foraging"
"Foraging","Elsa",2022-11-03 15:45:46.828804,0.597802959045443,0.0414940509369857,0.118330671452781,0.242372318564791,"Foraging"
"Foraging","Elsa",2022-11-03 15:58:33.974402,0.863397155995262,0.0164498117623118,0.0810736092358262,0.0390794230065999,"Foraging"
"Foraging","Elsa",2022-11-03 15:58:35.961597,0.822490767530675,0.0277466168091168,0.0877874501538675,0.0619751655063404,"Foraging"
"Foraging","Elsa",2022-11-03 15:58:37.862401,0.587384094672101,0.0502073736448736,0.204934825897471,0.157473705785554,"Foraging"
"Foraging","Elsa",2022-11-03 15:58:39.849597,0.615953877790585,0.0229868814682778,0.148969987678595,0.212089253062543,"Foraging"
"Foraging","Elsa",2022-11-03 16:01:14.8512,0.854520731493838,0.0157089438339438,0.0878711519708689,0.0418991727013496,"Foraging"
"Foraging","Elsa",2022-11-03 16:01:16.838395,0.842430373490018,0.0157928876678877,0.109349669002271,0.0324270698398236,"Foraging"
"Locomotion","Elsa",2022-11-03 16:01:18.739199,0.0492483211233211,0.879889092389092,0.0216225325600326,0.0492400539275539,"Locomotion"
"Locomotion","Elsa",2022-11-03 19:45:07.199998,0.00016025641025641,0.994941112128612,0.000801282051282051,0.00409734940984941,"Locomotion"
"Locomotion","Elsa",2022-11-03 19:45:07.199998,0.0104255698005698,0.967452686202686,0.00526365995115995,0.016858084045584,"Locomotion"
"Locomotion","Elsa",2022-11-03 19:45:15.840003,0.0021545584045584,0.987161680911681,0.00427350427350427,0.00641025641025641,"Locomotion"
"Locomotion","Elsa",2022-11-03 19:45:15.840003,0.00202991452991453,0.995032051282051,0.00106837606837607,0.00186965811965812,"Locomotion"
"Locomotion","Elsa",2022-11-03 19:45:15.840003,0.0196091524216524,0.929581298331298,0.0137178215303215,0.0370917277167277,"Locomotion"
"Locomotion","Elsa",2022-11-03 19:45:24.479999,0.0160911426536427,0.968521062271062,0.00682298026048026,0.00856481481481482,"Locomotion"
"Locomotion","Elsa",2022-11-03 19:45:33.120004,0.00821186914936915,0.98396164021164,0.00268874643874644,0.0051377442002442,"Locomotion"
"Locomotion","Elsa",2022-11-03 19:45:33.120004,0.00113514957264957,0.99718660968661,0.00127759971509972,0.000400641025641026,"Locomotion"
"Locomotion","Elsa",2022-11-03 19:45:33.120004,0.00316061253561254,0.99325841982092,0.000923382173382173,0.00265758547008547,"Locomotion"
"Locomotion","Elsa",2022-11-03 19:45:33.120004,0,0.997996794871795,0.00200320512820513,0,"Locomotion"
"Locomotion","Elsa",2022-11-03 19:45:33.120004,0.036091397028897,0.884687245624746,0.0229719932844933,0.056249364061864,"Locomotion"
"Locomotion","Elsa",2022-11-03 19:45:41.76,0.011163893976394,0.980259208384209,0.00206043956043956,0.00651645807895808,"Locomotion"
"Locomotion","Elsa",2022-11-03 19:46:16.320001,0,0.999599358974359,0.000400641025641026,0,"Locomotion"
"Locomotion","Elsa",2022-11-03 19:46:16.320001,0.00310592185592186,0.989882224257224,0.00239239926739927,0.00461945461945462,"Locomotion"
"Locomotion","Elsa",2022-11-03 19:46:16.320001,0.0215856481481481,0.948163410663411,0.00597845441595442,0.0242724867724868,"Locomotion"
"Locomotion","Elsa",2022-11-03 19:46:24.959996,0.00146901709401709,0.99732905982906,0,0.00120192307692308,"Locomotion"
"Locomotion","Elsa",2022-11-03 19:46:24.959996,0.000228937728937729,0.999771062271062,0,0,"Locomotion"
"Locomotion","Elsa",2022-11-03 19:46:24.959996,0.01373371998372,0.956873219373219,0.00728276353276353,0.0221102971102971,"Locomotion"
"Locomotion","Elsa",2022-11-03 19:46:59.519998,0.00603878082326358,0.988839636576705,0.00208333333333333,0.00303824926669754,"Locomotion"
"Locomotion","Elsa",2022-11-03 19:46:59.519998,0.00237014143264143,0.993274318274318,0.00163118131868132,0.00272435897435897,"Locomotion"
"Locomotion","Elsa",2022-11-03 19:46:59.519998,0.00427350427350427,0.99238782051282,0.00200320512820513,0.00133547008547009,"Locomotion"
"Locomotion","Elsa",2022-11-03 19:46:59.519998,0.0265586843711844,0.938036095848596,0.00901442307692308,0.0263907967032967,"Locomotion"
"Locomotion","Elsa",2022-11-03 19:47:08.160004,0.0084878663003663,0.97960292022792,0.00128650284900285,0.0106227106227106,"Locomotion"
"Locomotion","Elsa",2022-11-03 19:47:08.160004,0.00419853232353232,0.988984640547141,0.00286574349074349,0.00395108363858364,"Locomotion"
"Locomotion","Elsa",2022-11-03 19:47:08.160004,0.00865829772079772,0.975276633089133,0.00223214285714286,0.0138329263329263,"Locomotion"
"Locomotion","Elsa",2022-11-03 19:47:16.799999,0,1,0,0,"Locomotion"
"Locomotion","Elsa",2022-11-03 19:47:16.799999,0.00255265567765568,0.991781135531136,0.00240766178266178,0.00325854700854701,"Locomotion"
"Locomotion","Elsa",2022-11-03 19:47:16.799999,0.00490562678062678,0.990109254171754,0.00266585266585267,0.00231926638176638,"Locomotion"
"Locomotion","Elsa",2022-11-03 19:47:16.799999,0.00220034595034595,0.993141407203907,0.000534188034188034,0.00412405881155881,"Locomotion"
"Locomotion","Elsa",2022-11-03 19:47:16.799999,0.00491580179080179,0.984993767806268,0.00444139194139194,0.00564903846153846,"Locomotion"
"Locomotion","Elsa",2022-11-03 19:47:16.799999,0.00608592796092796,0.984586767399267,0.0075206043956044,0.00180670024420024,"Locomotion"
"Locomotion","Elsa",2022-11-03 19:47:16.799999,0.00422199328449328,0.993676867114367,0.000534188034188034,0.00156695156695157,"Locomotion"
"Locomotion","Elsa",2022-11-03 19:47:16.799999,0.0131906288156288,0.966369047619047,0.00383470695970696,0.0166056166056166,"Locomotion"
"Locomotion","Elsa",2022-11-03 19:47:25.440004,0.00260989010989011,0.995425061050061,0.00093482905982906,0.00103021978021978,"Locomotion"
"Locomotion","Elsa",2022-11-03 19:47:25.440004,0.0177936177936178,0.952422649297649,0.00805881430881431,0.0217249185999186,"Locomotion"
"Locomotion","Elsa",2022-11-03 21:57:36.000003,0.0149909696784697,0.965256155881156,0.0101641992266992,0.00958867521367521,"Locomotion"
"Locomotion","Elsa",2022-11-03 21:57:44.639999,0.00503027065527066,0.986347044159544,0.00124198717948718,0.00738069800569801,"Locomotion"
"Locomotion","Elsa",2022-11-03 21:57:53.280004,0.0030715811965812,0.99360754985755,0.00155804843304843,0.00176282051282051,"Locomotion"
"Locomotion","Elsa",2022-11-03 21:57:53.280004,0.0188587454212454,0.950447064509564,0.00609801078551079,0.0245961792836793,"Locomotion"
"Locomotion","Elsa",2022-11-03 21:58:10.560005,0.00176282051282051,0.995049857549857,0.000320512820512821,0.00286680911680912,"Locomotion"
"Locomotion","Elsa",2022-11-03 21:58:10.560005,0.00262769637769638,0.994901683964184,0.00133547008547009,0.00113514957264957,"Locomotion"
"Locomotion","Elsa",2022-11-03 21:58:10.560005,0.0169199167997245,0.953039931044739,0.00752422435114743,0.0225159278043893,"Locomotion"
"Locomotion","Elsa",2022-11-03 21:58:19.2,0.00392628205128205,0.99352297008547,0.00223023504273504,0.000320512820512821,"Locomotion"
"Locomotion","Elsa",2022-11-03 21:58:19.2,0.0190864112739113,0.958899318274318,0.00703792735042735,0.0149763431013431,"Locomotion"
"Locomotion","Elsa",2022-11-03 21:58:36.480001,0.00846179283679284,0.963134666259666,0.0097234940984941,0.0186800468050468,"Locomotion"
"Locomotion","Elsa",2022-11-03 21:58:36.480001,0.0188447547822548,0.952764423076923,0.00908437627187627,0.0193064458689459,"Locomotion"
"Locomotion","Elsa",2022-11-03 21:58:45.119997,0.0177560286935287,0.948671525234025,0.0062283781033781,0.027344067969068,"Locomotion"
"Locomotion","Elsa",2022-11-03 21:59:11.040003,0.0051326566951567,0.988811304436304,0.00289351851851852,0.00316252035002035,"Locomotion"
"Locomotion","Elsa",2022-11-03 21:59:11.040003,0.0477761243386243,0.827480158730159,0.0274629884004884,0.0972807285307286,"Locomotion"
"Locomotion","Elsa",2022-11-03 21:59:19.679998,0.00604522792022792,0.985665954415955,0.00402421652421652,0.00426460113960114,"Locomotion"
"Locomotion","Elsa",2022-11-03 21:59:19.679998,0.00972667378917379,0.968603098290598,0.0106411528286528,0.0110290750915751,"Locomotion"
"Locomotion","Elsa",2022-11-03 21:59:19.679998,0.0112936253561254,0.971202177452178,0.00445347476597477,0.0130507224257224,"Locomotion"
"Locomotion","Elsa",2022-11-03 21:59:28.320004,0.011071047008547,0.978451872201872,0.0079759361009361,0.00250114468864469,"Locomotion"
"Locomotion","Elsa",2022-11-03 21:59:28.320004,0.00810821123321123,0.968957315832316,0.0111511752136752,0.0117832977207977,"Locomotion"
"Locomotion","Elsa",2022-11-03 21:59:45.600004,0.00839692714692715,0.981332036019536,0.00294693732193732,0.00732409951159951,"Locomotion"
"Locomotion","Elsa",2022-11-03 21:59:54.24,0.0213993182743183,0.944300722425723,0.0101451210826211,0.0241548382173382,"Locomotion"
"Locomotion","Elsa",2022-11-03 22:00:11.52,0.00328850485100485,0.990358266920767,0.00424318549318549,0.00211004273504273,"Locomotion"
"Locomotion","Elsa",2022-11-03 22:00:11.52,0.0250686813186813,0.948674704924705,0.00566620879120879,0.020590404965405,"Locomotion"
"Foraging","Elsa",2022-11-03 22:00:20.159996,0.604048937278576,0.0442186864061864,0.108981798482647,0.242750577832592,"Foraging"
"Foraging","Elsa",2022-11-03 23:10:08.659204,0.79596251035338,0.018071454008954,0.0799453545713873,0.106020681066279,"Foraging"
"Foraging","Elsa",2022-11-03 23:10:10.559999,0.809969518192624,0.0303428772178772,0.08527164312136,0.0744159614681384,"Foraging"
"Foraging","Elsa",2022-11-03 23:10:12.547204,0.876805315785579,0.00734508547008547,0.0465382570645729,0.0693113416797627,"Foraging"
"Foraging","Elsa",2022-11-03 23:10:14.534399,0.794802040284762,0.0059848137973138,0.0864841842377474,0.112728961680177,"Foraging"
"Foraging","Elsa",2022-11-03 23:10:16.521604,0.920456272814738,0.0133642399267399,0.0298795946630312,0.0362998925954905,"Foraging"
"Foraging","Elsa",2022-11-03 23:10:18.422398,0.911892651232392,0.00713395400895401,0.0445148818248872,0.0364585129337667,"Foraging"
"Foraging","Elsa",2022-11-03 23:10:20.409603,0.770628740668649,0.0234031593406593,0.0936857763646938,0.112282323625999,"Foraging"
"Foraging","Elsa",2022-11-03 23:10:22.396798,0.846790021517429,0.00706336487586488,0.0984074435863609,0.0477391700203449,"Foraging"
"Foraging","Elsa",2022-11-03 23:10:24.384003,0.817170240964584,0.00956896113146113,0.0966224145970799,0.0766383833068759,"Foraging"
"Foraging","Elsa",2022-11-03 23:10:26.371198,0.763645355642501,0.0112402065527066,0.137315443843045,0.0877989939617479,"Foraging"
"Foraging","Elsa",2022-11-03 23:10:28.272003,0.579358693178894,0.00793877519420998,0.266759880578089,0.145942651048807,"Foraging"
"Foraging","Elsa",2022-11-03 23:10:30.345599,0.67284646534825,0.00373140848684327,0.207784710499008,0.115637415665899,"Foraging"
"Foraging","Elsa",2022-11-03 23:10:32.332804,0.594241625764952,0.00728149165649166,0.249421161835857,0.149055720742699,"Foraging"
"Foraging","Elsa",2022-11-03 23:10:34.233598,0.569562010860537,0.0069969508148856,0.262508917519112,0.160932120805466,"Foraging"
"Foraging","Elsa",2022-11-03 23:10:36.134403,0.917042380420584,0.0145477207977208,0.0451549290995498,0.0232549696821466,"Foraging"
"Foraging","Elsa",2022-11-03 23:10:38.207998,0.825323490363398,0.0285790598290598,0.053982250723668,0.092115199083874,"Foraging"
"Foraging","Elsa",2022-11-03 23:10:40.108803,0.838746328842118,0.0137559778184778,0.0888839273609612,0.0586137659784429,"Foraging"
"Foraging","Elsa",2022-11-03 23:10:42.095998,0.906852509632067,0.0125661375661376,0.0462520986078639,0.0343292541939311,"Foraging"
"Foraging","Elsa",2022-11-03 23:10:44.083203,0.939670222256719,0.00986577479034375,0.0237797581196462,0.026684244833291,"Foraging"
"Foraging","Elsa",2022-11-03 23:10:46.070398,0.722091163291029,0.0101622914122914,0.148286158666347,0.119460386630333,"Foraging"
"Foraging","Elsa",2022-11-03 23:10:48.057603,0.650847705535205,0.0275679181929182,0.235399496336996,0.08618487993488,"Foraging"
"Foraging","Elsa",2022-11-03 23:10:49.958397,0.768202465051369,0.00784238909238909,0.149523407379557,0.0744317384766846,"Foraging"
"Foraging","Elsa",2022-11-03 23:10:51.945602,0.710903472181018,0.00454314204314204,0.158747963337479,0.125805422438362,"Foraging"
"Foraging","Elsa",2022-11-03 23:10:53.846396,0.677574995090864,0.0195035866910867,0.231107849483882,0.0718135687341667,"Foraging"
"Foraging","Elsa",2022-11-03 23:10:55.920002,0.589895308468555,0.0119053978428978,0.127544589910258,0.27065470377829,"Foraging"
"Foraging","Elsa",2022-11-03 23:11:12.249596,0.589290483312812,0.00301561864061864,0.118394785337603,0.289299112708966,"Foraging"
"Foraging","Elsa",2022-11-03 23:11:14.236801,0.804904470763529,0.0024496336996337,0.0884088534328919,0.104237042103945,"Foraging"
"Foraging","Elsa",2022-11-03 23:11:16.137595,0.73676551368859,0.00541755698005698,0.0924838071472687,0.165333122184084,"Foraging"
"Foraging","Elsa",2022-11-03 23:11:18.211201,0.519202041371446,0.000520833333333333,0.167609503398204,0.312667621897016,"Foraging"
"Foraging","Elsa",2022-11-03 23:11:20.284797,0.707746712351976,0.00494123931623932,0.161108987260303,0.126203061071482,"Foraging"
"Foraging","Elsa",2022-11-03 23:11:22.185601,0.551386383128422,0.016481332174267,0.171051260016937,0.261081024680373,"Foraging"
"Foraging","Elsa",2022-11-03 23:11:28.492799,0.67443908781839,0.00675747863247863,0.130458983773761,0.188344449775371,"Foraging"
"Foraging","Elsa",2022-11-03 23:11:30.480004,0.589343172226622,0.00110844017094017,0.149380340482637,0.260168047119802,"Foraging"
"Foraging","Elsa",2022-11-03 23:11:32.467199,0.908658144857751,0.00409416971916972,0.0499734078843787,0.0372742775387006,"Foraging"
"Foraging","Elsa",2022-11-03 23:11:34.454404,0.901248275902834,0.015439942002442,0.0325889677572331,0.0507228143374912,"Foraging"
"Foraging","Elsa",2022-11-03 23:11:36.441599,0.493123876184324,0.0156304469483817,0.202972099782328,0.288273577084966,"Foraging"
"Foraging","Elsa",2022-11-03 23:11:59.855996,0.724097108128205,0.00243500712250712,0.102156829633006,0.171311055116282,"Foraging"
"Foraging","Elsa",2022-11-03 23:12:01.843201,0.576148919617057,0.0193007224257224,0.165202016670025,0.239348341287196,"Foraging"
"Foraging","Elsa",2022-11-03 23:12:03.830396,0.877002606040703,0.0101668897341974,0.0531387252696053,0.0596917789554943,"Foraging"
"Foraging","Elsa",2022-11-03 23:12:05.817601,0.73256263628637,0.00142988363262754,0.100013111356244,0.165994368724759,"Foraging"
"Foraging","Elsa",2022-11-03 23:12:07.718396,0.918392229920624,0.00524394586894587,0.0316253100279116,0.044738514182518,"Foraging"
"Foraging","Elsa",2022-11-03 23:12:09.792001,0.586778500667723,0.00277332621082621,0.176857478486378,0.233590694635073,"Foraging"
"Foraging","Elsa",2022-11-03 23:12:11.865597,0.650723324493649,0.00607206450956451,0.117985090294007,0.225219520702779,"Foraging"
"Foraging","Elsa",2022-11-03 23:12:13.766402,0.597567355984232,0.011893315018315,0.141683168965424,0.248856160032029,"Foraging"
"Foraging","Elsa",2022-11-03 23:12:15.667196,0.572242730997592,0.0163906695156695,0.183890313047287,0.227476286439452,"Foraging"
"Foraging","Elsa",2022-11-03 23:12:17.654401,0.535385226456896,0.0211748321123321,0.137259128874579,0.306180812556192,"Foraging"
"Foraging","Elsa",2022-11-03 23:12:40.723196,0.674265859832673,0.0181153915528916,0.12327767593071,0.184341072683724,"Foraging"
"Foraging","Elsa",2022-11-03 23:12:42.710401,0.715251626576592,0.00415331196581197,0.106999002646563,0.173596058811033,"Foraging"
"Foraging","Elsa",2022-11-03 23:12:44.697596,0.703595974053861,0.00838357244607245,0.111936447657776,0.176084005842291,"Foraging"
"Foraging","Elsa",2022-11-03 23:12:46.684801,0.583902599722959,0.013813114414076,0.132177081180329,0.270107204682636,"Foraging"
"Foraging","Elsa",2022-11-03 23:12:52.991998,0.468988476800976,0.0770477207977208,0.117559523809524,0.336404278591779,"Foraging"
"Foraging","Elsa",2022-11-03 23:13:10.099198,0.657913046857539,0.0172557127326864,0.0927245916883798,0.232106648721394,"Foraging"
"Foraging","Elsa",2022-11-03 23:13:12.000002,0.842125935346725,0.0153636294261294,0.0783691305480875,0.0641413046790585,"Foraging"
"Foraging","Elsa",2022-11-03 23:13:13.987197,0.860068753628398,0.00639753764753765,0.0372943805407321,0.096239328183332,"Foraging"
"Foraging","Elsa",2022-11-03 23:13:15.888002,0.55598012752821,0.0081794363044363,0.152350726617952,0.283489709549402,"Foraging"
"Foraging","Elsa",2022-11-03 23:13:17.875197,0.5587032154576,0.0112917175417175,0.175235885165514,0.254769181835169,"Foraging"
"Foraging","Elsa",2022-11-03 23:13:19.862402,0.608350815360179,0.0496724918599919,0.125544731956974,0.216431960822855,"Foraging"
"Foraging","Elsa",2022-11-03 23:13:21.849597,0.770597573722573,0.0177992724867725,0.100599869185396,0.111003284605258,"Foraging"
"Foraging","Elsa",2022-11-03 23:13:23.836802,0.890476658697448,0.00787863756613757,0.0340626846791416,0.0675820190572729,"Foraging"
"Foraging","Elsa",2022-11-03 23:13:25.737596,0.740249709709232,0.0248988858363858,0.115879241912508,0.118972162541874,"Foraging"
"Foraging","Elsa",2022-11-03 23:13:28.415997,0.598797538821577,0.0235417938542938,0.176489844067969,0.20117082325616,"Foraging"
"Locomotion","Elsa",2022-11-03 23:13:30.403202,0.0762330840455841,0.774750076312576,0.057514245014245,0.0915025946275947,"Locomotion"
"Locomotion","Elsa",2022-11-03 23:25:52.319998,0.0119804385429385,0.968511523199023,0.00352055352055352,0.0159874847374847,"Locomotion"
"Locomotion","Elsa",2022-11-03 23:25:52.319998,0.00895528083028083,0.966760785510785,0.00661248473748474,0.0176714489214489,"Locomotion"
"Locomotion","Elsa",2022-11-03 23:26:00.960004,0.0104624542124542,0.977808302808303,0.00196504884004884,0.00976419413919414,"Locomotion"
"Locomotion","Elsa",2022-11-03 23:26:00.960004,0.0121025386650387,0.97268136955637,0.00512820512820513,0.0100878866503866,"Locomotion"
"Locomotion","Elsa",2022-11-03 23:26:00.960004,0.0179359991859992,0.932940922095334,0.00946489172592114,0.0396581869927458,"Locomotion"
"Locomotion","Elsa",2022-11-04 01:53:11.040001,0.00350083943833944,0.99036044973545,0.00113960113960114,0.00499910968660969,"Locomotion"
"Locomotion","Elsa",2022-11-04 01:53:11.040001,0.00923572954822955,0.972580255392755,0.00984114265364265,0.00834287240537241,"Locomotion"
"Locomotion","Elsa",2022-11-04 01:53:11.040001,0.02565756003256,0.943367801180301,0.00689293345543345,0.0240817053317053,"Locomotion"
"Locomotion","Elsa",2022-11-04 01:53:19.679996,0.00494123931623932,0.9909099002849,0.00235042735042735,0.00179843304843305,"Locomotion"
"Locomotion","Elsa",2022-11-04 01:53:19.679996,0.006188314000814,0.983251297313797,0.000805733618233618,0.00975465506715507,"Locomotion"
"Locomotion","Elsa",2022-11-04 01:53:45.600002,0.00523695054945055,0.99360119047619,0.00016025641025641,0.00100160256410256,"Locomotion"
"Locomotion","Elsa",2022-11-04 01:53:45.600002,0.0491739163614164,0.850181242368742,0.0326363451363451,0.0680084961334961,"Locomotion"
"Locomotion","Elsa",2022-11-04 01:53:54.239998,0.00723252442002442,0.982427121489622,0.00538639601139601,0.00495395807895808,"Locomotion"
"Locomotion","Elsa",2022-11-04 01:53:54.239998,0.0159830331705332,0.956812805250305,0.00882682132682133,0.0183773402523403,"Locomotion"
"Locomotion","Elsa",2022-11-04 01:54:20.160004,0.000854700854700855,0.997863247863248,0.00128205128205128,0,"Locomotion"
"Locomotion","Elsa",2022-11-04 01:54:20.160004,0.0856781619939515,0.761393692808167,0.0396780881155881,0.113250057082294,"Locomotion"
"Locomotion","Elsa",2022-11-04 01:54:28.799999,0.0468184015059015,0.859519320548732,0.0243636503746798,0.0692986275706864,"Locomotion"
"Locomotion","Elsa",2022-11-04 01:54:37.440005,0.0118837759462759,0.959080560643061,0.00591168091168091,0.0231239824989825,"Locomotion"
"Locomotion","Elsa",2022-11-04 01:54:37.440005,0.0218362077737078,0.934632554945055,0.0144828551078551,0.0290483821733822,"Locomotion"
"Locomotion","Elsa",2022-11-04 01:54:46.08,0.00191215034965035,0.997687208624709,0,0.000400641025641026,"Locomotion"
"Locomotion","Elsa",2022-11-04 01:54:46.08,0.0035778567028567,0.992588501963502,0.0028008778008778,0.00103276353276353,"Locomotion"
"Locomotion","Elsa",2022-11-04 01:54:46.08,0.0173044249014077,0.958309518546588,0.00456349206349206,0.0198225644885128,"Locomotion"
"Locomotion","Elsa",2022-11-04 01:54:54.719995,0.0149605133980134,0.955873885561386,0.0106171934296934,0.0185484076109076,"Locomotion"
"Locomotion","Elsa",2022-11-04 01:55:03.360001,0.0155614061864062,0.955274470899471,0.00861505392755393,0.020549068986569,"Locomotion"
"Locomotion","Elsa",2022-11-04 01:55:11.999996,0.0108967999593,0.973936711436712,0.00715366809116809,0.00801282051282051,"Locomotion"
"Locomotion","Elsa",2022-11-04 01:55:29.279997,0.00648402523402523,0.988383318070818,0.0022295991045991,0.00290305759055759,"Locomotion"
"Locomotion","Elsa",2022-11-04 01:55:29.279997,0.00983914712362988,0.983719698644267,0.00239239926739927,0.00404875496470324,"Locomotion"
"Locomotion","Elsa",2022-11-04 01:55:37.920003,0.0125240779335607,0.967404705766775,0.0037469474969475,0.0163242688027171,"Locomotion"
"Locomotion","Elsa",2022-11-04 01:55:46.559998,0.0113883801383801,0.972287723850224,0.00803635022385022,0.00828754578754579,"Locomotion"
"Locomotion","Elsa",2022-11-04 01:55:55.200003,0.00628361700559976,0.991069235681305,0.00146901709401709,0.00117813021907849,"Locomotion"
"Locomotion","Elsa",2022-11-04 01:55:55.200003,0.00836513024013024,0.976876017501017,0.00702902421652422,0.00772982804232804,"Locomotion"
"Locomotion","Elsa",2022-11-04 01:56:12.480004,0.00481984388234388,0.985085703835704,0.00546927421927422,0.00462517806267806,"Locomotion"
"Locomotion","Elsa",2022-11-04 01:56:12.480004,0.0204880189255189,0.940428495115995,0.0136046245421245,0.0254788614163614,"Locomotion"
"Locomotion","Elsa",2022-11-04 01:56:29.759995,0.0117139804639805,0.951499725360954,0.00530372405372405,0.0314825701213413,"Locomotion"
"Locomotion","Elsa",2022-11-04 01:56:47.039996,0.0690495579918657,0.814345754850563,0.0265731152750383,0.0900315718825334,"Locomotion"
"Locomotion","Elsa",2022-11-04 01:56:55.680001,0.00735971204721205,0.978435337810338,0.000534188034188034,0.0136707621082621,"Locomotion"
"Locomotion","Elsa",2022-11-04 01:56:55.680001,0.0130787037037037,0.983767679080179,0.00170049857549858,0.00145311864061864,"Locomotion"
"Locomotion","Elsa",2022-11-04 01:57:04.319997,0.000908119658119658,0.998931623931624,0,0.00016025641025641,"Locomotion"
"Locomotion","Elsa",2022-11-04 01:57:04.319997,0.0836875508750509,0.771344627594628,0.0497564356939357,0.0952113858363859,"Locomotion"
"Locomotion","Elsa",2022-11-04 20:07:00.48,0.018164300976801,0.950367572242573,0.0174940221815222,0.0139741045991046,"Locomotion"
"Foraging","Meeka",2022-11-03 13:38:33.907201,0.930565039749684,0.00545316951566952,0.0324984530885546,0.0314833376460915,"Foraging"
"Foraging","Meeka",2022-11-03 13:38:35.894396,0.748766110911068,0.0160485926110926,0.0831781331258498,0.15200716335199,"Foraging"
"Foraging","Meeka",2022-11-03 13:38:37.968001,0.930956141703286,0.00856227106227106,0.018287779502881,0.0421938077315615,"Foraging"
"Foraging","Meeka",2022-11-03 13:38:39.955196,0.959497066075435,0.0016025641025641,0.0167754804640132,0.0221248893579873,"Foraging"
"Foraging","Meeka",2022-11-03 13:38:41.942401,0.947693768622365,0.00821314102564103,0.0275181082392581,0.0165749821127359,"Foraging"
"Foraging","Meeka",2022-11-03 13:38:44.015997,0.961624449535056,0.011636396011396,0.0126960377332546,0.0140431167202936,"Foraging"
"Foraging","Meeka",2022-11-03 13:38:46.003202,0.981796583430834,0.000200320512820513,0.014407366706516,0.00359572934982931,"Foraging"
"Foraging","Meeka",2022-11-03 13:38:48.076798,0.967870284096246,0.00526886308136308,0.0152112977834132,0.0116495550389781,"Foraging"
"Foraging","Meeka",2022-11-03 13:38:50.064003,0.946105389171092,0.00373041310541311,0.0224856423677631,0.0276785553557322,"Foraging"
"Foraging","Meeka",2022-11-03 13:38:52.137599,0.890647569429672,0.00518798331298331,0.0508647991561719,0.0532996481011731,"Foraging"
"Foraging","Meeka",2022-11-03 13:38:54.124804,0.518002139719678,0.0043539919219267,0.2632952257544,0.214348642603995,"Foraging"
"Foraging","Meeka",2022-11-03 13:39:09.331199,0.583287054527486,0.0202037545787546,0.132961677132936,0.263547513760824,"Foraging"
"Foraging","Meeka",2022-11-03 13:39:19.008002,0.570977711751171,0.0179054741554742,0.200119622308522,0.210997191784833,"Foraging"
"Foraging","Meeka",2022-11-03 13:39:26.179196,0.83430639485933,0.00330687830687831,0.0927343264423658,0.0696524003914254,"Foraging"
"Foraging","Meeka",2022-11-03 13:39:28.166401,0.633205666864217,0.0154475732600733,0.167696041012826,0.183650718862885,"Foraging"
"Foraging","Meeka",2022-11-03 13:39:30.239997,0.708019224561205,0.00783539377289377,0.145363910721903,0.138781470943998,"Foraging"
"Foraging","Meeka",2022-11-03 13:39:32.227202,0.925808858431003,0.00618704212454212,0.0429882526408542,0.0250158468036006,"Foraging"
"Foraging","Meeka",2022-11-03 13:39:34.214397,0.95950515957691,0.00741185897435897,0.0225079822590546,0.0105749991896761,"Foraging"
"Foraging","Meeka",2022-11-03 13:39:36.288003,0.968553521668036,0.00320512820512821,0.0126304907203788,0.0156108594064573,"Foraging"
"Foraging","Meeka",2022-11-03 13:39:38.275198,0.955077220173009,0.00330051892551893,0.0214265939180509,0.0201956669834208,"Foraging"
"Foraging","Meeka",2022-11-03 13:39:40.348804,0.935761773333524,0.0111747049247049,0.0342607549493273,0.0188027667924437,"Foraging"
"Foraging","Meeka",2022-11-03 13:39:42.335999,0.952273989089692,0.0073272792022792,0.0151507319078526,0.0252479998001767,"Foraging"
"Foraging","Meeka",2022-11-03 13:39:44.323204,0.791726120508223,0.00701058201058201,0.0585418443332171,0.142721453147978,"Foraging"
"Foraging","Meeka",2022-11-03 13:39:52.358404,0.943770930932075,0.0109184218559219,0.0304326432714987,0.0148780039405039,"Foraging"
"Foraging","Meeka",2022-11-03 13:39:54.432,0.581086480606793,0.00228492572242572,0.203778286273547,0.212850307397235,"Foraging"
"Foraging","Meeka",2022-11-03 13:39:56.419195,0.899188083372728,0.0113629426129426,0.0383513386289401,0.0510976353853892,"Foraging"
"Foraging","Meeka",2022-11-03 13:39:58.492801,0.934389763033488,0.00570627289377289,0.0392579261063573,0.0206460379663821,"Foraging"
"Foraging","Meeka",2022-11-03 13:40:00.479996,0.689705026029039,0.019942384004884,0.116466026054842,0.173886563911235,"Foraging"
"Foraging","Meeka",2022-11-03 13:40:02.467201,0.791333641103222,0.00654624933471087,0.079233093005227,0.122887016556841,"Foraging"
"Foraging","Meeka",2022-11-03 13:40:04.540797,0.673107725289391,0.00380227411477411,0.12070559905127,0.202384401544566,"Foraging"
"Foraging","Meeka",2022-11-03 13:40:06.528002,0.783513737419988,0.0174259768009768,0.0688224102286602,0.130237875550376,"Foraging"
"Foraging","Meeka",2022-11-03 13:40:08.601597,0.905966629393644,0.0143645706145706,0.0420413576312457,0.0376274423605403,"Foraging"
"Foraging","Meeka",2022-11-03 13:40:10.588802,0.863211249565048,0.00462962962962963,0.0540572099084654,0.078101910896857,"Foraging"
"Foraging","Meeka",2022-11-03 13:40:12.575997,0.84893699056765,0.00060732091982092,0.0501066808499766,0.100349007662552,"Foraging"
"Foraging","Meeka",2022-11-03 13:40:14.649603,0.930809206425303,0.00664173789173789,0.033512461108611,0.0290365945743484,"Foraging"
"Foraging","Meeka",2022-11-03 13:40:16.982401,0.902359642079245,0.00657941595441596,0.0413416255704983,0.0497193163958414,"Foraging"
"Foraging","Meeka",2022-11-03 13:40:19.5744,0.988900763972515,0.000200320512820513,0.00473987074094307,0.00615904477372166,"Foraging"
"Foraging","Meeka",2022-11-03 13:40:21.561595,0.92998633604598,0.00973112535612536,0.0381697493848509,0.022112789213043,"Foraging"
"Foraging","Meeka",2022-11-03 13:40:23.635201,0.633975647198612,0.00131474573364205,0.174535199855399,0.190174407212347,"Foraging"
"Foraging","Meeka",2022-11-03 13:40:34.608004,0.69320190294774,0.0509888838013838,0.139245288068283,0.116563925182593,"Foraging"
"Foraging","Meeka",2022-11-03 13:40:36.6816,0.871075649529019,0.0149356430606431,0.0298754013764341,0.084113306033904,"Foraging"
"Foraging","Meeka",2022-11-03 13:40:38.668805,0.858454806708063,0.00218126780626781,0.0632771731070073,0.076086752378662,"Foraging"
"Foraging","Meeka",2022-11-03 13:40:40.742401,0.958258785098526,0.0167372557997558,0.0165950585925639,0.00840890050915431,"Foraging"
"Foraging","Meeka",2022-11-03 13:40:42.729596,0.949409185623927,0.00166933760683761,0.0220223858948912,0.0268990908743447,"Foraging"
"Foraging","Meeka",2022-11-03 13:40:44.716801,0.919277274293144,0.0092783374033374,0.0275752131387458,0.0438691751647731,"Foraging"
"Foraging","Meeka",2022-11-03 13:40:46.790396,0.975158776793028,0.00200002543752544,0.0110846255231979,0.0117565722462491,"Foraging"
"Foraging","Meeka",2022-11-03 13:40:48.777601,0.957758179961549,0.00723581973581974,0.0192393360528687,0.0157666642497622,"Foraging"
"Foraging","Meeka",2022-11-03 13:40:50.851197,0.9692372593013,0.00660965590922488,0.0149967798525451,0.0091563049369301,"Foraging"
"Foraging","Meeka",2022-11-03 13:40:52.838402,0.935016685088436,0.00716765873015873,0.0324381562517286,0.0253774999296768,"Foraging"
"Foraging","Meeka",2022-11-03 13:40:54.825597,0.970096740360799,0.00495664858645628,0.00881135570185111,0.0161352553508938,"Foraging"
"Foraging","Meeka",2022-11-03 13:40:56.812802,0.944682944754696,0.0147092490842491,0.0182249389135112,0.0223828672475441,"Foraging"
"Foraging","Meeka",2022-11-03 13:40:58.886398,0.96345034354845,0.0034251628001628,0.0138218794840964,0.019302614167291,"Foraging"
"Foraging","Meeka",2022-11-03 13:41:00.873603,0.987641627921186,0.00176282051282051,0.00659222144798674,0.004003330118007,"Foraging"
"Foraging","Meeka",2022-11-03 13:41:02.947199,0.96617539905965,0.00584299959299959,0.0191061179196902,0.00887548342766031,"Foraging"
"Foraging","Meeka",2022-11-03 13:41:04.934404,0.975544468610171,0.00300480769230769,0.0130387813584021,0.00841194233911922,"Foraging"
"Foraging","Meeka",2022-11-03 13:41:07.267201,0.932841661038412,0.00688148656898657,0.0383368871504595,0.0219399652421421,"Foraging"
"Foraging","Meeka",2022-11-03 13:41:09.254396,0.956800542594276,0.00175299636506533,0.024844823658396,0.0166016373822625,"Foraging"
"Foraging","Meeka",2022-11-03 13:41:11.241601,0.958931509809712,0.00145947802197802,0.0288606909303116,0.0107483212379981,"Foraging"
"Foraging","Meeka",2022-11-03 13:41:13.401598,0.963581298233539,0.00371642246642247,0.0243747210597264,0.00832755824031205,"Foraging"
"Foraging","Meeka",2022-11-03 13:41:15.388803,0.957490589618792,0.00761217948717949,0.0214083631654839,0.0134888677285446,"Foraging"
"Foraging","Meeka",2022-11-03 13:41:17.462399,0.96182481722824,0.00549231260438157,0.0264798041211877,0.00620306604619121,"Foraging"
"Foraging","Meeka",2022-11-03 13:41:19.449604,0.981878735075486,0.00105502136752137,0.00875836382193615,0.00830787973505662,"Foraging"
"Foraging","Meeka",2022-11-03 13:41:21.523199,0.973500250134501,0.00641216422466422,0.00968937725294958,0.0103982083878853,"Foraging"
"Foraging","Meeka",2022-11-03 13:41:23.510404,0.96271965645917,0.00318732193732194,0.0166269216398867,0.017466099963621,"Foraging"
"Foraging","Meeka",2022-11-03 13:41:25.497599,0.97580806962982,0.00224549755799756,0.0126846458732182,0.00926178693896382,"Foraging"
"Foraging","Meeka",2022-11-03 13:41:27.571195,0.684703450171919,0.0104346743628418,0.106186872136643,0.198675003328597,"Foraging"
"Foraging","Meeka",2022-11-03 13:41:37.334399,0.941320052534793,0.00681089743589744,0.0299754282229336,0.0218936218063756,"Foraging"
"Foraging","Meeka",2022-11-03 13:41:39.408005,0.977080350589601,0.00280333092833093,0.010730812669385,0.0093855058126827,"Foraging"
"Foraging","Meeka",2022-11-03 13:41:41.3952,0.9624602484695,0.0123848951973952,0.0146214821850545,0.010533374148051,"Foraging"
"Foraging","Meeka",2022-11-03 13:41:43.382405,0.727951031075238,0.017588776963777,0.0813111407044871,0.173149051256497,"Foraging"
"Foraging","Meeka",2022-11-03 13:41:48.739195,0.885145750883603,0.00788598374805271,0.0409737937248264,0.0659944716435179,"Foraging"
"Foraging","Meeka",2022-11-03 13:41:50.7264,0.972700124334375,0.00240384615384615,0.0152866734752458,0.00960935603653292,"Foraging"
"Foraging","Meeka",2022-11-03 13:41:52.799996,0.976044002678253,0.00146202177452177,0.0105300874686598,0.011963888078565,"Foraging"
"Foraging","Meeka",2022-11-03 13:41:54.787201,0.975902170685459,0.0025863603988604,0.0119292625457195,0.00958220636996018,"Foraging"
"Foraging","Meeka",2022-11-03 13:41:57.638403,0.957140160675767,0.00787227818477819,0.0183205058577228,0.0166670552817322,"Foraging"
"Foraging","Meeka",2022-11-03 13:41:59.711998,0.965757165227955,0.00388621794871795,0.0186850646140216,0.011671552209306,"Foraging"
"Foraging","Meeka",2022-11-03 13:42:01.699203,0.986248116813819,0.00165355477855478,0.00732210220422292,0.00477622620340309,"Foraging"
"Foraging","Meeka",2022-11-03 13:42:03.686399,0.960404720190326,0.00360461297961298,0.0251740111487281,0.0108166556813326,"Foraging"
"Foraging","Meeka",2022-11-03 13:42:05.760004,0.962170053673256,0.00115740740740741,0.0188875043946251,0.0177850345247114,"Foraging"
"Foraging","Meeka",2022-11-03 13:42:07.747199,0.968869348628599,0.00536731786731787,0.015708531709604,0.0100548017944787,"Foraging"
"Foraging","Meeka",2022-11-03 13:42:09.734404,0.623621415833269,0.00230009040105194,0.102626127690509,0.27145236607517,"Foraging"
"Foraging","Meeka",2022-11-03 13:42:50.256001,0.630922455238678,0.0175010175010175,0.10390310381064,0.247673423449664,"Foraging"
"Foraging","Meeka",2022-11-03 13:42:52.243196,0.591949021566145,0.0183649809329157,0.107500303626859,0.282185693874081,"Foraging"
"Foraging","Meeka",2022-11-03 13:43:05.203204,0.920989713128772,0.0177186550984628,0.0243462837367791,0.0369453480359864,"Foraging"
"Foraging","Meeka",2022-11-03 13:43:07.190399,0.931326564549671,0.00877785409035409,0.02869011310233,0.0312054682576451,"Foraging"
"Foraging","Meeka",2022-11-03 13:43:09.263995,0.918502379634968,0.00777978207935105,0.0346463096835266,0.0390715286021538,"Foraging"
"Foraging","Meeka",2022-11-03 13:43:11.2512,0.955555171590778,0.00709643365893366,0.0115980038227207,0.0257503909275678,"Foraging"
"Foraging","Meeka",2022-11-03 13:43:13.238395,0.950016445318459,0.00590277777777778,0.0247887606911488,0.0192920162126141,"Foraging"
"Foraging","Meeka",2022-11-03 13:43:15.312001,0.935996553173567,0.00633278758278758,0.0298288016686898,0.0278418575749555,"Foraging"
"Foraging","Meeka",2022-11-03 13:43:17.299196,0.972583111717362,0.00460737179487179,0.0181751044886768,0.00463441199908888,"Foraging"
"Foraging","Meeka",2022-11-03 13:43:19.286401,0.966770637154888,0.00222578347578348,0.0146195743706467,0.0163840049986819,"Foraging"
"Foraging","Meeka",2022-11-03 13:43:21.359997,0.963064736573988,0.00424234330484331,0.0229919311805035,0.00970098894066582,"Foraging"
"Foraging","Meeka",2022-11-03 13:43:23.433602,0.910340864344067,0.00960584554334554,0.0475568674389882,0.0324964226735996,"Foraging"
"Foraging","Meeka",2022-11-03 13:43:25.420797,0.933779289601611,0.00739405270655271,0.0269767132962944,0.0318499443955423,"Foraging"
"Foraging","Meeka",2022-11-03 13:43:27.494403,0.966846511474714,0.00255265567765568,0.0121459242155449,0.0184549086320855,"Foraging"
"Foraging","Meeka",2022-11-03 13:43:29.567999,0.908009762168052,0.00704619454619455,0.0381384121923691,0.0468056310933849,"Foraging"
"Foraging","Meeka",2022-11-03 13:43:31.555204,0.975844777817884,0.00488336894586895,0.0100501303998473,0.00922172283639972,"Foraging"
"Foraging","Meeka",2022-11-03 13:43:33.542399,0.941659463606214,0.00789898758648759,0.0293646672407396,0.0210768815665584,"Foraging"
"Foraging","Meeka",2022-11-03 13:43:35.616004,0.589947636019528,0.0243401578215541,0.128233222377524,0.257478983781395,"Foraging"
"Foraging","Meeka",2022-11-03 13:44:28.751997,0.85928551213792,0.0156122812372812,0.0532560093724267,0.0718461972523721,"Foraging"
"Stationary","Meeka",2022-11-03 13:57:50.284805,0.0647995522995523,0.0104535510785511,0.899185941373441,0.0255609552484552,"Stationary"
"Stationary","Meeka",2022-11-03 13:57:54.431996,0.0453722781847782,0.0107079263329263,0.932567663817664,0.0113521316646317,"Stationary"
"Stationary","Meeka",2022-11-03 13:57:58.579197,0.0601674945424945,0.00418447293447293,0.921042441354942,0.0146055911680912,"Stationary"
"Stationary","Meeka",2022-11-03 13:58:02.726399,0.0949553370606003,0.0211926009720127,0.800144481994327,0.0837075799730599,"Stationary"
"Stationary","Meeka",2022-11-03 13:58:06.787199,0.0479866198616198,0.00745637464387465,0.926052477614978,0.0185045278795279,"Stationary"
"Stationary","Meeka",2022-11-03 13:58:10.675199,0.0827603530728531,0.00851139601139601,0.879819775132275,0.0289084757834758,"Stationary"
"Stationary","Meeka",2022-11-03 13:58:14.736,0.0761256105006105,0.00544426638176638,0.881491656491656,0.0369384666259666,"Stationary"
"Stationary","Meeka",2022-11-03 13:58:18.796801,0.0593264567222901,0.0177744708994709,0.898019900624068,0.0248791717541718,"Stationary"
"Stationary","Meeka",2022-11-03 13:58:22.771201,0.068379787650621,0.00157967032967033,0.920414982394149,0.00962555962555962,"Stationary"
"Stationary","Meeka",2022-11-03 13:58:26.832001,0.108717038322302,0.0179677960927961,0.814618209519525,0.0586969560653772,"Stationary"
"Stationary","Meeka",2022-11-03 13:58:30.720001,0.040785372035372,0.00362993487993488,0.946356594794095,0.00922809829059829,"Stationary"
"Stationary","Meeka",2022-11-03 13:58:34.780802,0.0543699001864324,0.00625,0.928677260985729,0.0107028388278388,"Stationary"
"Stationary","Meeka",2022-11-03 13:58:38.928003,0.106071937321937,0.0159353378103378,0.791057437932438,0.086935286935287,"Stationary"
"Stationary","Meeka",2022-11-03 13:58:42.988804,0.0632036974964606,0.00612980769230769,0.921009908098725,0.00965658671250777,"Stationary"
"Stationary","Meeka",2022-11-03 13:58:47.049604,0.0453431406556406,0.00104293854293854,0.943004564879565,0.0106093559218559,"Stationary"
"Stationary","Meeka",2022-11-03 13:58:51.110395,0.0534888722388722,0.00229700854700855,0.932107128982129,0.0121069902319902,"Stationary"
"Stationary","Meeka",2022-11-03 13:58:55.257596,0.0952127733377734,0.00134437321937322,0.886811799311799,0.0166310541310541,"Stationary"
"Stationary","Meeka",2022-11-03 13:58:59.318397,0.0559823856698857,0.00226648351648352,0.924381116568617,0.0173700142450142,"Stationary"
"Stationary","Meeka",2022-11-03 13:59:03.379198,0.0541521557146557,0.00220543345543346,0.932422554297554,0.0112198565323565,"Stationary"
"Stationary","Meeka",2022-11-03 13:59:07.439999,0.258861806818538,0.04407878001628,0.53237139907813,0.164688014087053,"Stationary"
"Stationary","Meeka",2022-11-03 13:59:38.544004,0.0410435629185629,0.00195614570614571,0.937561570374071,0.019438721001221,"Stationary"
"Stationary","Meeka",2022-11-03 13:59:42.691195,0.0181418311626645,0.000864875864875865,0.97241830314747,0.00857498982498983,"Stationary"
"Stationary","Meeka",2022-11-03 13:59:46.665596,0.0309320309320309,0.0122818732193732,0.939490486365487,0.0172956094831095,"Stationary"
"Stationary","Meeka",2022-11-03 13:59:50.726397,0.0591314356939357,0.0194749694749695,0.90748054029304,0.0139130545380545,"Stationary"
"Stationary","Meeka",2022-11-03 13:59:54.787197,0.0861182220557221,0.00746527777777778,0.878056203056203,0.0283602971102971,"Stationary"
"Stationary","Meeka",2022-11-03 13:59:58.761597,0.164207396058358,0.0475026709401709,0.644578920901037,0.143711012100435,"Stationary"
"Stationary","Meeka",2022-11-03 14:00:17.5968,0.0957343582343582,0.00479815323565324,0.879341318403818,0.0201261701261701,"Stationary"
"Stationary","Meeka",2022-11-03 14:00:21.657601,0.033904254720787,0.0013990638990639,0.96051475219822,0.00418192918192918,"Stationary"
"Stationary","Meeka",2022-11-03 14:00:25.718401,0.0143493080993081,0.00161528286528287,0.979902447089947,0.00413296194546195,"Stationary"
"Stationary","Meeka",2022-11-03 14:00:29.606401,0.0133585164835165,0.00710978835978836,0.973111263736264,0.00642043142043142,"Stationary"
"Stationary","Meeka",2022-11-03 14:00:33.753602,0.026165223040223,0.00352536602536603,0.959413882851383,0.0108955280830281,"Stationary"
"Stationary","Meeka",2022-11-03 14:00:37.728002,0.0326400644108977,0.000498575498575499,0.957085719064886,0.00977564102564102,"Stationary"
"Stationary","Meeka",2022-11-03 14:00:41.875204,0.00896545584045584,0,0.979892272079772,0.0111422720797721,"Stationary"
"Stationary","Meeka",2022-11-03 14:00:45.936004,0.00788499694749695,0.00136345136345136,0.989229115791616,0.0015224358974359,"Stationary"
"Stationary","Meeka",2022-11-03 14:00:49.996795,0.00819151912901913,0.00188682844932845,0.985016025641026,0.00490562678062678,"Stationary"
"Stationary","Meeka",2022-11-03 14:00:54.057596,0.0246207141872464,0.0139830077330077,0.940400144583612,0.0209961334961335,"Stationary"
"Stationary","Meeka",2022-11-03 14:00:58.118397,0.0655049233174233,0.00910027472527473,0.91092084998335,0.014473951973952,"Stationary"
"Stationary","Meeka",2022-11-03 14:01:02.179197,0.0973500457875458,0.00849676943426944,0.855240980389007,0.0389122043891781,"Stationary"
"Stationary","Meeka",2022-11-03 14:01:06.153597,0.0569318413068413,0.00228365384615385,0.931520794020794,0.00926371082621083,"Stationary"
"Stationary","Meeka",2022-11-03 14:01:10.300799,0.0141737891737892,0.00523695054945055,0.978136446886447,0.00245281339031339,"Stationary"
"Stationary","Meeka",2022-11-03 14:01:14.275199,0.0143531237281237,0.00847069597069597,0.972319520757021,0.00485665954415954,"Stationary"
"Stationary","Meeka",2022-11-03 14:01:18.336,0.0327833624708625,0.00240384615384615,0.955732230732231,0.00908056064306064,"Stationary"
"Stationary","Meeka",2022-11-03 14:01:22.396801,0.0878517570235524,0.008871336996337,0.878903727988511,0.024373177991599,"Stationary"
"Stationary","Meeka",2022-11-03 14:01:26.371201,0.0239799552299552,0.00404838217338217,0.963603352665853,0.00836830993080993,"Stationary"
"Stationary","Meeka",2022-11-03 14:01:30.432001,0.0134634462759463,0.00512502543752544,0.977008928571428,0.00440259971509972,"Stationary"
"Stationary","Meeka",2022-11-03 14:01:34.406401,0.0120745573870574,0.00428940272690273,0.976035307285307,0.0076007326007326,"Stationary"
"Stationary","Meeka",2022-11-03 14:01:38.467202,0.0129995806911129,0.00427350427350427,0.977082964078932,0.00564395095645096,"Stationary"
"Stationary","Meeka",2022-11-03 14:01:42.441602,0.00989265364265364,0.0014957264957265,0.981643645706145,0.00696797415547416,"Stationary"
"Stationary","Meeka",2022-11-03 14:01:46.588804,0.0391682501057501,0.00160737660737661,0.954927339302339,0.00429703398453398,"Stationary"
"Stationary","Meeka",2022-11-03 14:01:50.649604,0.033826301013801,0.00388113044363044,0.959096343471344,0.00319622507122507,"Stationary"
"Stationary","Meeka",2022-11-03 14:01:54.710395,0.0190979737854738,0.000457875457875458,0.977680363617864,0.00276378713878714,"Stationary"
"Stationary","Meeka",2022-11-03 14:01:58.857596,0.00691010378510379,0.00323374542124542,0.985678673178673,0.00417747761497762,"Stationary"
"Stationary","Meeka",2022-11-03 14:02:03.004798,0.0257819372234695,0.00438034188034188,0.956446771567739,0.0133909493284493,"Stationary"
"Stationary","Meeka",2022-11-03 14:02:07.065598,0.00974421337324563,0.00120192307692308,0.983280181213649,0.00577368233618234,"Stationary"
"Stationary","Meeka",2022-11-03 14:02:11.126399,0.0392813783438783,0.00620103276353276,0.941440793003293,0.0130767958892959,"Stationary"
"Stationary","Meeka",2022-11-03 14:02:15.100799,0.0200314153439153,0.00127314814814815,0.975957722832723,0.00273771367521368,"Stationary"
"Stationary","Meeka",2022-11-03 14:02:19.1616,0.015825689767222,0.00236568986568987,0.979417492975961,0.00239112739112739,"Stationary"
"Stationary","Meeka",2022-11-03 14:02:23.136,0.0150628306878307,0.0052477614977615,0.968767806267806,0.0109216015466015,"Stationary"
"Stationary","Meeka",2022-11-03 14:02:27.196801,0.0378056195596518,0.00802681115181115,0.942943261189229,0.0112243080993081,"Stationary"
"Stationary","Meeka",2022-11-03 14:02:31.257602,0.0292532698782699,0.00713522588522589,0.960033716283716,0.00357778795278795,"Stationary"
"Stationary","Meeka",2022-11-03 14:02:35.145601,0.0144210180500503,0.00338319088319088,0.974885046256014,0.00731074481074481,"Stationary"
"Stationary","Meeka",2022-11-03 14:02:39.292803,0.0356813325563326,0.0015224358974359,0.955812994875495,0.00698323667073667,"Stationary"
"Stationary","Meeka",2022-11-03 14:02:43.267203,0.0134793447293447,0.00220543345543346,0.977642958892959,0.00667226292226292,"Stationary"
"Stationary","Meeka",2022-11-03 14:02:47.328003,0.0148097273097273,0.00193325193325193,0.971637159137159,0.0116198616198616,"Stationary"
"Stationary","Meeka",2022-11-03 14:02:51.388804,0.0100714678839679,0.00309065934065934,0.984121145058645,0.00271672771672772,"Stationary"
"Stationary","Meeka",2022-11-03 14:02:55.449605,0.10433695882203,0.0082171034094111,0.860331964247703,0.0271139735208561,"Stationary"
"Stationary","Meeka",2022-11-03 14:02:59.510396,0.0219851329226329,0.00212339743589744,0.970136865449365,0.00575460419210419,"Stationary"
"Stationary","Meeka",2022-11-03 14:03:03.571196,0.0696740181115181,0.00412405881155881,0.913989656177156,0.0122122668997669,"Stationary"
"Stationary","Meeka",2022-11-03 14:03:07.718398,0.011231419043919,0,0.985801293613794,0.00296728734228734,"Stationary"
"Stationary","Meeka",2022-11-03 14:03:11.779198,0.0277717683145315,0.00329415954415954,0.95559222393104,0.0133418482102693,"Stationary"
"Stationary","Meeka",2022-11-03 14:03:15.9264,0.0803502631627632,0.00729929792429792,0.893522854460354,0.0188275844525845,"Stationary"
"Stationary","Meeka",2022-11-03 14:03:19.9008,0.0134074837199837,0.00190081908831909,0.982621718559219,0.00206997863247863,"Stationary"
"Stationary","Meeka",2022-11-03 14:03:23.961601,0.0125476953601954,0.00452279202279202,0.979592745217745,0.0033367673992674,"Stationary"
"Stationary","Meeka",2022-11-03 14:03:28.022402,0.0236384564509565,0.0021011396011396,0.96436457061457,0.00989583333333333,"Stationary"
"Stationary","Meeka",2022-11-03 14:03:31.996802,0.0228639994264994,0.0010454822954823,0.970524151774152,0.0055663665038665,"Stationary"
"Stationary","Meeka",2022-11-03 14:03:36.057602,0.0627824721574722,0.00482995014245014,0.927219944407444,0.00516763329263329,"Stationary"
"Stationary","Meeka",2022-11-03 14:03:40.032002,0.01284543003293,0.00107028388278388,0.979311544936545,0.00677274114774115,"Stationary"
"Stationary","Meeka",2022-11-03 14:03:44.092803,0.0185847717097717,0.00195868945868946,0.977422172734673,0.0020343660968661,"Stationary"
"Stationary","Meeka",2022-11-03 14:03:48.153604,0.0101543934709257,0.00119047619047619,0.984845224966192,0.00380990537240537,"Stationary"
"Stationary","Meeka",2022-11-03 14:03:52.214405,0.0308480870980871,0.00303024521774522,0.959862764550264,0.00625890313390313,"Stationary"
"Stationary","Meeka",2022-11-03 14:03:56.275195,0.029930543993044,0.0041005291005291,0.958089653402153,0.0078792735042735,"Stationary"
"Stationary","Meeka",2022-11-03 14:04:00.335996,0.0161243270618271,0.000801282051282051,0.977581793206793,0.00549259768009768,"Stationary"
"Stationary","Meeka",2022-11-03 14:04:04.396797,0.0222697665237988,0.00286426536426536,0.970013760134728,0.00485220797720798,"Stationary"
"Stationary","Meeka",2022-11-03 14:04:08.371197,0.0173681064306064,0.00516695994637171,0.965960363846393,0.0115045697766286,"Stationary"
"Stationary","Meeka",2022-11-03 14:04:12.431998,0.0162692053317053,0.00585381054131054,0.97243398962149,0.00544299450549451,"Stationary"
"Stationary","Meeka",2022-11-03 14:04:16.492798,0.0177275271025271,0,0.978177031302031,0.0040954415954416,"Stationary"
"Stationary","Meeka",2022-11-03 14:04:20.553599,0.0283420392795393,0.00374158499158499,0.962610743860744,0.00530563186813187,"Stationary"
"Stationary","Meeka",2022-11-03 14:04:24.6144,0.0398645336145336,0.0015491452991453,0.945393148518148,0.0131931725681726,"Stationary"
"Stationary","Meeka",2022-11-03 14:04:28.675201,0.0291126951594906,0.00691900691900692,0.956732727692511,0.00723557022899128,"Stationary"
"Stationary","Meeka",2022-11-03 14:04:32.822402,0.0177331349206349,0.003125,0.97520667989418,0.00393518518518518,"Stationary"
"Stationary","Meeka",2022-11-03 14:04:39.907196,0.019409316788349,0.0024229242979243,0.975929256675224,0.00223850223850224,"Stationary"
"Stationary","Meeka",2022-11-03 14:04:44.054397,0.0666285103785104,0.00443312474562475,0.911812550875051,0.017125814000814,"Stationary"
"Stationary","Meeka",2022-11-03 14:04:48.028797,0.0137522778147778,0.000623219373219373,0.982811112498613,0.00281339031339031,"Stationary"
"Stationary","Meeka",2022-11-03 14:04:52.089598,0.0584593647093647,0.0067352207977208,0.920114167349744,0.0146912471431702,"Stationary"
"Stationary","Meeka",2022-11-03 14:04:56.063998,0.0278554778554779,0.0020477207977208,0.962176191863692,0.00792060948310948,"Stationary"
"Stationary","Meeka",2022-11-03 14:05:00.124799,0.0706109393609393,0.00477689227689228,0.912471473408973,0.012140694953195,"Stationary"
"Stationary","Meeka",2022-11-03 14:05:04.1856,0.0690229330854331,0.0134653540903541,0.90131882006882,0.0161928927553927,"Stationary"
"Stationary","Meeka",2022-11-03 14:05:08.2464,0.0347713050838051,0.00157967032967033,0.95515925047175,0.00848977411477411,"Stationary"
"Stationary","Meeka",2022-11-03 14:05:12.307201,0.0253409784659785,0.00195868945868946,0.97073273948274,0.00196759259259259,"Stationary"
"Stationary","Meeka",2022-11-03 14:05:16.368002,0.24934296416615,0.0400234025234025,0.513875167692172,0.196758465618276,"Stationary"
"Foraging","Meeka",2022-11-03 14:55:51.340797,0.605549903890599,0.0266000203500204,0.191277210037867,0.176572865721513,"Foraging"
"Foraging","Meeka",2022-11-03 14:55:53.414403,0.550258501298787,0.0439713064713065,0.121146561614068,0.284623630615839,"Foraging"
"Foraging","Meeka",2022-11-03 14:55:55.401598,0.592364140489141,0.0506015974765975,0.121233222795723,0.235801039238539,"Foraging"
"Foraging","Meeka",2022-11-03 14:55:57.388803,0.469372891318751,0.0162812881562882,0.326826422707207,0.187519397817754,"Foraging"
"Foraging","Meeka",2022-11-03 14:55:59.375998,0.609633885978363,0.0293555402930403,0.13125260290958,0.229757970819017,"Foraging"
"Foraging","Meeka",2022-11-03 14:56:01.449604,0.636470909274702,0.0530833273480332,0.0894250359807635,0.221020727396501,"Foraging"
"TreeMovement","Meeka",2022-11-03 14:56:03.436799,0.193816350793831,0.0517246642246642,0.102534221102035,0.65192476387947,"TreeMovement"
"TreeMovement","Meeka",2022-11-03 17:53:44.246395,0.103315603320623,0.185520552560647,0.089935199879115,0.621228644239616,"TreeMovement"
"TreeMovement","Meeka",2022-11-03 17:53:46.2336,0.168215059608912,0.0511529558404558,0.117445233722074,0.663186750828557,"TreeMovement"
"TreeMovement","Meeka",2022-11-03 18:12:31.939203,0.130414829991101,0.140512438949939,0.0890587706000842,0.640013960458876,"TreeMovement"
"TreeMovement","Meeka",2022-11-03 18:12:34.012798,0.101784442409443,0.183730794668295,0.0582398504273504,0.656244912494913,"TreeMovement"
"TreeMovement","Meeka",2022-11-03 18:12:38.851205,0.169303266178266,0.132630621693122,0.160627451252451,0.537438660876161,"TreeMovement"
"TreeMovement","Meeka",2022-11-03 18:12:40.8384,0.153048472643963,0.00781440781440781,0.318231786626996,0.520905332914634,"TreeMovement"
"TreeMovement","Meeka",2022-11-03 18:12:42.825605,0.177809574684575,0.0283501221001221,0.285135679847218,0.508704623368085,"TreeMovement"
"TreeMovement","Meeka",2022-11-03 18:12:44.899201,0.165228686605315,0.00498003154253154,0.27779903050841,0.551992251343743,"TreeMovement"
"TreeMovement","Meeka",2022-11-03 18:12:46.886396,0.162827508140008,0.0370942714692715,0.212940069190069,0.587138151200651,"TreeMovement"
"TreeMovement","Meeka",2022-11-03 18:12:48.960001,0.134435202143536,0.107591193528694,0.125152625152625,0.632820979175146,"TreeMovement"
"TreeMovement","Meeka",2022-11-03 18:13:04.5984,0.154149978108311,0.110639245014245,0.0928105603886854,0.642400216488759,"TreeMovement"
"TreeMovement","Meeka",2022-11-03 18:13:07.017598,0.166941391941392,0.106838683040606,0.0728587962962963,0.653361128721706,"TreeMovement"
"TreeMovement","Meeka",2022-11-03 18:13:13.9296,0.131839260559086,0.0439221147860854,0.0600937846220865,0.764144840032743,"TreeMovement"
"TreeMovement","Meeka",2022-11-03 18:13:15.916795,0.134100323409534,0.0100516381766382,0.119728416685654,0.736119621728174,"TreeMovement"
"TreeMovement","Meeka",2022-11-03 18:13:17.990401,0.158578487484737,0.033049068986569,0.150281084656085,0.658091358872609,"TreeMovement"
"TreeMovement","Meeka",2022-11-03 18:13:19.977596,0.153951295617962,0.0130933302808303,0.122923069690839,0.710032304410368,"TreeMovement"
"TreeMovement","Meeka",2022-11-03 18:13:22.483195,0.112566773504274,0.0269780623058062,0.0517062408414152,0.808748923348505,"TreeMovement"
"TreeMovement","Meeka",2022-11-03 18:13:29.308797,0.0646867196647408,0.0369162087912088,0.0580854098056407,0.84031166173841,"TreeMovement"
"TreeMovement","Meeka",2022-11-03 18:13:31.296002,0.197223494098494,0.0621311558811559,0.0371209808709809,0.703524369149369,"TreeMovement"
"TreeMovement","Meeka",2022-11-03 18:13:33.283197,0.141971183197145,0.0348668748821188,0.0439459423233461,0.77921599959739,"TreeMovement"
"TreeMovement","Meeka",2022-11-03 18:13:35.356802,0.121126534777732,0.0106548022325461,0.0715639841995238,0.796654678790199,"TreeMovement"
"TreeMovement","Meeka",2022-11-03 18:13:37.6896,0.196307890029286,0.0104719932844933,0.0911080509416108,0.70211206574461,"TreeMovement"
"TreeMovement","Meeka",2022-11-03 18:13:39.676795,0.234494717707893,0.00722807285307285,0.175232663616914,0.583044545822121,"TreeMovement"
"TreeMovement","Meeka",2022-11-03 18:13:41.750401,0.200818886165727,0.00998550061050061,0.14125072659585,0.647944886627922,"TreeMovement"
"TreeMovement","Meeka",2022-11-03 18:13:43.737596,0.160976072199845,0.00453071798346189,0.106357553364805,0.728135656451888,"TreeMovement"
"TreeMovement","Meeka",2022-11-03 18:13:45.724801,0.206783836231532,0.0153763481888482,0.118674841822725,0.659164973756895,"TreeMovement"
"TreeMovement","Meeka",2022-11-03 18:13:47.798397,0.197811103163825,0.0183633496133496,0.143621238433411,0.640204308789414,"TreeMovement"
"TreeMovement","Meeka",2022-11-03 18:13:49.785602,0.175149738349285,0.00385696479446479,0.131137284133437,0.689856012722814,"TreeMovement"
"TreeMovement","Meeka",2022-11-03 18:13:51.859197,0.248420421747081,0.0419911624681362,0.173517400503494,0.536071015281289,"TreeMovement"
"TreeMovement","Meeka",2022-11-03 18:13:53.846403,0.198701845902553,0.00314153439153439,0.166087049980394,0.632069569725519,"TreeMovement"
"TreeMovement","Meeka",2022-11-03 18:13:55.919998,0.266603997701351,0.0220729441124178,0.121753128904571,0.58956992928166,"TreeMovement"
"TreeMovement","Meeka",2022-11-03 18:29:37.593597,0.214766532434802,0.0107168294668295,0.10465631457218,0.669860323526189,"TreeMovement"
"TreeMovement","Meeka",2022-11-03 18:29:39.580802,0.123047033984534,0.0803869945414063,0.0645618043120579,0.732004167162002,"TreeMovement"
"TreeMovement","Meeka",2022-11-03 18:29:41.567997,0.18848242461454,0.0291272385022385,0.056525960267663,0.72586437661556,"TreeMovement"
"TreeMovement","Meeka",2022-11-03 18:29:43.641603,0.250644205331705,0.0292601495726496,0.0665915255553414,0.653504119540304,"TreeMovement"
"TreeMovement","Meeka",2022-11-03 18:29:45.628798,0.165138442101583,0.0149038461538462,0.0733660792555023,0.746591632489069,"TreeMovement"
"TreeMovement","Meeka",2022-11-03 18:29:47.702404,0.155463177841082,0.00451516076516077,0.092116713646814,0.747904947746944,"TreeMovement"
"TreeMovement","Meeka",2022-11-03 18:29:49.689599,0.215980057438249,0.00483533235057625,0.172472188546618,0.606712421664557,"TreeMovement"
"TreeMovement","Meeka",2022-11-03 18:29:51.763204,0.187455666770525,0.00684235766956355,0.189747068040544,0.615954907519368,"TreeMovement"
"TreeMovement","Meeka",2022-11-03 18:29:53.750399,0.165285090050431,0.00640771265771266,0.190029214315883,0.638277982975973,"TreeMovement"
"TreeMovement","Meeka",2022-11-03 18:33:25.516803,0.193908290783291,0.0298160173160173,0.0872287242078909,0.689046967692801,"TreeMovement"
"TreeMovement","Meeka",2022-11-03 18:33:27.503998,0.280516910084218,0.0151486823361823,0.0685647463291694,0.635769661250431,"TreeMovement"
"TreeMovement","Meeka",2022-11-03 18:33:29.491203,0.168607574973584,0.0122578925703926,0.113876860515932,0.705257671940092,"TreeMovement"
"TreeMovement","Meeka",2022-11-03 18:33:31.651199,0.187087094459638,0.00483509546009546,0.147962478476347,0.66011533160392,"TreeMovement"
"TreeMovement","Meeka",2022-11-03 18:33:33.638404,0.169110615103395,0.0158227767602768,0.112506013053243,0.702560595083086,"TreeMovement"
"TreeMovement","Meeka",2022-11-03 18:33:35.625599,0.167936761327338,0.0254890364265364,0.086023993985246,0.72055020826088,"TreeMovement"
"TreeMovement","Meeka",2022-11-03 18:33:37.699205,0.15942325459177,0.0125264329068677,0.120961573016869,0.707088739484494,"TreeMovement"
"TreeMovement","Meeka",2022-11-03 18:33:39.7728,0.231903744403744,0.0189223392348392,0.0840010683760684,0.665172847985348,"TreeMovement"
"TreeMovement","Meeka",2022-11-03 18:33:41.846396,0.161920342382996,0.00891400266400266,0.165757836061641,0.663407818891361,"TreeMovement"
"TreeMovement","Meeka",2022-11-03 18:33:43.7472,0.22449708991306,0.0400867198421546,0.126711569003584,0.608704621241202,"TreeMovement"
"TreeMovement","Meeka",2022-11-03 18:38:04.070401,0.24271179456281,0.067340476015045,0.136562893871362,0.553384835550784,"TreeMovement"
"TreeMovement","Meeka",2022-11-03 18:38:06.143997,0.54289046361357,0.0210381054131054,0.0995183589305759,0.336553072042749,"Foraging"
"TreeMovement","Meeka",2022-11-03 18:38:08.131202,0.412073367567319,0.0509691697191697,0.153447974516523,0.383509488196988,"Foraging"
"TreeMovement","Meeka",2022-11-03 18:38:10.118397,0.217566457579558,0.0253555472305472,0.0933195507433129,0.663758444446582,"TreeMovement"
"TreeMovement","Meeka",2022-11-03 18:40:14.7072,0.45489675548765,0.00569291819291819,0.10754296875807,0.431867357561361,"Foraging"
"TreeMovement","Meeka",2022-11-03 18:40:16.780796,0.345850104952513,0.00863349613349613,0.0900008617422791,0.555515537171712,"TreeMovement"
"TreeMovement","Meeka",2022-11-03 18:40:18.768001,0.227106279057705,0.0114134764287203,0.139968241131537,0.621512003382038,"TreeMovement"
"TreeMovement","Meeka",2022-11-03 18:40:20.841597,0.22335389470687,0.00461563899063899,0.179276081472053,0.592754384830439,"TreeMovement"
"TreeMovement","Meeka",2022-11-03 18:40:22.828802,0.234139702889703,0.0266935032560033,0.101568975006475,0.637597818847819,"TreeMovement"
"TreeMovement","Meeka",2022-11-03 18:40:24.815997,0.219512456354562,0.0269498441373441,0.129711457219681,0.623826242288414,"TreeMovement"
"TreeMovement","Meeka",2022-11-03 18:40:54.624002,0.203214221780398,0.0491637991637992,0.105732033131414,0.641889945924389,"TreeMovement"
"TreeMovement","Meeka",2022-11-03 18:40:56.697598,0.172665471102971,0.0435255138380138,0.121792963980464,0.662016051078551,"TreeMovement"
"TreeMovement","Meeka",2022-11-03 18:43:17.443204,0.232749085315306,0.00504362535612536,0.162780372441329,0.59942691688724,"TreeMovement"
"TreeMovement","Meeka",2022-11-03 18:43:19.430399,0.145130145022915,0.00840837403337403,0.189484037431341,0.65697744351237,"TreeMovement"
"TreeMovement","Meeka",2022-11-03 18:43:21.504004,0.158724761787099,0.00605003893047371,0.248356322029902,0.586868877252526,"TreeMovement"
"TreeMovement","Meeka",2022-11-03 18:43:23.491199,0.191640195403864,0.0116342637482343,0.253055816453252,0.543669724394649,"TreeMovement"
"TreeMovement","Meeka",2022-11-03 18:43:25.564795,0.223115681832787,0.0157629985754986,0.149967842525408,0.611153477066306,"TreeMovement"
"TreeMovement","Meeka",2022-11-03 18:43:27.552,0.144950746233669,0.00757947014740493,0.122945940219665,0.724523843399262,"TreeMovement"
"TreeMovement","Meeka",2022-11-03 18:43:29.625596,0.189231755497244,0.0534366096866097,0.159036814434307,0.59829482038184,"TreeMovement"
"TreeMovement","Meeka",2022-11-03 18:43:31.612801,0.382458493205638,0.00663601444851445,0.120269580703432,0.490635911642415,"TreeMovement"
"TreeMovement","Meeka",2022-11-03 18:43:33.599996,0.180961005271206,0.011052964245899,0.154679437082892,0.653306593400003,"TreeMovement"
"TreeMovement","Meeka",2022-11-03 18:43:35.673602,0.172520896496403,0.0117674570799571,0.197333068402295,0.618378578021346,"TreeMovement"
"TreeMovement","Meeka",2022-11-03 18:43:37.660797,0.130271139136628,0.0113028879333227,0.170607280929524,0.687818692000525,"TreeMovement"
"TreeMovement","Meeka",2022-11-03 18:43:39.734402,0.139589542097766,0.0151385073260073,0.195749922334563,0.649522028241664,"TreeMovement"
"TreeMovement","Meeka",2022-11-03 18:43:41.721597,0.186699633884389,0.0203201312576313,0.160506293016531,0.632473941841449,"TreeMovement"
"TreeMovement","Meeka",2022-11-03 18:43:43.708802,0.173314359358199,0.00560833842083842,0.207975470062679,0.613101832158284,"TreeMovement"
"TreeMovement","Meeka",2022-11-03 18:43:45.782398,0.210924600149364,0.0248356428852118,0.134284723294652,0.629955033670772,"TreeMovement"
"TreeMovement","Meeka",2022-11-03 18:43:47.769603,0.336654768059452,0.0123689967439967,0.104872551173015,0.546103684023536,"TreeMovement"
"TreeMovement","Meeka",2022-11-03 18:43:49.843199,0.120790643029691,0.00183150183150183,0.25057242936718,0.626805425771627,"TreeMovement"
"TreeMovement","Meeka",2022-11-03 18:43:51.830404,0.260056876008043,0.0078074124949125,0.162425226516074,0.56971048498097,"TreeMovement"
"TreeMovement","Meeka",2022-11-03 18:43:53.904,0.240517397075246,0.0665168132444076,0.120704839554743,0.572260950125603,"TreeMovement"
"TreeMovement","Meeka",2022-11-03 18:43:55.891205,0.252726774820759,0.0168882678410117,0.126897280976456,0.603487676361774,"TreeMovement"
"TreeMovement","Meeka",2022-11-03 18:43:57.8784,0.296271106592905,0.0988527676027676,0.13037629026721,0.474499835537118,"TreeMovement"
"TreeMovement","Meeka",2022-11-03 18:43:59.951995,0.106517333762079,0.00618640618640619,0.177440428632494,0.709855831419021,"TreeMovement"
"TreeMovement","Meeka",2022-11-03 18:44:01.9392,0.113343553072172,0.00167378917378917,0.261997593362303,0.622985064391736,"TreeMovement"
"TreeMovement","Meeka",2022-11-03 18:44:04.012796,0.157962192384098,0.0385807535959975,0.104318303643733,0.699138750376172,"TreeMovement"
"TreeMovement","Meeka",2022-11-03 18:48:55.612804,0.194644545447336,0.0265949328449328,0.153797083799316,0.624963437908415,"TreeMovement"
"TreeMovement","Meeka",2022-11-03 18:48:57.599999,0.469640986998289,0.00920902014652015,0.0689189894367622,0.452231003418428,"Foraging"
"TreeMovement","Meeka",2022-11-03 18:48:59.673604,0.371367632896606,0.0199201261701262,0.126767974164999,0.481944266768269,"TreeMovement"
"TreeMovement","Meeka",2022-11-03 18:49:01.6608,0.203704055953316,0.00413105413105413,0.205139551764284,0.587025338151345,"TreeMovement"
"TreeMovement","Meeka",2022-11-03 18:49:03.648005,0.296370332617802,0.016250185000185,0.130637014679904,0.556742467702108,"TreeMovement"
"TreeMovement","Meeka",2022-11-03 18:49:05.7216,0.189005880224033,0.0088147385022385,0.187828997208239,0.61435038406549,"TreeMovement"
"TreeMovement","Meeka",2022-11-03 18:56:51.503996,0.142455741199614,0.028464590964591,0.265932923721857,0.563146744113939,"TreeMovement"
"TreeMovement","Meeka",2022-11-03 18:56:53.491201,0.164748181625269,0.00125534188034188,0.25631513276271,0.577681343731679,"TreeMovement"
"TreeMovement","Meeka",2022-11-03 18:56:55.564797,0.154736905766541,0.00242864774114774,0.318298392668034,0.524536053824278,"TreeMovement"
"TreeMovement","Meeka",2022-11-03 18:56:57.552002,0.138444368131868,0.0333835724460724,0.328797411058441,0.499374648363619,"TreeMovement"
"TreeMovement","Meeka",2022-11-03 18:56:59.539197,0.226953552579523,0.00131702787952788,0.197382474682553,0.574346944858397,"TreeMovement"
"TreeMovement","Meeka",2022-11-03 18:57:01.612803,0.137005992843724,0.00278540903540904,0.308313293727048,0.551895304393819,"TreeMovement"
"TreeMovement","Meeka",2022-11-03 18:57:03.599998,0.140589840166111,0.148380901505902,0.0774726137014273,0.633556644626561,"TreeMovement"
"Foraging","Meeka",2022-11-03 18:57:12.844798,0.529164924749164,0.0729851293030641,0.121578360865568,0.276271585082204,"Foraging"
"Foraging","Meeka",2022-11-03 19:16:10.819203,0.520385223750608,0.0199926231176231,0.104318077755578,0.355304075376191,"Foraging"
"Foraging","Meeka",2022-11-03 19:16:12.892798,0.491091990571157,0.0664816086691087,0.115392226923235,0.327034173836499,"Foraging"
"Foraging","Meeka",2022-11-03 19:16:14.880003,0.511984919812142,0.015265694953195,0.129059435410545,0.343689949824118,"Foraging"
"Foraging","Meeka",2022-11-03 19:16:16.953599,0.821842469318431,0.0167328042328042,0.0841832401928556,0.0772414862559093,"Foraging"
"Foraging","Meeka",2022-11-03 19:16:18.940804,0.5968455941312,0.0789657102157102,0.0639458874206043,0.260242808232485,"Foraging"
"Foraging","Meeka",2022-11-03 19:16:20.927999,0.579873193935694,0.0494823463573464,0.110882809320309,0.25976165038665,"Foraging"
"Foraging","Meeka",2022-11-03 19:16:23.001595,0.657315744600227,0.0355887208257898,0.137745472120472,0.169350062453511,"Foraging"
"Foraging","Meeka",2022-11-03 19:16:24.9888,0.51941532188167,0.000676638176638177,0.254378868826222,0.22552917111547,"Foraging"
"Foraging","Meeka",2022-11-03 19:16:27.062396,0.550521724222233,0.00395098580194734,0.223505938453619,0.2220213515222,"Foraging"
"Foraging","Meeka",2022-11-03 19:16:29.049601,0.470749262311762,0.0149483618233618,0.278968276286322,0.235334099578554,"Foraging"
"Foraging","Meeka",2022-11-03 19:16:31.036796,0.546981537018321,0.0381158828186267,0.104649251873868,0.310253328289185,"Foraging"
"Foraging","Meeka",2022-11-03 19:38:15.936004,0.643110977786459,0.0382675773300773,0.110938462801444,0.207682982082021,"Foraging"
"Foraging","Meeka",2022-11-03 19:38:17.923199,0.480776388722565,0.00928428601125969,0.163838098311975,0.3461012269542,"Foraging"
"Foraging","Meeka",2022-11-03 19:38:19.996795,0.536685916044194,0.0143707113136461,0.153273261851335,0.295670110790826,"Foraging"
"Foraging","Meeka",2022-11-03 19:38:21.984,0.563641397776013,0.0257974664224664,0.122185413411375,0.288375722390145,"Foraging"
"Foraging","Meeka",2022-11-03 19:40:30.288002,0.677575625556272,0.00727258852258852,0.114175540881396,0.200976245039744,"Foraging"
"Foraging","Meeka",2022-11-03 19:40:32.275197,0.842640811200456,0.00173738298738299,0.0529635782411798,0.102658227570981,"Foraging"
"Foraging","Meeka",2022-11-03 19:40:34.348802,0.43661425267136,0.00372150997150997,0.291184683791303,0.268479553565827,"Foraging"
"Foraging","Meeka",2022-11-03 19:40:36.335997,0.581720276251526,0.0319170991045991,0.0771863553113554,0.309176269332519,"Foraging"
"Foraging","Meeka",2022-11-03 19:40:38.409603,0.577552704595974,0.0260154953664569,0.111737754766601,0.284694045270968,"Foraging"
"Foraging","Meeka",2022-11-03 19:46:20.985596,0.466267081024148,0.00743602462352462,0.396603190604586,0.129693703747741,"Foraging"
"Foraging","Meeka",2022-11-03 19:46:22.972801,0.673277703778435,0.0321816493691494,0.183530204867536,0.111010441984879,"Foraging"
"Foraging","Meeka",2022-11-03 19:46:25.046397,0.624505818255819,0.00534633190883191,0.218911234776619,0.151236615058731,"Foraging"
"Foraging","Meeka",2022-11-03 19:46:27.033602,0.697801751163181,0.00397970085470085,0.182024884409866,0.116193663572253,"Foraging"
"Foraging","Meeka",2022-11-03 19:46:29.107198,0.662077432393935,0.0192523911273911,0.160456384180766,0.158213792297908,"Foraging"
"Foraging","Meeka",2022-11-03 19:46:31.094403,0.643050596366145,0.0479904354904355,0.173038037786513,0.135920930356906,"Foraging"
"Foraging","Meeka",2022-11-03 19:46:33.167999,0.515169211106711,0.0568738553113553,0.112987970800471,0.314968962781463,"Foraging"
"Foraging","Meeka",2022-11-03 19:51:09.4752,0.423388532763533,0.238978556166056,0.0533870065120065,0.284245904558404,"Foraging"
"Foraging","Meeka",2022-11-03 19:57:21.427196,0.790226339942888,0.0270096388771426,0.032542630980131,0.150221390199839,"Foraging"
"Foraging","Meeka",2022-11-03 19:57:23.500802,0.686976105643869,0.0355006105006105,0.0426132468895627,0.234910036965958,"Foraging"
"Foraging","Meeka",2022-11-03 19:57:25.487997,0.529885337779828,0.0587962962962963,0.0943350649919241,0.316983300931952,"Foraging"
"Foraging","Meeka",2022-11-03 19:59:23.164798,0.548319945633561,0.0288788813941253,0.0998661823100927,0.322934990662222,"Foraging"
"Foraging","Meeka",2022-11-03 19:59:25.152003,0.805560414775158,0.0221484533984534,0.0615171657639607,0.110773966062428,"Foraging"
"Foraging","Meeka",2022-11-03 19:59:27.225599,0.926977536352536,0.00675938644688645,0.0148453398453398,0.0514177373552374,"Foraging"
"Foraging","Meeka",2022-11-03 19:59:29.212804,0.526346809866546,0.0195716320716321,0.152412596838279,0.301668961223542,"Foraging"
"Foraging","Meeka",2022-11-03 20:01:27.926402,0.61852441430754,0.0205789580789581,0.116027430109911,0.244869197503592,"Foraging"
"Foraging","Meeka",2022-11-03 20:01:29.913597,0.884356439444518,0.013557280044349,0.0565762607349106,0.0455100197762219,"Foraging"
"Foraging","Meeka",2022-11-03 20:01:31.987203,0.662206702497068,0.0197643213268213,0.0990871966361496,0.218941779539961,"Foraging"
"Foraging","Meeka",2022-11-03 20:01:33.974398,0.519628556172243,0.083378266258701,0.0762803595879997,0.320712817981056,"Foraging"
"Foraging","Meeka",2022-11-03 21:11:55.478396,0.921692898706189,0.022741507184442,0.0240361108845421,0.0315294832248274,"Foraging"
"Locomotion","Meeka",2022-11-03 21:11:57.552002,0.0614659645909646,0.72206132987383,0.0348557692307692,0.181616936304436,"Locomotion"
"Locomotion","Meeka",2022-11-03 21:13:14.879997,0.0226432132682133,0.919995166870167,0.00741440272690273,0.0499472171347171,"Locomotion"
"Locomotion","Meeka",2022-11-03 21:13:49.439999,0.0165446352946353,0.954744459431959,0.0110655298155298,0.0176453754578755,"Locomotion"
"Locomotion","Meeka",2022-11-03 21:13:58.080005,0.0081686941061941,0.982389326139326,0.00749219342969343,0.00194978632478633,"Locomotion"
"Foraging","Meeka",2022-11-03 21:13:58.080005,0.475443248880749,0.220203754578755,0.0988603988603989,0.205492597680098,"Foraging"
"Foraging","Meeka",2022-11-03 21:13:59.894398,0.443056191493691,0.271078805453805,0.0800328144078145,0.205832188644689,"Foraging"
"Locomotion","Meeka",2022-11-03 21:17:16.799999,0.0123416514041514,0.967357295482295,0.00610500610500611,0.014196047008547,"Locomotion"
"Locomotion","Meeka",2022-11-03 21:17:16.799999,0.0570387100435177,0.888689987007295,0.0237304718073949,0.0305408311417927,"Locomotion"
"Locomotion","Meeka",2022-11-03 21:17:25.440004,0.00633775946275946,0.978481761294261,0.00494314713064713,0.0102373321123321,"Locomotion"
"Locomotion","Meeka",2022-11-03 21:17:25.440004,0.00346204721204721,0.990033577533578,0.00275997150997151,0.00374440374440374,"Locomotion"
"Locomotion","Meeka",2022-11-03 21:17:25.440004,0.0434765466015466,0.868615181115181,0.0170278795278795,0.0708803927553928,"Locomotion"
"Foraging","Meeka",2022-11-03 21:20:44.764803,0.501662554266721,0.0626259157509158,0.226151217609551,0.209560312372812,"Foraging"
"Foraging","Meeka",2022-11-03 21:20:46.751998,0.910408081501832,0.00592948717948718,0.0463567104192104,0.0373057208994709,"Foraging"
"Foraging","Meeka",2022-11-03 21:20:48.825604,0.864360159071698,0.00490626271876272,0.0757662076171692,0.0549673705923706,"Foraging"
"Foraging","Meeka",2022-11-03 21:20:50.812799,0.82237943539816,0.00564903846153846,0.100429451340383,0.071542074799919,"Foraging"
"Foraging","Meeka",2022-11-03 21:20:52.886405,0.487808740792764,0.00410752442002442,0.275838569847029,0.232245164940184,"Foraging"
"Foraging","Meeka",2022-11-03 21:20:54.8736,0.568821745595721,0.00778960622710623,0.209179027883102,0.214209620294071,"Foraging"
"Foraging","Meeka",2022-11-03 21:36:44.150396,0.606581268890913,0.0332048738298738,0.277577563792665,0.0826362934865473,"Foraging"
"Foraging","Meeka",2022-11-03 21:36:46.137601,0.606161049101143,0.0411368551329573,0.112615346851859,0.240086748914041,"Foraging"
"Foraging","Meeka",2022-11-03 21:55:21.216003,0.716934040221369,0.0434578279007627,0.0440335279973438,0.195574603880525,"Foraging"
"Foraging","Meeka",2022-11-03 21:55:23.203198,0.737685693935694,0.0475961538461539,0.0500419719169719,0.16467618030118,"Foraging"
"Foraging","Meeka",2022-11-03 21:55:25.276803,0.891779129880092,0.0183220136345136,0.046730299614915,0.0431685568704799,"Foraging"
"Foraging","Meeka",2022-11-03 21:55:27.263999,0.798340477960043,0.0296096390525738,0.0888195716320717,0.0832303113553114,"Foraging"
"Foraging","Meeka",2022-11-03 21:55:29.337604,0.819622783617349,0.0252057674612022,0.0769249847374847,0.0782464641839642,"Foraging"
"Foraging","Meeka",2022-11-03 21:55:31.324799,0.544150194236083,0.0178448355838062,0.19602232489372,0.241982645286391,"Foraging"
"Foraging","Meeka",2022-11-03 21:57:15.695999,0.808466755191584,0.0471100206154554,0.0664732410620569,0.0779499831309042,"Foraging"
"Foraging","Meeka",2022-11-03 21:57:17.769595,0.869415485573512,0.027429007184442,0.0590578447549601,0.0440976624870856,"Foraging"
"Foraging","Meeka",2022-11-03 21:57:19.7568,0.889528213283222,0.0231857428657466,0.0595691390162544,0.0277169048347762,"Foraging"
"Locomotion","Meeka",2022-11-03 21:57:21.830396,0.046155753968254,0.829192104192105,0.0261192511192511,0.0985328907203908,"Locomotion"
"Locomotion","Meeka",2022-11-03 23:09:01.439996,0.0677725630850631,0.763257402319902,0.0322560541310541,0.13671398046398,"Locomotion"
"Locomotion","Meeka",2022-11-03 23:09:53.279998,0.0323905823226475,0.900323776954212,0.0141142172392172,0.0531714234839235,"Locomotion"
"Locomotion","Meeka",2022-11-03 23:10:19.200004,0.00586271367521368,0.988773784086284,0.00191798941798942,0.00344551282051282,"Locomotion"
"Locomotion","Meeka",2022-11-03 23:10:19.200004,0.019202152014652,0.933299628612129,0.0140707671957672,0.0334274521774522,"Locomotion"
"Locomotion","Meeka",2022-11-03 23:11:02.400001,0.0327451593076593,0.920188853001353,0.0170961311586312,0.0299698565323565,"Locomotion"
"Locomotion","Meeka",2022-11-03 23:13:37.919999,0.046279125966626,0.855872252747253,0.0335005850630851,0.0643480362230362,"Locomotion"
"Locomotion","Meeka",2022-11-03 23:13:46.560004,0.152535064225073,0.597106107150003,0.0565163017530283,0.193842526871896,"Locomotion"
"Foraging","Meeka",2022-11-04 00:31:26.544002,0.537687553067331,0.0247578425647479,0.258854073584326,0.178700530783596,"Foraging"
"Foraging","Meeka",2022-11-04 00:31:28.531197,0.616982185123782,0.0329139134286193,0.113824912664294,0.236278988783305,"Foraging"
"Foraging","Meeka",2022-11-04 00:31:30.604803,0.648255262249828,0.0807765855320203,0.109864036426536,0.161104115791616,"Foraging"
"Foraging","Meeka",2022-11-04 00:31:32.591998,0.801299108921253,0.0314700345950346,0.0625032862183878,0.104727570265324,"Foraging"
"Foraging","Meeka",2022-11-04 00:31:34.665603,0.922304062433448,0.0314513158942507,0.0205270287216098,0.0257175929506909,"Foraging"
"Foraging","Meeka",2022-11-04 00:31:36.652798,0.927106986824658,0.0203065000619348,0.0257253695125864,0.0268611436008205,"Foraging"
"Foraging","Meeka",2022-11-04 00:31:38.640003,0.874934318343792,0.0142631799561147,0.0552248738412912,0.0555776278588027,"Foraging"
"Foraging","Meeka",2022-11-04 00:31:40.713599,0.80799590883753,0.0241758241758242,0.0860743923839706,0.0817538746026749,"Foraging"
"Foraging","Meeka",2022-11-04 00:31:42.700804,0.601921288104628,0.020978385040885,0.128641630565996,0.248458696288491,"Foraging"
"Foraging","Meeka",2022-11-04 00:31:44.7744,0.442867856198554,0.0102790275344623,0.273362604840632,0.273490511426351,"Foraging"
"Foraging","Meeka",2022-11-04 00:31:46.761605,0.52995899735168,0.0560477944429351,0.115738908243027,0.298254299962358,"Foraging"
"Foraging","Meeka",2022-11-04 02:39:30.009598,0.713034152861873,0.0153254731379731,0.0753259526160396,0.196314421384114,"Foraging"
"Foraging","Meeka",2022-11-04 02:39:31.996804,0.897616585923038,0.0199290293040293,0.0202507319442803,0.0622036528286528,"Foraging"
"Foraging","Meeka",2022-11-04 02:39:34.070399,0.924659084567112,0.0114701396630744,0.0195089677060831,0.0443618080637311,"Foraging"
"Foraging","Meeka",2022-11-04 02:39:36.057604,0.921703171553,0.0123000389304737,0.0157323731336889,0.0502644163828374,"Foraging"
"Foraging","Meeka",2022-11-04 02:39:38.044799,0.90984358856955,0.014124185999186,0.0380168709495632,0.0380153544817006,"Foraging"
"Foraging","Meeka",2022-11-04 02:39:40.118395,0.792711153580718,0.0402921278600626,0.0541113400488401,0.112885378510379,"Foraging"
"Foraging","Meeka",2022-11-04 02:39:42.1056,0.792731002885526,0.0260865417794766,0.067474760801032,0.113707694533966,"Foraging"
"Foraging","Meeka",2022-11-04 02:39:44.179196,0.567561142561142,0.0580579721204721,0.0898956367706368,0.284485248547749,"Foraging"
"Foraging","Meeka",2022-11-04 08:15:38.015998,0.4849448005698,0.131940628815629,0.175373931623932,0.207740638990639,"Foraging"
"Foraging","Meeka",2022-11-04 08:15:40.003203,0.544428047914262,0.0155306046610394,0.242827313714774,0.197214033709924,"Foraging"
"Foraging","Meeka",2022-11-04 08:15:41.990398,0.635574988530099,0.0388520044770045,0.159371411997405,0.166201594995491,"Foraging"
"Foraging","Meeka",2022-11-04 08:15:44.064004,0.701586763485802,0.0500349765974766,0.121683582621083,0.126694677295639,"Foraging"
"Foraging","Meeka",2022-11-04 08:15:46.051199,0.878629576193523,0.0183849715099715,0.064067593621511,0.0389178586749951,"Foraging"
"Foraging","Meeka",2022-11-04 08:15:48.124804,0.71190533714859,0.0336595695970696,0.137134388657712,0.117300704596629,"Foraging"
"Foraging","Meeka",2022-11-04 08:15:50.111999,0.712868574653532,0.0501774267399267,0.1167345288108,0.120219469795741,"Foraging"
"Foraging","Meeka",2022-11-04 08:15:52.099205,0.868553342401449,0.0214730870980871,0.063507726044943,0.0464658444555213,"Foraging"
"Foraging","Meeka",2022-11-04 08:15:54.1728,0.794595439034385,0.0163423382173382,0.109018880760298,0.0800433419879784,"Foraging"
"Foraging","Meeka",2022-11-04 08:15:56.159995,0.636665593162089,0.0783482142857143,0.123474900707422,0.161511291844775,"Foraging"
"Foraging","Meeka",2022-11-04 08:15:58.233601,0.675503213193762,0.0412393162393162,0.149148385771861,0.13410908479506,"Foraging"
"Foraging","Meeka",2022-11-04 08:16:00.220796,0.465629913984247,0.0135744589548937,0.273138348509206,0.247657278551653,"Foraging"
"Foraging","Meeka",2022-11-04 08:16:02.294402,0.881385519338418,0.014610402178337,0.067441451295618,0.0365626271876272,"Foraging"
"Foraging","Meeka",2022-11-04 08:16:04.281597,0.891783277638541,0.0268957315832316,0.0429079174967333,0.0384130732814943,"Foraging"
"Locomotion","Meeka",2022-11-04 08:16:06.268802,0.0202075702075702,0.938103505291005,0.0140071733821734,0.0276817511192511,"Locomotion"
"Locomotion","Meeka",2022-11-05 00:48:48.960003,0.0437996719246719,0.912877472252472,0.0133021242396242,0.0300207315832316,"Locomotion"
"Locomotion","Meeka",2022-11-05 00:49:49.440001,0.00491389397639398,0.986639575702075,0.00349002849002849,0.00495650183150183,"Locomotion"
"Locomotion","Meeka",2022-11-05 00:49:49.440001,0.00507478632478632,0.987246260683761,0.00089031339031339,0.0067886396011396,"Locomotion"
"Locomotion","Meeka",2022-11-05 00:49:49.440001,0.0168307387057387,0.958809015059015,0.00509004884004884,0.0192701973951974,"Locomotion"
"Locomotion","Meeka",2022-11-05 00:49:58.079997,0.000200320512820513,0.991379222629223,0.000961538461538461,0.0074589183964184,"Locomotion"
"Locomotion","Meeka",2022-11-05 00:49:58.079997,0.00112179487179487,0.998397435897436,0,0.000480769230769231,"Locomotion"
"Locomotion","Meeka",2022-11-05 00:49:58.079997,0.041477793040293,0.865795431420431,0.0172135734635735,0.0755132020757021,"Locomotion"
"Locomotion","Meeka",2022-11-05 00:50:41.280004,0.00663665038665039,0.982122507122507,0.00527129120879121,0.00596955128205128,"Locomotion"
"Locomotion","Meeka",2022-11-05 00:50:41.280004,0.0016025641025641,0.998008241758242,0.000389194139194139,0,"Locomotion"
"Locomotion","Meeka",2022-11-05 00:50:41.280004,0.0164949633699634,0.946689306064306,0.0202997812372812,0.0165159493284493,"Locomotion"
"Locomotion","Meeka",2022-11-05 00:52:50.880005,0.0466447903947904,0.891440908628409,0.016334071021571,0.04558022995523,"Locomotion"
"Locomotion","Meeka",2022-11-05 00:55:43.680003,0.003998778998779,0.990483821733822,0.00454059829059829,0.000976800976800977,"Locomotion"
"Locomotion","Meeka",2022-11-05 00:55:43.680003,0.00089031339031339,0.998753561253561,0,0.000356125356125356,"Locomotion"
"Locomotion","Meeka",2022-11-05 00:55:43.680003,0.00518543956043956,0.983648122710623,0.00250178062678063,0.0086646571021571,"Locomotion"
"Locomotion","Meeka",2022-11-05 00:55:52.319998,0.0891489875864876,0.74734940984941,0.0371292480667481,0.126372354497355,"Locomotion"
"Locomotion","Meeka",2022-11-05 00:57:01.440001,0.003690349002849,0.982759717134717,0.0058264652014652,0.00772346866096866,"Locomotion"
"Locomotion","Meeka",2022-11-05 00:57:01.440001,0.0446981837606838,0.881117724867725,0.0207964489214489,0.0533876424501425,"Locomotion"
"Locomotion","Meeka",2022-11-05 01:11:16.799997,0.00302706552706553,0.991662215099715,0.00122863247863248,0.00408208689458689,"Locomotion"
"Locomotion","Meeka",2022-11-05 01:11:16.799997,0.0144148097273097,0.94331946988197,0.00489290801790802,0.0373728123728124,"Locomotion"
"Locomotion","Meeka",2022-11-05 01:11:25.440002,0.00315616096866097,0.993306115181115,0.00192307692307692,0.00161464692714693,"Locomotion"
"Locomotion","Meeka",2022-11-05 01:11:25.440002,0.00907090594590595,0.97655562030562,0.00563568376068376,0.00873778998778999,"Locomotion"
"Locomotion","Meeka",2022-11-05 01:11:25.440002,0.0298337657712658,0.926423865486366,0.0118157305657306,0.0319266381766382,"Locomotion"
"Locomotion","Meeka",2022-11-05 01:12:43.200001,0.00807514245014245,0.980790216727717,0.000858516483516484,0.0102761243386243,"Locomotion"
"Locomotion","Meeka",2022-11-05 01:12:43.200001,0.0157133954008954,0.961369301994302,0.0070888024013024,0.0158285002035002,"Locomotion"
"TreeMovement","Hardy",2023-05-15 15:08:34.684796,0.173026048026048,0.0423852767602768,0.031651276963777,0.752937398249898,"TreeMovement"
"TreeMovement","Hardy",2023-05-15 15:08:36.672001,0.138657224170995,0.0511167073667074,0.019632132423446,0.790593936038852,"TreeMovement"
"TreeMovement","Hardy",2023-05-15 15:08:44.880003,0.209638037339309,0.0548655626780627,0.0249116908280044,0.710584709154624,"TreeMovement"
"TreeMovement","Hardy",2023-05-15 15:08:46.867198,0.0936340760228472,0.0847215862840863,0.0530106173644309,0.768633720328635,"TreeMovement"
"TreeMovement","Hardy",2023-05-15 15:08:48.854404,0.0608292072804785,0.0697177021696252,0.0462010496173632,0.823252040932533,"TreeMovement"
"TreeMovement","Hardy",2023-05-15 15:08:50.841599,0.104293668434915,0.00669897232397232,0.0672344203719987,0.821772938869114,"TreeMovement"
"TreeMovement","Hardy",2023-05-15 15:08:52.828804,0.104364677719941,0.022912851037851,0.11107603410235,0.761646437139858,"TreeMovement"
"TreeMovement","Hardy",2023-05-15 15:08:54.815999,0.159479293854294,0.087325752950753,0.0350605413105413,0.718134411884412,"TreeMovement"
"TreeMovement","Hardy",2023-05-15 15:08:56.803204,0.0815957671095383,0.0511351495726496,0.0397742010030146,0.827494882314798,"TreeMovement"
"TreeMovement","Hardy",2023-05-15 15:08:58.703998,0.0696427568548976,0.0565438034188034,0.0512861743356401,0.822527265390659,"TreeMovement"
"TreeMovement","Hardy",2023-05-15 15:09:00.691203,0.285095242448184,0.0140351546601547,0.0918767745054511,0.608992828386211,"TreeMovement"
"TreeMovement","Hardy",2023-05-15 15:09:02.678398,0.216882818021589,0.00747418091168091,0.128078547119861,0.647564453946869,"TreeMovement"
"TreeMovement","Hardy",2023-05-15 15:09:04.665603,0.212443401505902,0.0119569088319088,0.12129884004884,0.654300849613349,"TreeMovement"
"TreeMovement","Hardy",2023-05-15 15:09:06.652798,0.266757319800083,0.012160409035409,0.125661159624975,0.595421111539532,"TreeMovement"
"TreeMovement","Hardy",2023-05-15 15:09:08.640003,0.254321777759278,0.018020578958079,0.152637637094874,0.575020006187769,"TreeMovement"
"TreeMovement","Hardy",2023-05-15 15:09:10.627198,0.193522334147334,0.0479719932844933,0.092106328126065,0.666399344442107,"TreeMovement"
"TreeMovement","Hardy",2023-05-15 15:09:12.614403,0.0999887539361224,0.0154685592185592,0.0595263776184829,0.825016309226836,"TreeMovement"
"TreeMovement","Hardy",2023-05-15 15:09:14.601599,0.044818192831964,0.0732611494630726,0.0295998267661403,0.852320830938824,"TreeMovement"
"TreeMovement","Hardy",2023-05-15 15:09:16.588804,0.0649698910326441,0.00494026214300605,0.0623860323536967,0.867703814470653,"TreeMovement"
"TreeMovement","Hardy",2023-05-15 15:09:18.575999,0.100522564027006,0.0109305046805047,0.0576873723931657,0.830859558899324,"TreeMovement"
"TreeMovement","Hardy",2023-05-15 15:09:20.563204,0.318793061727706,0.00327126577126577,0.0814165951316967,0.596519077369332,"TreeMovement"
"TreeMovement","Hardy",2023-05-15 15:09:22.550399,0.159149434384017,0.00501119251119251,0.0981910463541764,0.737648326750615,"TreeMovement"
"TreeMovement","Hardy",2023-05-15 15:09:24.537604,0.238913302719445,0.00704492266992267,0.0957933407020774,0.658248433908555,"TreeMovement"
"TreeMovement","Hardy",2023-05-15 15:09:26.524799,0.304490811879583,0.0194991351241351,0.102388669867484,0.573621383128798,"TreeMovement"
"Foraging","Hardy",2023-05-15 15:09:28.512004,0.527757456663707,0.00918676231176231,0.11280975968476,0.350246021339771,"Foraging"
"Foraging","Hardy",2023-05-16 12:52:44.054403,0.792603117520881,0.0137349918599919,0.108008152909469,0.0856537377096588,"Foraging"
"Foraging","Hardy",2023-05-16 12:52:46.041598,0.734222519524909,0.0120612026862027,0.0914684597318571,0.162247818057032,"Foraging"
"Foraging","Hardy",2023-05-16 12:52:48.028803,0.598608874939489,0.0117456795341411,0.136099317252641,0.253546128273729,"Foraging"
"Foraging","Hardy",2023-05-16 12:53:06.345602,0.655032814407814,0.059118080993081,0.145654634717135,0.14019446988197,"Foraging"
"Foraging","Hardy",2023-05-16 12:53:08.332797,0.571900300554147,0.0720295329670329,0.107083206145706,0.248986960333114,"Foraging"
"Foraging","Hardy",2023-05-16 12:53:16.281597,0.894573563395314,0.0170138888888889,0.0342041564552288,0.0542083912605681,"Foraging"
"Foraging","Hardy",2023-05-16 12:53:18.268802,0.676364105616548,0.0154908170533171,0.0903681183584301,0.217776958971705,"Foraging"
"Foraging","Hardy",2023-05-16 12:53:26.304003,0.750539448976949,0.0048509361009361,0.103428053428053,0.141181561494062,"Foraging"
"Foraging","Hardy",2023-05-16 12:53:28.291198,0.607216826029426,0.00804843304843305,0.152111963512591,0.23262277740955,"Foraging"
"Foraging","Hardy",2023-05-16 12:53:30.278403,0.52090206194277,0.00316242251338405,0.234256068904934,0.241679446638912,"Foraging"
"Foraging","Hardy",2023-05-16 12:53:32.265598,0.636983025254208,0.00839311151811152,0.111740062618626,0.242883800609054,"Foraging"
"Foraging","Hardy",2023-05-16 12:53:34.943998,0.618719933179342,0.0166316900691901,0.0996290299867339,0.265019346764735,"Foraging"
"Foraging","Hardy",2023-05-16 12:53:44.102398,0.720683460375106,0.0490454568579569,0.102679962220105,0.127591120546833,"Foraging"
"Foraging","Hardy",2023-05-16 12:53:46.003202,0.798027343618507,0.0080509768009768,0.0560216749072367,0.137900004673279,"Foraging"
"Foraging","Hardy",2023-05-16 12:53:47.990397,0.543344683697945,0.0527707824582824,0.116960912477217,0.286923621366556,"Foraging"
"Foraging","Hardy",2023-05-16 12:53:49.977602,0.543085133817674,0.00601597476597477,0.153183700109308,0.297715191307043,"Foraging"
"Foraging","Hardy",2023-05-16 12:53:58.272005,0.619027942003214,0.0426611561876988,0.130930643430643,0.207380258378444,"Foraging"
"Foraging","Hardy",2023-05-16 12:54:00.172799,0.647661842514784,0.0177827380952381,0.137632985886662,0.196922433503316,"Foraging"
"Foraging","Hardy",2023-05-16 12:54:02.160004,0.598301861099506,0.00958757068954437,0.124446073266638,0.267664494944312,"Foraging"
"Foraging","Hardy",2023-05-16 12:54:08.380801,0.74117122219469,0.00374264268495038,0.0825311498968661,0.172554985223494,"Foraging"
"Foraging","Hardy",2023-05-16 12:54:10.367996,0.638376524741188,0.00819613804811173,0.121969769254707,0.231457567955993,"Foraging"
"Foraging","Hardy",2023-05-16 12:56:03.033599,0.935276229904432,0.00896863553113553,0.0231457461528669,0.0326093884115653,"Foraging"
"Foraging","Hardy",2023-05-16 12:56:05.020804,0.744568283195159,0.0393368840396279,0.087630814741509,0.128464018023704,"Foraging"
"Foraging","Hardy",2023-05-16 12:56:07.007999,0.910072069775439,0.0107759717134717,0.0270340297850625,0.0521179287260267,"Foraging"
"Foraging","Hardy",2023-05-16 12:56:13.7472,0.83643398765596,0.0115458163012511,0.037586493702911,0.114433702339877,"Foraging"
"Foraging","Hardy",2023-05-16 12:56:15.734396,0.56897146748889,0.00593839031339031,0.115941061253561,0.309149080944158,"Foraging"
"Foraging","Hardy",2023-05-16 12:56:29.039996,0.823457697305804,0.0137591575091575,0.107669813957031,0.0551133312280081,"Foraging"
"Foraging","Hardy",2023-05-16 12:56:31.027201,0.813544582464804,0.000876958689458689,0.0696470283380914,0.115931430507646,"Foraging"
"Foraging","Hardy",2023-05-16 12:56:33.014396,0.68345586560839,0.00650819088319088,0.108418028158375,0.201617915350044,"Foraging"
"Foraging","Hardy",2023-05-16 12:56:35.001601,0.950687065160171,0.00744301994301994,0.0136260105382274,0.0282439043585812,"Foraging"
"Foraging","Hardy",2023-05-16 12:56:36.988796,0.692106296541781,0.0294089590964591,0.0892006098853184,0.189284134476442,"Foraging"
"Foraging","Hardy",2023-05-16 12:56:38.976002,0.67968312724163,0.0233638583638584,0.108425068167618,0.188527946226893,"Foraging"
"Foraging","Hardy",2023-05-16 12:56:40.876796,0.601332895716507,0.0465075951095688,0.10448257936453,0.247676929809395,"Foraging"
"Foraging","Hardy",2023-05-16 12:56:42.864001,0.633715659991235,0.0126507173382173,0.0717990910333945,0.281834531637153,"Foraging"
"Foraging","Hardy",2023-05-16 12:56:57.379201,0.820682211307212,0.0145674348799349,0.074469801032301,0.0902805527805528,"Foraging"
"Foraging","Hardy",2023-05-16 12:56:59.279995,0.593798742255891,0.00963221370995761,0.0903200346981846,0.306249009335967,"Foraging"
"Foraging","Hardy",2023-05-16 12:57:09.302401,0.58923891143084,0.00256410256410256,0.121932424267318,0.28626456173774,"Foraging"
"Foraging","Hardy",2023-05-16 12:57:11.289596,0.478110465618689,0.0262378303155742,0.100072440656322,0.395579263409414,"Foraging"
"Foraging","Hardy",2023-05-16 12:57:13.276801,0.628927477800294,0.00964013967062747,0.0914142528770679,0.270018129652011,"Foraging"
"Foraging","Hardy",2023-05-16 12:57:15.263996,0.8267588053262,0.0063301282051282,0.0529372220260774,0.113973844442594,"Foraging"
"Foraging","Hardy",2023-05-16 12:57:17.251201,0.866350822804593,0.00218508343508344,0.0378238403728631,0.0936402533874609,"Foraging"
"Foraging","Hardy",2023-05-16 12:57:19.238396,0.864631609753754,0.0229929792429792,0.0551562929338945,0.0572191180693719,"Foraging"
"Foraging","Hardy",2023-05-16 12:57:21.225601,0.899623645969436,0.00320512820512821,0.0394999557414127,0.0576712700840239,"Foraging"
"Foraging","Hardy",2023-05-16 12:57:23.212796,0.566701159594356,0.00904176841676842,0.177498894521903,0.246758177466973,"Foraging"
"Foraging","Hardy",2023-05-16 12:57:38.2464,0.80578194953195,0.0361053876678877,0.10421626984127,0.053896392958893,"Foraging"
"Foraging","Hardy",2023-05-16 12:57:40.233595,0.610283298229867,0.0141769688644689,0.171515587173811,0.204024145731854,"Foraging"
"Foraging","Hardy",2023-05-16 12:57:42.2208,0.677408896860798,0.00665180375921222,0.113623265956288,0.202316033423702,"Foraging"
"Foraging","Hardy",2023-05-16 13:10:07.507202,0.922870554777657,0.00252403846153846,0.0320149568688296,0.0425904498919749,"Foraging"
"Foraging","Hardy",2023-05-16 13:10:09.494397,0.96822990817061,0.0068236161986162,0.00962697325909397,0.0153195023716793,"Foraging"
"Foraging","Hardy",2023-05-16 13:10:11.481602,0.884471983319875,0.00184740028490028,0.0449893667182394,0.0686912496769852,"Foraging"
"Foraging","Hardy",2023-05-16 13:10:13.468797,0.753860378670024,0.0069469881969882,0.0824834796360812,0.156709153496907,"Foraging"
"Foraging","Hardy",2023-05-16 13:10:24.614402,0.7085889796667,0.0146043192918193,0.125534829798601,0.151271871242879,"Foraging"
"Foraging","Hardy",2023-05-16 13:10:26.601597,0.868122910120055,0.0121152574277574,0.0767025129176145,0.0430593195345733,"Foraging"
"Foraging","Hardy",2023-05-16 13:10:28.588802,0.71514061238645,0.0261084401709402,0.10737508384231,0.151375863600301,"Foraging"
"Foraging","Hardy",2023-05-16 13:10:30.575997,0.646753478003478,0.0508254477004477,0.10053545991046,0.201885614385614,"Foraging"
"Foraging","Hardy",2023-05-16 13:10:43.622396,0.976701490152542,0.00363438644688645,0.0141182924485652,0.00554583095200581,"Foraging"
"Foraging","Hardy",2023-05-16 13:10:45.609601,0.947716701792754,0.000896672771672772,0.0173984613537341,0.0339881640818389,"Foraging"
"Foraging","Hardy",2023-05-16 13:10:47.596796,0.957109580618831,0.000534188034188034,0.0163164885675609,0.0260397427794197,"Foraging"
"Foraging","Hardy",2023-05-16 13:10:49.584001,0.619843739075633,0.020541797172232,0.126090747947792,0.233523715804343,"Foraging"
"Foraging","Hardy",2023-05-16 13:11:00.124801,0.643879095441596,0.0320296601546602,0.118504968144391,0.205586276259353,"Foraging"
"Foraging","Hardy",2023-05-16 13:11:06.345598,0.821961525028691,0.0159213471713472,0.0607719451567129,0.101345182643249,"Foraging"
"Foraging","Hardy",2023-05-16 13:11:08.332803,0.772315818050466,0.00826113565084153,0.0784223328375941,0.141000713461098,"Foraging"
"Foraging","Hardy",2023-05-16 13:11:10.319998,0.582975008606144,0.00874478530728531,0.157547342549631,0.25073286353694,"Foraging"
"Foraging","Hardy",2023-05-16 13:11:23.7984,0.613442929750198,0.0101006054131054,0.133365165032303,0.243091299804394,"Foraging"
"Foraging","Hardy",2023-05-16 13:11:25.699204,0.637203544152495,0.00899598087098087,0.135649941532884,0.21815053344364,"Foraging"
"Foraging","Hardy",2023-05-16 13:11:27.686399,0.664923706383012,0.00949773606023606,0.124918660147641,0.200659897409112,"Foraging"
"Foraging","Hardy",2023-05-16 13:11:30.105598,0.854782665299073,0.00654380341880342,0.0957637394414107,0.0429097918407129,"Foraging"
"Foraging","Hardy",2023-05-16 13:11:32.006402,0.753405864595381,0.0155569546194546,0.131222910154362,0.0998142706308029,"Foraging"
"Foraging","Hardy",2023-05-16 13:11:33.993597,0.85949544196928,0.00466524216524217,0.0623618386642712,0.0734774772012066,"Foraging"
"Foraging","Hardy",2023-05-16 13:11:35.980802,0.948271915654504,0.00396796889253786,0.0315429315801485,0.016217183872809,"Foraging"
"Foraging","Hardy",2023-05-16 13:11:37.967997,0.668235989474103,0.0022558399203136,0.137020245744702,0.192487924860881,"Foraging"
"Foraging","Hardy",2023-05-16 13:11:45.052801,0.889122238340196,0.00351673789173789,0.0500455602201566,0.0573154635479096,"Foraging"
"Foraging","Hardy",2023-05-16 13:11:47.039996,0.792085831852085,0.0065100986975987,0.0907758569151199,0.110628212535196,"Foraging"
"Foraging","Hardy",2023-05-16 13:11:49.027201,0.669703685522664,0.0060080670135018,0.135698087671763,0.188590159792071,"Foraging"
"Foraging","Hardy",2023-05-16 13:11:57.062402,0.949938337510088,0.00510149572649573,0.0231992470128193,0.0217609197505966,"Foraging"
"Foraging","Hardy",2023-05-16 13:11:59.049597,0.917557737341026,0.00606748575498576,0.0387947003486573,0.0375800765553304,"Foraging"
"Foraging","Hardy",2023-05-16 13:12:01.036802,0.880767575275585,0.0150000195673273,0.0436653663119101,0.0605670388451773,"Foraging"
"Foraging","Hardy",2023-05-16 13:12:06.048,0.923117978756531,0.00727258852258852,0.0420588703891431,0.0275505623317372,"Foraging"
"Foraging","Hardy",2023-05-16 13:12:08.035205,0.819977173183618,0.00604967948717949,0.0689622421334225,0.10501090519578,"Foraging"
"Foraging","Hardy",2023-05-16 13:12:10.0224,0.901763401573047,0.0115867928367928,0.0506570306221321,0.0359927749680288,"Foraging"
"Foraging","Hardy",2023-05-16 13:12:14.687995,0.887591219852573,0.00324328449328449,0.0382111956371837,0.0709543000169586,"Foraging"
"Foraging","Hardy",2023-05-16 13:12:16.6752,0.946092966657546,0.00807040580747477,0.0314971216545255,0.0143395058804541,"Foraging"
"Foraging","Hardy",2023-05-16 13:12:18.662395,0.767534438295841,0.00397270553520554,0.0841122341458245,0.144380622023129,"Foraging"
"Foraging","Hardy",2023-05-16 13:12:20.908802,0.588556733769527,0.0079276048026048,0.107609433320159,0.29590622810771,"Foraging"
"Foraging","Hardy",2023-05-16 13:12:45.619199,0.793369021761728,0.00783539377289377,0.0730887596206304,0.125706824844748,"Foraging"
"Foraging","Hardy",2023-05-16 13:12:47.606404,0.643541780526379,0.0207497489426837,0.133138563107647,0.202569907423291,"Foraging"
"Foraging","Hardy",2023-05-16 13:13:14.303997,0.797586926369029,0.0149286477411477,0.0867590553629281,0.100725370526896,"Foraging"
"Foraging","Hardy",2023-05-16 13:13:16.291202,0.818072463879701,0.0068019943019943,0.0875342776820944,0.0875912641362102,"Foraging"
"Foraging","Hardy",2023-05-16 13:13:18.278397,0.718668938333122,0.00193070818070818,0.113167059658974,0.166233293827197,"Foraging"
"Foraging","Hardy",2023-05-16 13:13:20.265602,0.694897563331115,0.0456024877899878,0.14664683442069,0.112853114458208,"Foraging"
"Foraging","Hardy",2023-05-16 13:13:22.252797,0.875170512998883,0.0151512260887261,0.0633658114293441,0.0463124494830474,"Foraging"
"Foraging","Hardy",2023-05-16 13:13:24.240002,0.949878151851258,0.00748244810744811,0.0255714724836894,0.0170679275576044,"Foraging"
"Foraging","Hardy",2023-05-16 13:13:26.227197,0.919699978884624,0.00298890923890924,0.0399993434019449,0.0373117684745223,"Foraging"
"Foraging","Hardy",2023-05-16 13:13:28.128001,0.754911054138206,0.00727576821326821,0.0783628922369752,0.15945028541155,"Foraging"
"Foraging","Hardy",2023-05-16 13:13:30.115196,0.661797269088936,0.0449767246642247,0.120175561321395,0.173050444925445,"Foraging"
"Foraging","Hardy",2023-05-16 13:13:36.336003,0.755160760548295,0.0223951973951974,0.0909303329997834,0.131513709056725,"Foraging"
"Foraging","Hardy",2023-05-16 13:13:42.4704,0.756294420385323,0.0320267084418028,0.112498506153232,0.0991803650196426,"Foraging"
"Foraging","Hardy",2023-05-16 13:13:44.457605,0.824674400818395,0.018547999650594,0.060707462724797,0.0960701368062137,"Foraging"
"Foraging","Hardy",2023-05-16 13:13:46.4448,0.703274968397113,0.0393760175010175,0.0964754639405656,0.160873550161304,"Foraging"
"TreeMovement","Hardy",2023-05-16 13:13:48.432005,0.0911789021164021,0.0538563288563289,0.0479872557997558,0.806977513227513,"TreeMovement"
"TreeMovement","Hardy",2023-05-17 00:46:50.678398,0.0887718762718763,0.0706925953320184,0.0552524053250798,0.785283123071026,"TreeMovement"
"TreeMovement","Hardy",2023-05-17 00:46:52.579202,0.15880201973952,0.0972120472120472,0.0451000966625966,0.698885836385837,"TreeMovement"
"TreeMovement","Hardy",2023-05-17 00:46:54.566397,0.0505996896621897,0.0891915954415954,0.0322961182336182,0.827912596662596,"TreeMovement"
"TreeMovement","Hardy",2023-05-17 00:46:56.553602,0.101081779474861,0.0818942669533457,0.0486260561452377,0.768397897426556,"TreeMovement"
"TreeMovement","Hardy",2023-05-17 00:46:58.540797,0.0622608872608873,0.0341279147681587,0.0431517744744489,0.860459423496505,"TreeMovement"
"Stationary","Hardy",2023-05-17 00:47:00.528003,0.266189077126577,0.113450091575092,0.430460164835165,0.189900666463167,"Stationary"
"Stationary","Hardy",2023-05-17 06:44:27.920029,0.0391203881588497,0.00880901505901506,0.921370878942994,0.0306997178391409,"Stationary"
"Stationary","Hardy",2023-05-17 06:44:29.899972,0.0360030016280016,0.0177464896214896,0.903987990286067,0.0422625184644415,"Stationary"
"Stationary","Hardy",2023-05-17 06:44:31.876968,0.017897206959707,0.00445283882783883,0.966290191290191,0.0113597629222629,"Stationary"
"Stationary","Hardy",2023-05-17 06:44:33.846983,0.0339896214896215,0.00412660256410256,0.933079594017094,0.0288041819291819,"Stationary"
"Stationary","Hardy",2023-05-17 06:44:35.837035,0.0150685541310541,0.00415521978021978,0.966064433251933,0.0147117928367928,"Stationary"
"Stationary","Hardy",2023-05-17 06:44:37.80704,0.032452559015059,0.0129686489980608,0.923736713209281,0.0308420787775991,"Stationary"
"Stationary","Hardy",2023-05-17 06:44:39.779983,0.0439631549006549,0.000534188034188034,0.93859179015429,0.0169108669108669,"Stationary"
"Stationary","Hardy",2023-05-17 06:44:41.760006,0.0425557081807082,0.0126793345543346,0.903029609279609,0.041735347985348,"Stationary"
"Stationary","Hardy",2023-05-17 06:44:43.74004,0.030777497964998,0.00860042735042735,0.9404621998372,0.0201598748473748,"Stationary"
"Stationary","Hardy",2023-05-17 06:44:45.719983,0.0395325739075739,0.00453551078551079,0.929851456413956,0.0260804588929589,"Stationary"
"Stationary","Hardy",2023-05-17 06:44:47.696989,0.0470493626743627,0.00117521367521368,0.93847286972287,0.0133025539275539,"Stationary"
"Stationary","Hardy",2023-05-17 06:44:49.68004,0.031877035002035,0.0172930657305657,0.92083078958079,0.0299991096866097,"Stationary"
"Stationary","Hardy",2023-05-17 06:44:51.656955,0.0377575549450549,0.0119187525437525,0.923297362359862,0.0270263301513302,"Stationary"
"Stationary","Hardy",2023-05-17 06:44:53.626961,0.0391607843910476,0.00894764957264957,0.925651620552936,0.0262399454833665,"Stationary"
"Stationary","Hardy",2023-05-17 06:44:55.599994,0.0330115486365486,0.0112332112332112,0.926082097242055,0.0296731428881853,"Stationary"
"Stationary","Hardy",2023-05-17 06:44:57.580027,0.0272976444851445,0.0170717592592593,0.93122647028897,0.024404125966626,"Stationary"
"Stationary","Hardy",2023-05-17 06:44:59.55996,0.0111276455026455,0.00353200040700041,0.976218045979076,0.0091223081112787,"Stationary"
"Stationary","Hardy",2023-05-17 06:45:01.539994,0.0204454110704111,0.00176282051282051,0.960264677452177,0.017527090964591,"Stationary"
"Stationary","Hardy",2023-05-17 06:45:03.517,0.104323125236587,0.00534633190883191,0.872833536655652,0.0174970061989293,"Stationary"
"Stationary","Hardy",2023-05-17 06:45:05.49996,0.0509985058218754,0.0123378357753358,0.90744984936561,0.0292138090371786,"Stationary"
"Stationary","Hardy",2023-05-17 06:45:07.476966,0.0541132478632479,0.0182507885632886,0.90566748066748,0.0219684829059829,"Stationary"
"Stationary","Hardy",2023-05-17 06:45:09.446971,0.0435623982498983,0.0438949938949939,0.887014779202279,0.0255278286528286,"Stationary"
"Stationary","Hardy",2023-05-17 06:45:11.420004,0.0264734686609687,0.00578703703703704,0.955372405372405,0.0123670889295889,"Stationary"
"Stationary","Hardy",2023-05-17 06:45:13.400038,0.0227850274725275,0.0136955636955637,0.939704797517298,0.0238146113146113,"Stationary"
"Stationary","Hardy",2023-05-17 06:45:15.379981,0.0493578181078181,0.00823285510785511,0.907362776112776,0.0350465506715507,"Stationary"
"Stationary","Hardy",2023-05-17 06:45:17.360004,0.0249351343101343,0.012079008954009,0.936008313581843,0.0269775431540137,"Stationary"
"Stationary","Hardy",2023-05-17 06:45:19.33701,0.0292518823768824,0.0144822191697192,0.923436864061864,0.0328290343915344,"Stationary"
"Stationary","Hardy",2023-05-17 06:45:21.319981,0.0660687869822485,0.00611390923890924,0.899078183212799,0.0287391205660436,"Stationary"
"Stationary","Hardy",2023-05-17 06:45:23.296987,0.0158863705738706,0.0113934676434676,0.956201668701669,0.0165184930809931,"Stationary"
"Stationary","Hardy",2023-05-17 06:45:25.266992,0.0243882275132275,0.00617368742368742,0.958514575702076,0.0109235093610094,"Stationary"
"Stationary","Hardy",2023-05-17 06:45:27.240015,0.0162666615791616,0.0041971916971917,0.971795507733008,0.00774063899063899,"Stationary"
"Stationary","Hardy",2023-05-17 06:45:29.219958,0.0143658424908425,0.00448463573463573,0.967683120256649,0.0134664015178721,"Stationary"
"Stationary","Hardy",2023-05-17 06:45:31.199992,0.0259825244200244,0.00446047008547009,0.945550340862841,0.0240066646316646,"Stationary"
"Stationary","Hardy",2023-05-17 06:45:33.180015,0.0379400691900692,0.0113018925518926,0.922349178599179,0.0284088596588597,"Stationary"
"Stationary","Hardy",2023-05-17 06:45:35.157021,0.0292029151404151,0.00413995726495726,0.964177604802605,0.00247952279202279,"Stationary"
"Stationary","Hardy",2023-05-17 06:45:37.139992,0.0248346560846561,0.00846624440374441,0.935278032153032,0.0314210673585674,"Stationary"
"Stationary","Hardy",2023-05-17 06:45:39.116998,0.0183092948717949,0.00419973544973545,0.962465883789413,0.0150250858890565,"Stationary"
"Stationary","Hardy",2023-05-17 06:45:41.087003,0.0639560123112755,0.00724969474969475,0.874679907081223,0.0541143858578069,"Stationary"
"Stationary","Hardy",2023-05-17 06:45:43.060036,0.0205605158730159,0.0060115231990232,0.95257659007659,0.0208513708513708,"Stationary"
"Stationary","Hardy",2023-05-17 06:45:45.046969,0.0256556522181522,0.0151327838827839,0.939313695563696,0.0198978683353683,"Stationary"
"Stationary","Hardy",2023-05-17 06:45:47.020002,0.0549451705701706,0.00383343508343508,0.900357281607282,0.0408641127391127,"Stationary"
"Stationary","Hardy",2023-05-17 06:45:49.000036,0.0594850172975173,0.0242515008140008,0.875359667356274,0.0409038145322082,"Stationary"
"Stationary","Hardy",2023-05-17 06:45:50.977032,0.0773084554334555,0.0145127442002442,0.85295988053341,0.0552189198328904,"Stationary"
"Stationary","Hardy",2023-05-17 06:45:52.960002,0.0138914326414326,0.00416666666666667,0.96860205086308,0.0133398498288204,"Stationary"
"Stationary","Hardy",2023-05-17 06:45:54.937008,0.0545545889295889,0.00876831501831502,0.896656237281238,0.0400208587708588,"Stationary"
"Stationary","Hardy",2023-05-17 06:45:56.907014,0.0545393264143264,0.0304964133089133,0.881120464293541,0.0338437959832191,"Stationary"
"Stationary","Hardy",2023-05-17 06:45:58.879956,0.0405741249491249,0.00699023199023199,0.896831344717374,0.055604298343269,"Stationary"
"Stationary","Hardy",2023-05-17 06:46:00.86699,0.0376634361009361,0.0162138787138787,0.914216397028897,0.0319062881562882,"Stationary"
"Stationary","Hardy",2023-05-17 06:46:02.840013,0.0640501311553943,0.0111238298738299,0.880946441472757,0.0438795974980185,"Stationary"
"Stationary","Hardy",2023-05-17 06:46:04.819956,0.041478428978429,0.011667556980057,0.897614341676842,0.0492396723646724,"Stationary"
"Stationary","Hardy",2023-05-17 06:46:06.796962,0.0183906949531949,0.00260607448107448,0.965641534391535,0.0133616961741962,"Stationary"
"Stationary","Hardy",2023-05-17 06:46:08.780013,0.0418018354695986,0.00176282051282051,0.932368399144715,0.0240669448728659,"Stationary"
"Stationary","Hardy",2023-05-17 06:46:10.757019,0.0269154456654457,0.00810185185185185,0.926601292226292,0.0383814102564103,"Stationary"
"Stationary","Hardy",2023-05-17 06:46:12.727025,0.0164707977207977,0.00327190170940171,0.963526404151404,0.0167308964183964,"Stationary"
"Stationary","Hardy",2023-05-17 06:46:14.699967,0.0133890415140415,0.0152218152218152,0.955837912087912,0.0155512311762312,"Stationary"
"Stationary","Hardy",2023-05-17 06:46:16.687001,0.0421513671513672,0.00446428571428571,0.923876181688682,0.0295081654456655,"Stationary"
"Stationary","Hardy",2023-05-17 06:46:18.660024,0.0395375457875458,0.0157725376475376,0.912829004465034,0.0318609120998827,"Stationary"
"Stationary","Hardy",2023-05-17 06:46:20.639967,0.0576149544899545,0.00765351546601547,0.902979081104081,0.0317524489399489,"Stationary"
"Stationary","Hardy",2023-05-17 06:46:22.62,0.0341994810744811,0.00533297720797721,0.911716524216524,0.0487510175010175,"Stationary"
"Stationary","Hardy",2023-05-17 06:46:24.600024,0.128023885836386,0.0694743335368335,0.663051994301994,0.139449786324786,"Stationary"
"Stationary","Hardy",2023-05-17 06:46:39.76349,0.0525879821932453,0.00598036223036223,0.899340316116632,0.0420913394597605,"Stationary"
"Stationary","Hardy",2023-05-17 06:46:41.739973,0.034094030969031,0.00441341066341066,0.943421740296741,0.0180708180708181,"Stationary"
"Stationary","Hardy",2023-05-17 06:46:43.720007,0.0690384298936931,0.00477267830209007,0.890361730024075,0.0358271617801416,"Stationary"
"Stationary","Hardy",2023-05-17 06:46:45.693462,0.0441391941391941,0.00903604497354497,0.90282801008904,0.0439967507982214,"Stationary"
"Stationary","Hardy",2023-05-17 06:46:47.679973,0.0337988400488401,0.00929232804232804,0.944450167887668,0.012458664021164,"Stationary"
"Stationary","Hardy",2023-05-17 06:46:49.653519,0.132706532624296,0.00496222527472528,0.831829875168691,0.030501366932288,"Stationary"
"Stationary","Hardy",2023-05-17 06:46:51.623535,0.0297892501017501,0.00976737382987383,0.938349201860231,0.0220941742081448,"Stationary"
"Stationary","Hardy",2023-05-17 06:46:53.600018,0.0317441239316239,0.0321771978021978,0.907325371387871,0.0287533068783069,"Stationary"
"Stationary","Hardy",2023-05-17 06:46:55.583501,0.0536757224257224,0.0307221713471713,0.864318198141727,0.0512839080853787,"Stationary"
"Stationary","Hardy",2023-05-17 06:46:57.559984,0.0880211832514464,0.00429766992266992,0.881207812046628,0.0264733347792558,"Stationary"
"Stationary","Hardy",2023-05-17 06:46:59.540017,0.0252327533577534,0.00654825498575499,0.955825829263329,0.0123931623931624,"Stationary"
"Stationary","Hardy",2023-05-17 06:47:01.51996,0.0460567922106383,0.0155652218152218,0.894387403047361,0.0439905829267791,"Stationary"
"Stationary","Hardy",2023-05-17 06:47:03.499984,0.0255119301994302,0.0164141992266992,0.933664657102157,0.0244092134717135,"Stationary"
"Stationary","Hardy",2023-05-17 06:47:05.47354,0.0408288501216133,0.00122863247863248,0.943042620756437,0.0148998966433177,"Stationary"
"Stationary","Hardy",2023-05-17 06:47:07.443545,0.0626526251526252,0.0642004985754986,0.79897078263074,0.074176093641136,"Stationary"
"Stationary","Hardy",2023-05-17 06:47:09.420028,0.034970874033374,0.0103193681318681,0.90832628020128,0.0463834776334776,"Stationary"
"Stationary","Hardy",2023-05-17 06:47:11.403512,0.0161604599104599,0.00639245014245014,0.964896850834351,0.0125502391127391,"Stationary"
"Stationary","Hardy",2023-05-17 06:47:13.380005,0.0405068311318311,0.0016025641025641,0.942429676804677,0.015460927960928,"Stationary"
"Stationary","Hardy",2023-05-17 06:47:15.360028,0.0337562321937322,0.0104700854700855,0.937713039275539,0.0180606430606431,"Stationary"
"Stationary","Hardy",2023-05-17 06:47:17.339971,0.0205517623716153,0.0123263888888889,0.941336729614445,0.0257851191250512,"Stationary"
"Stationary","Hardy",2023-05-17 06:47:19.320005,0.0388742623117623,0.00248397435897436,0.935929868742369,0.0227118945868946,"Stationary"
"Stationary","Hardy",2023-05-17 06:47:21.29346,0.061820133214364,0.0299889346764347,0.854661258465447,0.0535296736437545,"Stationary"
"Stationary","Hardy",2023-05-17 06:47:23.263466,0.0340258699633699,0.0290254884004884,0.908618233618233,0.028330408017908,"Stationary"
"Stationary","Hardy",2023-05-17 06:47:25.240039,0.038590347883111,0.00212530525030525,0.949461780300596,0.00982256656598762,"Stationary"
"Stationary","Hardy",2023-05-17 06:47:27.223522,0.014854242979243,0.00353899572649573,0.96958753052503,0.0120192307692308,"Stationary"
"Stationary","Hardy",2023-05-17 06:47:29.200016,0.150400756650757,0.0375756766381766,0.673789694102194,0.138233872608873,"Stationary"
"Stationary","Hardy",2023-05-17 06:47:31.180039,0.0492222476597476,0.00614316239316239,0.916218060815519,0.0284165291315715,"Stationary"
"Stationary","Hardy",2023-05-17 06:47:33.159982,0.0567222160149792,0.00616987179487179,0.902160701749517,0.0349472104406315,"Stationary"
"Stationary","Hardy",2023-05-17 06:47:35.140016,0.0239928236251766,0.0141458078958079,0.929597780926966,0.0322635875520491,"Stationary"
"Stationary","Hardy",2023-05-17 06:47:37.113471,0.0272849257224257,0.0105915496540497,0.927808938746439,0.0343145858770859,"Stationary"
"Stationary","Hardy",2023-05-17 06:47:39.083486,0.0758254477004477,0.00840455840455841,0.878663003663004,0.0371069902319902,"Stationary"
"Stationary","Hardy",2023-05-17 06:47:41.073528,0.0477322446072446,0.0148828601953602,0.901878785702315,0.0355061094950801,"Stationary"
"Stationary","Hardy",2023-05-17 06:47:43.043543,0.028350758038258,0.00503154253154253,0.945459401709402,0.0211582977207977,"Stationary"
"Stationary","Hardy",2023-05-17 06:47:45.020026,0.0565326811721042,0.006496743996744,0.877079808860069,0.0598907659710827,"Stationary"
"Stationary","Hardy",2023-05-17 06:47:46.999969,0.0748462185962186,0.00867673992673993,0.864093545343545,0.0523834961334961,"Stationary"
"Stationary","Hardy",2023-05-17 06:47:48.979993,0.0460406491656492,0.0630939662189662,0.82063403032153,0.0702313542938543,"Stationary"
"Stationary","Hardy",2023-05-17 06:47:50.960026,0.0498931801816417,0.00216346153846154,0.936712886472502,0.0112304718073949,"Stationary"
"Stationary","Hardy",2023-05-17 06:47:52.933492,0.103683940703172,0.0242368742368742,0.785656979582774,0.08642220547718,"Stationary"
"Stationary","Hardy",2023-05-17 06:47:54.903497,0.0391744251119251,0.00329797517297517,0.925638481888482,0.0318891178266178,"Stationary"
"TreeMovement","Hardy",2023-05-17 06:47:56.893458,0.163874007936508,0.0170978327228327,0.0761835033158563,0.742844656024803,"TreeMovement"
"TreeMovement","Hardy",2023-05-19 02:14:47.731197,0.0605678263966308,0.00753488973763364,0.0318527021699418,0.900044581695794,"TreeMovement"
"TreeMovement","Hardy",2023-05-19 02:14:49.632001,0.106533711357081,0.0605476699226699,0.0604270628727151,0.772491555847534,"TreeMovement"
"TreeMovement","Hardy",2023-05-19 02:14:51.619196,0.101459193300228,0.0187849765974766,0.0643820906251892,0.815373739477106,"TreeMovement"
"TreeMovement","Hardy",2023-05-19 02:14:53.606402,0.131728225478226,0.0570312267339706,0.0583377849002849,0.752902762887519,"TreeMovement"
"TreeMovement","Hardy",2023-05-19 02:15:04.665595,0.0884610432844129,0.0211080586080586,0.0435618563200085,0.84686904178752,"TreeMovement"
"TreeMovement","Hardy",2023-05-19 02:15:06.6528,0.104555860805861,0.0666755698005698,0.0503843023073792,0.77838426708619,"TreeMovement"
"TreeMovement","Hardy",2023-05-19 02:15:08.639995,0.0669147527891009,0.0187639906389906,0.0411873410705598,0.873133915501349,"TreeMovement"
"TreeMovement","Hardy",2023-05-19 02:15:10.6272,0.104330738705739,0.0497672466422466,0.0314704362401731,0.814431578411842,"TreeMovement"
"TreeMovement","Hardy",2023-05-19 02:15:12.614395,0.0531695734820735,0.0188078703703704,0.024390009618934,0.903632546528622,"TreeMovement"
"TreeMovement","Hardy",2023-05-19 02:15:14.601601,0.137104861793315,0.0681373775276214,0.0555248241527416,0.739232936526322,"TreeMovement"
"TreeMovement","Hardy",2023-05-19 02:15:16.588796,0.052965061962289,0.0100399772427211,0.0290582575472455,0.907936703247744,"TreeMovement"
"TreeMovement","Hardy",2023-05-19 02:15:18.4896,0.0981157153032154,0.135243691493691,0.0392314252511621,0.727409167951931,"TreeMovement"
"TreeMovement","Hardy",2023-05-19 02:15:20.476795,0.0420518108840477,0.0134583587708588,0.0404307498057498,0.904059080539343,"TreeMovement"
"Locomotion","Hardy",2023-05-19 02:15:22.464,0.165470190788347,0.551841990494422,0.0568925967823027,0.225795221934928,"Locomotion"
"Locomotion","Hardy",2023-05-19 02:15:30.239999,0.000520833333333333,0.998232727920228,0,0.00124643874643875,"Locomotion"
"Locomotion","Hardy",2023-05-19 02:15:30.239999,0.0123238451363451,0.976802248677249,0.00168841575091575,0.00918549043549044,"Locomotion"
"Locomotion","Hardy",2023-05-19 02:15:30.239999,0.0838304574629897,0.684604606513233,0.0532740100015028,0.178290926022275,"Locomotion"
"Locomotion","Hardy",2023-05-19 02:15:31.795201,0.0391242459933498,0.812660471951218,0.0257618538868539,0.122453428168578,"Locomotion"
"Locomotion","Hardy",2023-05-19 02:15:33.695995,0.0368412280853318,0.861915348129171,0.029368894993895,0.0718745287916019,"Locomotion"
"Locomotion","Hardy",2023-05-19 02:15:35.6832,0.0263222345358151,0.896624851588675,0.0165090131659899,0.0605439007095203,"Locomotion"
"Locomotion","Hardy",2023-05-19 02:15:37.670395,0.0466307997557998,0.865371260683761,0.0174743080993081,0.0705236314611315,"Locomotion"
"Locomotion","Hardy",2023-05-19 02:15:38.880004,0.00438034188034188,0.991793854293854,0.000178062678062678,0.00364774114774115,"Locomotion"
"Locomotion","Hardy",2023-05-19 02:15:38.880004,0.00578449328449328,0.986963904151404,0.0031517094017094,0.00409989316239316,"Locomotion"
"Locomotion","Hardy",2023-05-19 02:15:38.880004,0.00496922059422059,0.987317485754986,0.00265059015059015,0.0050627035002035,"Locomotion"
"Locomotion","Hardy",2023-05-19 02:15:38.880004,0.0137286324786325,0.969991987179487,0.00790598290598291,0.00837339743589744,"Locomotion"
"Locomotion","Hardy",2023-05-19 02:15:38.966405,0.0890224958915997,0.666611713854949,0.0740997360482654,0.170266054205186,"Locomotion"
"Locomotion","Hardy",2023-05-19 02:15:40.867199,0.0151862626803665,0.90978235557245,0.0106360653235653,0.0643953164236184,"Locomotion"
"Locomotion","Hardy",2023-05-19 02:15:42.854404,0.0307205479756812,0.796273829580102,0.0248726682338108,0.148132954210406,"Locomotion"
"Locomotion","Hardy",2023-05-19 02:15:44.841599,0.0330580321146359,0.846441518169113,0.0343680046805047,0.0861324450357469,"Locomotion"
"Locomotion","Hardy",2023-05-19 02:15:46.828804,0.0325816544566545,0.913245409274821,0.0162846922957217,0.0378882439728028,"Locomotion"
"Locomotion","Hardy",2023-05-19 02:15:47.52,0.00513456450956451,0.977990181115181,0.0107810592185592,0.00609419515669516,"Locomotion"
"Locomotion","Hardy",2023-05-19 02:15:47.52,0.00186457061457061,0.997975172975173,0.00016025641025641,0,"Locomotion"
"Locomotion","Hardy",2023-05-19 02:15:47.52,0.00104293854293854,0.998499185999186,0,0.000457875457875458,"Locomotion"
"Locomotion","Hardy",2023-05-19 02:15:47.52,0.0410529863654864,0.898742114367114,0.0186825905575906,0.0415223087098087,"Locomotion"
"Locomotion","Hardy",2023-05-19 02:15:48.124804,0.0417792877108915,0.811146278278284,0.0289436768297062,0.118130757181118,"Locomotion"
"Locomotion","Hardy",2023-05-19 02:15:50.025599,0.0285047150613188,0.880580768357092,0.0150469322344322,0.0758675843471574,"Locomotion"
"Locomotion","Hardy",2023-05-19 02:15:52.012804,0.0276950079834695,0.915780894622806,0.0141954398458923,0.0423286575478317,"Locomotion"
"Locomotion","Hardy",2023-05-19 02:15:53.999999,0.0193496896621897,0.909439412988142,0.0190577940577941,0.0521531032918745,"Locomotion"
"Locomotion","Hardy",2023-05-19 02:15:55.987204,0.0166554962750615,0.968016486834422,0.00869899776149776,0.00662901912901913,"Locomotion"
"Locomotion","Hardy",2023-05-19 02:15:56.159995,0.00694571632071632,0.985495522995523,0.00316951566951567,0.00438924501424501,"Locomotion"
"Locomotion","Hardy",2023-05-19 02:15:56.159995,0,1,0,0,"Locomotion"
"Locomotion","Hardy",2023-05-19 02:15:56.159995,0.000549450549450549,0.997411731786732,0,0.00203881766381766,"Locomotion"
"Locomotion","Hardy",2023-05-19 02:15:56.159995,0.0423149494840671,0.859796402535373,0.0198279151404151,0.0780607328401446,"Locomotion"
"Locomotion","Hardy",2023-05-19 02:15:57.283204,0.0124606318297356,0.942230519069342,0.010536858974359,0.0347719901265632,"Locomotion"
"Locomotion","Hardy",2023-05-19 02:15:59.183998,0.0405614061864062,0.799759615384616,0.0438091422466422,0.115869836182336,"Locomotion"
"Locomotion","Hardy",2023-05-19 02:16:01.171203,0.0136135876701914,0.93062128516138,0.00871171652421652,0.0470534106442125,"Locomotion"
"Locomotion","Hardy",2023-05-19 02:16:03.158398,0.023859126984127,0.928496533699674,0.0108582321817616,0.0367861071344371,"Locomotion"
"Locomotion","Hardy",2023-05-19 02:16:04.800001,0.012459212243695,0.96954718134675,0.00673967236467236,0.0112539340448823,"Locomotion"
"Locomotion","Hardy",2023-05-19 02:16:04.800001,0.000756766381766382,0.997697903947904,0.00108745421245421,0.000457875457875458,"Locomotion"
"Locomotion","Hardy",2023-05-19 02:16:04.800001,0.00633076414326414,0.98644625050875,0.00246998371998372,0.00475300162800163,"Locomotion"
"Locomotion","Hardy",2023-05-19 02:16:04.800001,0.00264747920997921,0.992664814539814,0.00319197975447975,0.0014957264957265,"Locomotion"
"Locomotion","Hardy",2023-05-19 02:16:04.800001,0.0245688339438339,0.892560885465297,0.0144277529387824,0.0684425276520865,"Locomotion"
"Locomotion","Hardy",2023-05-19 02:16:06.441603,0.0183436355311355,0.91671836089209,0.0190024674399674,0.0459355361368073,"Locomotion"
"Locomotion","Hardy",2023-05-19 02:16:08.428798,0.0177509411884412,0.949121443920172,0.011143543956044,0.0219840709353421,"Locomotion"
"Locomotion","Hardy",2023-05-19 02:16:10.416003,0.00470536626197004,0.976957009622104,0.00281339031339031,0.0155242338025357,"Locomotion"
"Locomotion","Hardy",2023-05-19 02:16:12.316797,0.0250597781847782,0.911443706756207,0.0124408577533578,0.0510556573056573,"Locomotion"
"Locomotion","Hardy",2023-05-19 02:16:13.439996,0.000520833333333333,0.997315705128205,0.00176282051282051,0.000400641025641026,"Locomotion"
"Locomotion","Hardy",2023-05-19 02:16:13.439996,0.0047542735042735,0.994524572649573,0.00016025641025641,0.000560897435897436,"Locomotion"
"Locomotion","Hardy",2023-05-19 02:16:13.439996,0.00498575498575499,0.989939458689459,0.00427350427350427,0.000801282051282051,"Locomotion"
"Locomotion","Hardy",2023-05-19 02:16:13.439996,0.0364685083435083,0.918571937321937,0.0184740028490028,0.0264855514855515,"Locomotion"
"Locomotion","Hardy",2023-05-19 02:16:13.612797,0.0178705575521613,0.945447038112132,0.00456730769230769,0.0321150966433985,"Locomotion"
"Locomotion","Hardy",2023-05-19 02:16:15.600002,0.0174018111518111,0.932414713150942,0.00873588217338218,0.0414475935238647,"Locomotion"
"Locomotion","Hardy",2023-05-19 02:16:17.587197,0.0267768111518112,0.900215766264495,0.0181038868538869,0.0549035357298069,"Locomotion"
"Locomotion","Hardy",2023-05-19 02:16:22.080001,0.00231417887667888,0.988998906186406,0.00542200854700855,0.00326490638990639,"Locomotion"
"Locomotion","Hardy",2023-05-19 02:16:22.080001,0.00276442307692308,0.995165598290598,0.00106837606837607,0.00100160256410256,"Locomotion"
"Locomotion","Hardy",2023-05-19 02:16:22.080001,0.0154043294668295,0.964319419006919,0.0095734126984127,0.0107028388278388,"Locomotion"
"Locomotion","Hardy",2023-05-19 02:16:23.376001,0.0348691839257877,0.855970561026296,0.0144786279896574,0.094681627058259,"Locomotion"
"Locomotion","Hardy",2023-05-19 02:16:25.363196,0.0230623564939603,0.927088196114519,0.00907547313797314,0.0407739742535473,"Locomotion"
"Locomotion","Hardy",2023-05-19 02:16:27.264001,0.0353435937751975,0.888767652682747,0.0269173534798535,0.048971400062202,"Locomotion"
"Locomotion","Hardy",2023-05-19 02:16:29.251196,0.0262922262922263,0.895238278474507,0.0200466778591779,0.0584228173740886,"Locomotion"
"Locomotion","Hardy",2023-05-19 02:16:30.719997,0.0025997150997151,0.992897842897843,0.00283119658119658,0.00167124542124542,"Locomotion"
"Locomotion","Hardy",2023-05-19 02:16:30.719997,0.00200320512820513,0.996794871794872,0.000641025641025641,0.000560897435897436,"Locomotion"
"Locomotion","Hardy",2023-05-19 02:16:30.719997,0.00267094017094017,0.995499465811966,0.0016292735042735,0.000200320512820513,"Locomotion"
"Locomotion","Hardy",2023-05-19 02:16:30.719997,0.0103118056243056,0.965197374572375,0.012163159038159,0.0123276607651608,"Locomotion"
"Locomotion","Hardy",2023-05-19 02:16:30.719997,0.0098602207977208,0.928648466865378,0.00808363409466351,0.0534076782422371,"Locomotion"
"Locomotion","Hardy",2023-05-19 02:16:32.5344,0.0633140608081646,0.799014651054746,0.0207563848188848,0.116914903318205,"Locomotion"
"Locomotion","Hardy",2023-05-19 02:16:34.521595,0.036636396011396,0.856339214575443,0.0219093406593407,0.08511504875382,"Locomotion"
"Locomotion","Hardy",2023-05-19 02:16:36.4224,0.0250210459526497,0.923782589683913,0.00480769230769231,0.0463886720557451,"Locomotion"
"Locomotion","Hardy",2023-05-19 02:16:38.409605,0.0211563899063899,0.936785841473341,0.00831743487993488,0.0337403337403337,"Locomotion"
"Locomotion","Hardy",2023-05-19 02:16:39.360002,0.00362484737484737,0.994139194139194,0,0.00223595848595849,"Locomotion"
"Locomotion","Hardy",2023-05-19 02:16:39.360002,0.00556763838013838,0.989052960927961,0.00145757020757021,0.00392183048433048,"Locomotion"
"Locomotion","Hardy",2023-05-19 02:16:39.360002,0.0443483327674504,0.81760332668421,0.0255407718643013,0.112507568684039,"Locomotion"
"Locomotion","Hardy",2023-05-19 02:16:40.656002,0.0195475264166302,0.901964951303774,0.0166838948088948,0.0618036274707006,"Locomotion"
"Locomotion","Hardy",2023-05-19 02:16:45.494399,0.0265154405779406,0.912286693022922,0.0156154609279609,0.0455824054711767,"Locomotion"
"Locomotion","Hardy",2023-05-19 02:16:47.481604,0.00418192918192918,0.987648173585674,0.00324519230769231,0.00492470492470492,"Locomotion"
"Locomotion","Hardy",2023-05-19 02:16:47.999998,0.00178952991452991,0.99441391941392,0.000267094017094017,0.00352945665445665,"Locomotion"
"Locomotion","Hardy",2023-05-19 02:16:47.999998,0.00293294668294668,0.994574175824176,0.00103276353276353,0.00146011396011396,"Locomotion"
"Locomotion","Hardy",2023-05-19 02:16:47.999998,0.00127187627187627,0.998098544973545,0.000228937728937729,0.000400641025641026,"Locomotion"
"Locomotion","Hardy",2023-05-19 02:16:47.999998,0.030345695970696,0.919389117826618,0.01622150997151,0.0340436762311762,"Locomotion"
"Locomotion","Hardy",2023-05-19 02:16:48.691203,0.0136542877108915,0.936895596638831,0.00975933108286049,0.0396907845674165,"Locomotion"
"Locomotion","Hardy",2023-05-19 02:16:50.678398,0.0238731776172814,0.918286629076723,0.0193204365079365,0.0385197567980587,"Locomotion"
"Locomotion","Hardy",2023-05-19 02:16:52.665603,0.0344627594627595,0.899582151236563,0.0166503567238861,0.0493047325767914,"Locomotion"
"Locomotion","Hardy",2023-05-19 02:16:54.652798,0.018829552261156,0.914900221094728,0.0145129686489981,0.0517572579951187,"Locomotion"
"Locomotion","Hardy",2023-05-19 02:16:56.640003,0.00819851444851445,0.982997557997558,0.00413105413105413,0.00467287342287342,"Locomotion"
"Locomotion","Hardy",2023-05-19 02:16:56.640003,0.000607869142351901,0.998942149804219,0.000228937728937729,0.0002210433244916,"Locomotion"
"Locomotion","Hardy",2023-05-19 02:16:56.640003,0.00560897435897436,0.984985500610501,0.0065100986975987,0.00289542633292633,"Locomotion"
"Locomotion","Hardy",2023-05-19 02:16:56.640003,0.00557336182336182,0.990660612535613,0.00176282051282051,0.00200320512820513,"Locomotion"
"Locomotion","Hardy",2023-05-19 02:16:56.640003,0.0363343253968254,0.867775742775743,0.0195608211233211,0.0763291107041107,"Locomotion"
"Locomotion","Hardy",2023-05-19 02:16:57.849602,0.0313574735449735,0.892139987876217,0.0232384513634514,0.0532640872153584,"Locomotion"
"Locomotion","Hardy",2023-05-19 02:16:59.836797,0.0194336934902973,0.922529791556114,0.010547033984534,0.047489480969054,"Locomotion"
"Locomotion","Hardy",2023-05-19 02:17:01.824002,0.00791685384845762,0.951456017558612,0.00622519841269841,0.0344019301802321,"Locomotion"
"Locomotion","Hardy",2023-05-19 02:17:03.811197,0.0189604955229955,0.931342904780405,0.00873906186406186,0.0409575378325378,"Locomotion"
"Locomotion","Hardy",2023-05-19 02:17:05.279998,0.00610182641432641,0.985012845950346,0.00325854700854701,0.00562678062678063,"Locomotion"
"Locomotion","Hardy",2023-05-19 02:17:05.279998,0.000534188034188034,0.998450854700855,0.000747863247863248,0.000267094017094017,"Locomotion"
"Locomotion","Hardy",2023-05-19 02:17:05.279998,0.00166368291368291,0.991124572374572,0.00421647609147609,0.00299526862026862,"Locomotion"
"Locomotion","Hardy",2023-05-19 02:17:05.279998,0,0.999599358974359,0,0.000400641025641026,"Locomotion"
"Locomotion","Hardy",2023-05-19 02:17:05.279998,0.0228708791208791,0.903913457394792,0.0162891438626733,0.0569265196216554,"Locomotion"
"Locomotion","Hardy",2023-05-19 02:17:07.008002,0.0214210001651039,0.920113862577686,0.0144071784696785,0.0440579587875319,"Locomotion"
"Locomotion","Hardy",2023-05-19 02:17:08.995197,0.00487134611544989,0.974892301731125,0.00623728123728124,0.013999070916144,"Locomotion"
"Locomotion","Hardy",2023-05-19 02:17:10.982402,0.0488248463189501,0.839247150037245,0.0243252696377696,0.0876027340060359,"Locomotion"
"Locomotion","Hardy",2023-05-19 02:17:13.315199,0.034581043956044,0.921894078144078,0.00825384106634107,0.0352710368335368,"Locomotion"
"Locomotion","Hardy",2023-05-19 02:17:13.920004,0.00689992877492878,0.986396011396012,0.00422008547008547,0.00248397435897436,"Locomotion"
"Locomotion","Hardy",2023-05-19 02:17:13.920004,0,1,0,0,"Locomotion"
"TreeMovement","Hardy",2023-05-19 02:17:13.920004,0.109044948107448,0.251565043752544,0.0512712403337403,0.588118767806268,"TreeMovement"
"TreeMovement","Hardy",2023-05-19 02:25:01.344002,0.0462190542719389,0.0629763176638177,0.0349561496196111,0.855848478444632,"TreeMovement"
"TreeMovement","Hardy",2023-05-19 02:49:13.900799,0.0536159442409442,0.037016687016687,0.028864596052096,0.880502772690272,"TreeMovement"
"TreeMovement","Hardy",2023-05-19 02:49:15.888004,0.0943467973119786,0.0727090095992535,0.0329382951310707,0.800005897957697,"TreeMovement"
"TreeMovement","Hardy",2023-05-19 02:49:17.875199,0.0432902167277167,0.0313644688644689,0.0287335927960928,0.896611721611722,"TreeMovement"
"TreeMovement","Hardy",2023-05-19 02:49:28.329598,0.0897672602156298,0.0811622405372406,0.0479874769956292,0.781083022251501,"TreeMovement"
"TreeMovement","Hardy",2023-05-19 02:49:30.230402,0.096473539799811,0.0480686558811559,0.036209960011448,0.819247844307585,"TreeMovement"
"TreeMovement","Hardy",2023-05-19 02:49:32.217597,0.104217741591934,0.0336643158670598,0.0402283730564513,0.821889569484555,"TreeMovement"
"TreeMovement","Hardy",2023-05-19 02:49:34.204803,0.0583208360221072,0.00380765632290023,0.0444667495182375,0.893404758136755,"TreeMovement"
"TreeMovement","Hardy",2023-05-19 05:42:21.599998,0.115892448914696,0.00816608160358161,0.0568681643149676,0.819073305166754,"TreeMovement"
"TreeMovement","Hardy",2023-05-19 05:42:23.587203,0.101299838521252,0.0062633547008547,0.0747086613898044,0.817728145388089,"TreeMovement"
"TreeMovement","Hardy",2023-05-19 05:42:25.487997,0.0805970890232963,0.0120227051629491,0.0507245584785792,0.856655647335176,"TreeMovement"
"TreeMovement","Hardy",2023-05-19 05:42:27.475202,0.0868418869777565,0.0339978886853887,0.0461008408066674,0.833059383530187,"TreeMovement"
"TreeMovement","Hardy",2023-05-19 05:42:29.462397,0.0508162487491678,0.0178536219313658,0.032516941059666,0.8988131882598,"TreeMovement"
"TreeMovement","Hardy",2023-05-19 05:42:31.449602,0.0935355738159009,0.028545991045991,0.0459557482422023,0.831962686895906,"TreeMovement"
"TreeMovement","Hardy",2023-05-19 05:42:33.436797,0.0790549616871732,0.00989676397450788,0.0693795753416729,0.841668698996646,"TreeMovement"
"TreeMovement","Hardy",2023-05-19 05:42:35.424002,0.0776923100180595,0.00808722527472527,0.0520440613623763,0.862176403344839,"TreeMovement"
"TreeMovement","Hardy",2023-05-19 05:42:37.411197,0.129939469448817,0.0198622557997558,0.103440995807431,0.746757278943997,"TreeMovement"
"TreeMovement","Hardy",2023-05-19 05:42:39.398402,0.0492109755382042,0.0122011668886669,0.046525957916782,0.892061899656347,"TreeMovement"
"TreeMovement","Hardy",2023-05-19 05:42:43.286402,0.106550128781024,0.0168988418988419,0.0548752927366544,0.82167573658348,"TreeMovement"
"TreeMovement","Hardy",2023-05-19 05:42:45.187196,0.167016432641433,0.0145954161579162,0.0843542063018808,0.73403394489877,"TreeMovement"
"TreeMovement","Hardy",2023-05-19 05:42:47.174401,0.0576338591963592,0.0479567885817886,0.0328665547415547,0.861542797480297,"TreeMovement"
"TreeMovement","Hardy",2023-05-19 05:43:18.364797,0.079276851316325,0.0425232753357753,0.0401577528222265,0.838042120525673,"TreeMovement"
"TreeMovement","Hardy",2023-05-19 05:43:20.956797,0.0953805453805454,0.0551332926332926,0.0296887718762719,0.819797390109891,"TreeMovement"
"TreeMovement","Hardy",2023-05-19 05:43:22.944002,0.0559967963339371,0.017040257055501,0.0368079630551032,0.890154983555459,"TreeMovement"
"TreeMovement","Hardy",2023-05-19 05:43:24.931197,0.0682096555212326,0.0323279151404151,0.0298711773125426,0.86959125202581,"TreeMovement"
"TreeMovement","Hardy",2023-05-19 05:43:26.918402,0.0694385253279484,0.0147887413512413,0.0361023513192565,0.879670382001554,"TreeMovement"
"TreeMovement","Hardy",2023-05-19 05:43:28.819196,0.051528450399245,0.0134478425255864,0.0448150690189399,0.890208638056228,"TreeMovement"
"TreeMovement","Hardy",2023-05-19 05:43:30.806401,0.133881649748104,0.00630596255596256,0.100589268100812,0.759223119595121,"TreeMovement"
"TreeMovement","Hardy",2023-05-19 21:03:04.636798,0.127472491496075,0.0129878223628224,0.126468200293259,0.733071485847844,"TreeMovement"
"TreeMovement","Hardy",2023-05-19 21:03:06.624003,0.142463303604608,0.0243144586894587,0.0826752940430477,0.750546943662886,"TreeMovement"
"TreeMovement","Hardy",2023-05-19 21:03:08.611198,0.104832840968782,0.00383945322969713,0.0713162163503763,0.820011489451145,"TreeMovement"
"TreeMovement","Hardy",2023-05-19 21:03:10.598403,0.159527393902394,0.0231322496947497,0.0859392087282293,0.731401147674627,"TreeMovement"
"TreeMovement","Hardy",2023-05-19 21:03:12.585598,0.100008268225627,0.00798958550482941,0.0514881412584371,0.840514005011107,"TreeMovement"
"TreeMovement","Hardy",2023-05-19 21:03:14.572803,0.145557740870241,0.0226641992266992,0.0486848799348799,0.78309317996818,"TreeMovement"
"TreeMovement","Hardy",2023-05-19 21:03:16.559998,0.0921879795197508,0.0227125305250305,0.0636879778458007,0.821411512109418,"TreeMovement"
"TreeMovement","Hardy",2023-05-19 21:03:21.398405,0.119548600051317,0.0471112277514717,0.0459918741895486,0.787348298007662,"TreeMovement"
"TreeMovement","Hardy",2023-05-19 21:03:23.3856,0.190878701218406,0.0186084804987244,0.0999556434476277,0.690557174835242,"TreeMovement"
"TreeMovement","Hardy",2023-05-19 21:03:25.372805,0.180153642653643,0.103357412122656,0.0668951641307411,0.64959378109296,"TreeMovement"
"TreeMovement","Hardy",2023-05-19 21:03:27.273599,0.0757590111318182,0.0504381613756614,0.106770512321499,0.767032315171021,"TreeMovement"
"TreeMovement","Hardy",2023-05-19 21:03:29.260804,0.122617735718697,0.0342472342472342,0.0656554304516626,0.777479599582406,"TreeMovement"
"TreeMovement","Hardy",2023-05-19 21:03:31.247999,0.157773678325087,0.00646367521367521,0.0972965814518995,0.738466065009338,"TreeMovement"
"TreeMovement","Hardy",2023-05-19 21:03:47.404802,0.115861666870095,0.0201617826617827,0.0506573315996606,0.813319218868462,"TreeMovement"
"TreeMovement","Hardy",2023-05-19 21:03:49.391997,0.11566702972953,0.115563314000814,0.0721746415977185,0.696595014671938,"TreeMovement"
"TreeMovement","Hardy",2023-05-19 21:03:51.379202,0.081080960444168,0.0190816184718624,0.0388966946749966,0.860940726408973,"TreeMovement"
"TreeMovement","Hardy",2023-05-19 21:03:53.279996,0.139269299882507,0.0443763990638991,0.0527426795305968,0.763611621522996,"TreeMovement"
"TreeMovement","Hardy",2023-05-19 21:03:55.267201,0.152734780735234,0.0225580553705554,0.0516784619366141,0.773028701957597,"TreeMovement"
"TreeMovement","Hardy",2023-05-19 21:03:57.254396,0.120549247791456,0.0451668701668702,0.0725129066373052,0.761770975404369,"TreeMovement"
"TreeMovement","Hardy",2023-05-19 21:03:59.241601,0.0757201634647654,0.0419280372405372,0.0698021484500904,0.812549650844607,"TreeMovement"
"TreeMovement","Hardy",2023-05-19 21:04:01.228796,0.127441366503867,0.055742180132424,0.0549291564916565,0.761887296872053,"TreeMovement"
"TreeMovement","Hardy",2023-05-19 21:04:03.216001,0.156373371998372,0.093390694953195,0.0517876221001221,0.698448310948311,"TreeMovement"
"TreeMovement","Hardy",2023-05-19 21:04:05.203196,0.0919833300064952,0.0554184876212315,0.0683874256169987,0.784210756755275,"TreeMovement"
"TreeMovement","Hardy",2023-05-19 21:04:07.190401,0.125322536260036,0.0360491416893856,0.0494774901024901,0.789150831948088,"TreeMovement"
"TreeMovement","Hardy",2023-05-19 21:04:09.177596,0.131230180107004,0.0153108465608466,0.055241273149927,0.798217700182223,"TreeMovement"
"TreeMovement","Hardy",2023-05-19 21:04:11.078401,0.140041994361847,0.0103969525844526,0.0780237746583901,0.77153727839531,"TreeMovement"
"TreeMovement","Hardy",2023-05-19 21:04:13.065596,0.194662124952695,0.0322999338624338,0.0826826096357346,0.690355331549137,"TreeMovement"
"TreeMovement","Dwayne",2023-05-16 12:52:30.4896,0.0919755493643206,0.0315705128205128,0.041471664419228,0.834982273395939,"TreeMovement"
"TreeMovement","Dwayne",2023-05-16 12:52:32.476795,0.0476262021303579,0.0206196581196581,0.0364306584166835,0.8953234813333,"TreeMovement"
"TreeMovement","Dwayne",2023-05-16 12:52:34.464,0.0525246743996744,0.104775063789487,0.0246852106227106,0.818015051188128,"TreeMovement"
"TreeMovement","Dwayne",2023-05-16 12:52:36.451195,0.0569876882376883,0.0810973748473748,0.0219894688644689,0.839925468050468,"TreeMovement"
"TreeMovement","Dwayne",2023-05-16 12:52:39.907202,0.0750797265599898,0.0427458536833537,0.0597787203050361,0.822395699451621,"TreeMovement"
"TreeMovement","Dwayne",2023-05-16 12:52:42.3264,0.239436482680517,0.0334172771672772,0.0488616565542859,0.67828458359792,"TreeMovement"
"TreeMovement","Dwayne",2023-05-16 12:52:44.313595,0.126710490349262,0.0836500305250305,0.064205367298405,0.725434111827303,"TreeMovement"
"TreeMovement","Dwayne",2023-05-16 12:52:46.3008,0.118893020293882,0.0168103886853887,0.0287118451907696,0.83558474582996,"TreeMovement"
"TreeMovement","Dwayne",2023-05-16 12:52:48.287995,0.100930496333375,0.0427477614977615,0.0401147237403073,0.816207018428557,"TreeMovement"
"TreeMovement","Dwayne",2023-05-16 12:52:50.2752,0.155785447191697,0.023458485958486,0.0541218459860702,0.766634220863747,"TreeMovement"
"TreeMovement","Dwayne",2023-05-16 12:52:53.817597,0.0960955810632536,0.0274082977207977,0.0393870477383408,0.837109073477608,"TreeMovement"
"TreeMovement","Dwayne",2023-05-16 12:52:55.804802,0.0569291330108638,0.0362948972323972,0.0227367149968894,0.88403925475985,"TreeMovement"
"TreeMovement","Dwayne",2023-05-16 12:52:57.791997,0.0586553836912137,0.0517157236826355,0.039496824971107,0.850132067655044,"TreeMovement"
"TreeMovement","Dwayne",2023-05-16 12:52:59.779202,0.156777828652829,0.0722444800569801,0.0706870675620676,0.700290623728124,"TreeMovement"
"TreeMovement","Dwayne",2023-05-16 12:53:01.766397,0.0787248742893904,0.0291132478632479,0.0582431160778873,0.833918761769474,"TreeMovement"
"TreeMovement","Dwayne",2023-05-16 12:53:03.753602,0.12707194434764,0.00798738298738299,0.118553302297224,0.746387370367753,"TreeMovement"
"Stationary","Dwayne",2023-05-16 12:53:05.740797,0.0739446279093617,0.00141178266178266,0.797148709605708,0.127494879823148,"Stationary"
"Stationary","Dwayne",2023-05-16 12:53:07.641602,0.111580005577559,0.00375557413600892,0.710200079918704,0.174464340367727,"Stationary"
"Stationary","Dwayne",2023-05-16 12:53:09.628797,0.145931457979155,0.00125534188034188,0.609059651472048,0.243753548668454,"Stationary"
"TreeMovement","Dwayne",2023-05-16 12:53:11.616002,0.0983678285958668,0.0144343293293809,0.0316035447202475,0.855594297354504,"TreeMovement"
"TreeMovement","Dwayne",2023-05-16 12:53:13.603197,0.101069464451657,0.0176708707958708,0.0606957478545052,0.820563916897968,"TreeMovement"
"TreeMovement","Dwayne",2023-05-16 12:53:15.590402,0.119332227304984,0.018842846967847,0.0685719373219373,0.793252988405232,"TreeMovement"
"TreeMovement","Dwayne",2023-05-16 12:53:17.577597,0.16024604135898,0.0231017246642247,0.119794316258132,0.696857917718663,"TreeMovement"
"TreeMovement","Dwayne",2023-05-16 12:53:19.564802,0.127029914529915,0.0155664936914937,0.0842770655270655,0.773126526251526,"TreeMovement"
"TreeMovement","Dwayne",2023-05-16 12:53:21.984,0.0369154725651133,0.0560197903947904,0.0273960786432188,0.879668658396878,"TreeMovement"
"TreeMovement","Dwayne",2023-05-16 12:53:23.971195,0.0950142433958006,0.0131372678247678,0.0604766909076159,0.831371797871816,"TreeMovement"
"TreeMovement","Dwayne",2023-05-16 12:53:25.9584,0.117562126589337,0.0178062678062678,0.0687899152139021,0.795841690390493,"TreeMovement"
"TreeMovement","Dwayne",2023-05-16 12:53:27.945595,0.101617708131934,0.0154081450956451,0.0659754583199393,0.816998688452481,"TreeMovement"
"TreeMovement","Dwayne",2023-05-16 12:53:29.9328,0.0772922084512305,0.00930123117623118,0.0615159699569727,0.851890590415566,"TreeMovement"
"TreeMovement","Dwayne",2023-05-16 12:53:31.919995,0.110000720742229,0.00312981101024579,0.226848705032825,0.6600207632147,"TreeMovement"
"TreeMovement","Dwayne",2023-05-16 12:53:33.907201,0.152660638082392,0.00202546296296296,0.141252141584922,0.704061757369723,"TreeMovement"
"TreeMovement","Dwayne",2023-05-16 12:53:35.808005,0.447850333911436,0.00647194240944241,0.0999356551611067,0.445742068518015,"Foraging"
"TreeMovement","Dwayne",2023-05-16 12:53:37.7952,0.183801202748343,0.0172987891737892,0.102263261920528,0.69663674615734,"TreeMovement"
"TreeMovement","Dwayne",2023-05-16 12:53:39.782405,0.158754802527341,0.0118825040700041,0.0888362570657971,0.740526436336858,"TreeMovement"
"TreeMovement","Dwayne",2023-05-16 12:53:41.7696,0.140773748901223,0.00436635124135124,0.0960350409848955,0.75882485887253,"TreeMovement"
"TreeMovement","Dwayne",2023-05-16 12:53:43.756795,0.183091291739379,0.0154770096507385,0.171210463507314,0.630221235102569,"TreeMovement"
"TreeMovement","Dwayne",2023-05-16 12:53:45.744,0.151217554703132,0.00789199226699227,0.143740219894066,0.697150233135811,"TreeMovement"
"Stationary","Dwayne",2023-05-16 12:53:47.990397,0.427963525568954,0.00682107244607245,0.435438012758148,0.129777389226826,"Stationary"
"Stationary","Dwayne",2023-05-16 12:53:49.891201,0.0938905417428077,0.00142450142450142,0.728918053721809,0.175766903110882,"Stationary"
"Stationary","Dwayne",2023-05-16 12:53:51.878397,0.127135362275798,0.000992063492063492,0.646326749397378,0.225545824834761,"Stationary"
"Stationary","Dwayne",2023-05-16 12:53:53.865602,0.109745341419062,0.000534188034188034,0.734565585277354,0.155154885269396,"Stationary"
"Stationary","Dwayne",2023-05-16 12:53:55.852797,0.110728971194652,0.00264423076923077,0.681701953396454,0.204924844639663,"Stationary"
"Stationary","Dwayne",2023-05-16 12:53:57.840002,0.135540383463882,0.00390692741236219,0.686472426513947,0.174080262609809,"Stationary"
"Stationary","Dwayne",2023-05-16 12:53:59.827197,0.146028835125614,0.00932158119658119,0.597692144848702,0.246957438829103,"Stationary"
"Stationary","Dwayne",2023-05-16 12:54:01.814402,0.157666955093858,0.00472883597883598,0.64251050263003,0.195093706297276,"Stationary"
"Stationary","Dwayne",2023-05-16 12:54:03.715196,0.10302083074061,0.00578830891330891,0.634044427105417,0.257146433240665,"Stationary"
"Stationary","Dwayne",2023-05-16 12:54:05.702401,0.0994779169372147,0.00135333416583417,0.653730538251021,0.245438210645931,"Stationary"
"Stationary","Dwayne",2023-05-16 12:54:07.689596,0.218312748728584,0.00828563797313797,0.531123943266215,0.242277670032063,"Stationary"
"Stationary","Dwayne",2023-05-16 12:54:09.676801,0.0977147643190888,0.00244391025641026,0.686039645596032,0.213801679828469,"Stationary"
"Stationary","Dwayne",2023-05-16 12:54:11.663996,0.0834744181697737,0.0136701261701262,0.744398963989893,0.158456491670207,"Stationary"
"Stationary","Dwayne",2023-05-16 12:54:13.651201,0.0877822034415751,0.000908119658119658,0.791617037521705,0.119692639378601,"Stationary"
"Stationary","Dwayne",2023-05-16 12:54:15.638396,0.129030198562674,0.00396894771894772,0.655554126424689,0.211446727293689,"Stationary"
"Stationary","Dwayne",2023-05-16 12:54:17.539201,0.0966622414702287,0.00512502543752544,0.764542981195373,0.133669751896873,"Stationary"
"Stationary","Dwayne",2023-05-16 12:54:19.526396,0.146932440749657,0.0015491452991453,0.648590095559254,0.202928318391944,"Stationary"
"Stationary","Dwayne",2023-05-16 12:54:21.513601,0.117722154130978,0.00146011396011396,0.657343981853155,0.223473750055753,"Stationary"
"Stationary","Dwayne",2023-05-16 12:54:23.500796,0.284948072473035,0.00319813288563289,0.507877182574276,0.203976612067056,"Stationary"
"Stationary","Dwayne",2023-05-16 12:54:25.488001,0.283804358116694,0.0189999236874237,0.456959671542759,0.240236046653124,"Stationary"
"Stationary","Dwayne",2023-05-16 12:54:27.475196,0.147906455299337,0.00138888888888889,0.594175223523926,0.256529432287849,"Stationary"
"Stationary","Dwayne",2023-05-16 12:54:29.462401,0.139820046896572,0.00275997150997151,0.617781160648576,0.23963882094488,"Stationary"
"Stationary","Dwayne",2023-05-16 12:54:31.363195,0.129309328794234,0.00701503357753358,0.626342822279831,0.237332815348402,"Stationary"
"Stationary","Dwayne",2023-05-16 12:54:33.3504,0.0972889312431898,0.000534188034188034,0.722024041946775,0.180152838775847,"Stationary"
"Stationary","Dwayne",2023-05-16 12:54:35.337595,0.0797603665556151,0.00230972730972731,0.788081502715092,0.129848403419565,"Stationary"
"Stationary","Dwayne",2023-05-16 12:54:37.3248,0.106826168797703,0.00394981176231176,0.708732968705728,0.180491050734257,"Stationary"
"Stationary","Dwayne",2023-05-16 12:54:39.311996,0.0517663773096724,0.00106837606837607,0.818083335598354,0.129081911023598,"Stationary"
"Stationary","Dwayne",2023-05-16 12:54:41.299201,0.130794662513413,0.0111925111925112,0.621853431678092,0.236159394615984,"Stationary"
"Stationary","Dwayne",2023-05-16 12:54:43.286396,0.13788112057165,0.00866656491656492,0.658247961873563,0.195204352638223,"Stationary"
"Stationary","Dwayne",2023-05-16 12:54:45.1872,0.142527721690975,0.0065867707172055,0.641663537289669,0.209221970302151,"Stationary"
"Stationary","Dwayne",2023-05-16 12:54:47.174395,0.104298972821304,0.00563695563695564,0.759818225824675,0.130245845717065,"Stationary"
"Stationary","Dwayne",2023-05-16 12:54:49.1616,0.0799950192899617,0.000778388278388278,0.810747825270836,0.108478767160814,"Stationary"
"Stationary","Dwayne",2023-05-16 12:54:51.148795,0.0667185727052421,0.000801282051282051,0.831611555689356,0.10086858955412,"Stationary"
"Stationary","Dwayne",2023-05-16 12:54:53.136,0.0793634356192797,0.000712250712250712,0.756463835892022,0.163460477776447,"Stationary"
"Stationary","Dwayne",2023-05-16 12:54:55.123195,0.227426283277751,0.016149013024013,0.448250040265159,0.308174663433077,"Stationary"
"Stationary","Dwayne",2023-05-16 12:54:57.1104,0.120704951397766,0.000434981684981685,0.684416283468885,0.194443783448367,"Stationary"
"Stationary","Dwayne",2023-05-16 12:54:59.097595,0.134418058488436,0.000728508608943392,0.596582463364563,0.268270969538058,"Stationary"
"Stationary","Dwayne",2023-05-16 12:55:00.9984,0.11900196671037,0.00266048866592345,0.569918837582124,0.308418707041582,"Stationary"
"Stationary","Dwayne",2023-05-16 12:55:02.985605,0.178214842004146,0.00768086080586081,0.557981606006472,0.25612269118352,"Stationary"
"Stationary","Dwayne",2023-05-16 12:55:04.9728,0.0925421837512545,0.000979344729344729,0.715099608409511,0.191378863109889,"Stationary"
"Stationary","Dwayne",2023-05-16 12:55:06.960005,0.15734409447698,0.00544681013431013,0.666212305139257,0.170996790249453,"Stationary"
"Stationary","Dwayne",2023-05-16 12:55:08.9472,0.0386980625706115,0.000178062678062678,0.894258838144291,0.0668650366070351,"Stationary"
"Stationary","Dwayne",2023-05-16 12:55:10.934405,0.125120159865589,0.0195939477189477,0.638326306942322,0.216959585473142,"Stationary"
"Stationary","Dwayne",2023-05-16 12:55:12.9216,0.0634022432854235,0.000676638176638177,0.800516205445393,0.135404913092545,"Stationary"
"Stationary","Dwayne",2023-05-16 12:55:14.822404,0.0898007144179333,0.00680135836385836,0.717921495490379,0.185476431727829,"Stationary"
"Stationary","Dwayne",2023-05-16 12:55:16.809599,0.0510099321037355,0.00236823361823362,0.817962452789846,0.128659381488185,"Stationary"
"Stationary","Dwayne",2023-05-16 12:55:18.796804,0.160838797982636,0.00876322751322751,0.643256821029838,0.187141153474299,"Stationary"
"Stationary","Dwayne",2023-05-16 12:55:20.783999,0.114662208968222,0.000605413105413105,0.666973518684662,0.217758859241702,"Stationary"
"Stationary","Dwayne",2023-05-16 12:55:22.771205,0.113676762672131,0.00186965811965812,0.590057922750603,0.294395656457608,"Stationary"
"Stationary","Dwayne",2023-05-16 12:55:24.7584,0.0712672560391397,0.00192307692307692,0.756661598034233,0.17014806900355,"Stationary"
"Stationary","Dwayne",2023-05-16 12:55:26.659204,0.141773028884105,0.0130469067969068,0.635384146397148,0.20979591792184,"Stationary"
"Stationary","Dwayne",2023-05-16 12:55:28.646399,0.225762113008357,0.0456508190883191,0.54215460336711,0.186432464536214,"Stationary"
"Stationary","Dwayne",2023-05-16 12:55:30.633604,0.157365302732432,0.00308938746438746,0.668169534405633,0.171375775397547,"Stationary"
"Stationary","Angelina",2023-05-16 13:01:13.814402,0.190982386591404,0.00493170024420024,0.443237764748349,0.360848148416047,"Stationary"
"Stationary","Angelina",2023-05-16 13:01:15.801597,0.214396157970432,0.00916514041514041,0.427313087489786,0.349125614124641,"Stationary"
"Stationary","Angelina",2023-05-16 13:01:17.788802,0.100836258648759,0.0730298636548637,0.324279164122914,0.501854713573464,"TreeMovement"
"TreeMovement","Angelina",2023-05-16 13:01:24.873596,0.0932762260887261,0.0539286301305532,0.0327495421245421,0.820045601656179,"TreeMovement"
"TreeMovement","Angelina",2023-05-16 13:01:26.860801,0.0602419683064845,0.0430580993080993,0.0418819121440089,0.854818020241407,"TreeMovement"
"Stationary","Angelina",2023-05-16 13:01:28.847996,0.16472734423328,0.00347067385110863,0.541365403697548,0.290436578218063,"Stationary"
"Stationary","Angelina",2023-05-16 13:01:30.835201,0.159630514692167,0.0101508445258445,0.562406567970591,0.267812072811396,"Stationary"
"Stationary","Angelina",2023-05-16 13:01:33.3408,0.212202723908926,0.016092131107375,0.455303421631814,0.316401723351885,"Stationary"
"Stationary","Angelina",2023-05-16 13:01:35.327995,0.153895316563508,0.000676638176638177,0.613731206056004,0.23169683920385,"Stationary"
"Stationary","Angelina",2023-05-16 13:01:37.3152,0.147854318323891,0.000356125356125356,0.604585750749024,0.247203805570959,"Stationary"
"Stationary","Angelina",2023-05-16 13:01:39.302395,0.140515618640619,0.085207443019943,0.350925925925926,0.423351012413512,"TreeMovement"
"TreeMovement","Angelina",2023-05-16 13:01:41.376001,0.0636451413464125,0.0301695411070411,0.0268086942875078,0.879376623259038,"TreeMovement"
"TreeMovement","Angelina",2023-05-16 13:01:43.363196,0.0511845695108407,0.047022977912401,0.0378434928223064,0.863948959754452,"TreeMovement"
"TreeMovement","Angelina",2023-05-16 13:01:45.350401,0.045270344846616,0.069253663003663,0.0310949173237309,0.85438107482599,"TreeMovement"
"TreeMovement","Angelina",2023-05-16 13:01:47.423996,0.0504159035409035,0.0320929127331566,0.0248531171132915,0.892638066612648,"TreeMovement"
"Stationary","Angelina",2023-05-16 13:01:49.843205,0.194017938484113,0.0189491064491064,0.501815951460022,0.285217003606759,"Stationary"
"Stationary","Angelina",2023-05-16 13:01:51.8304,0.160244856409767,0.00319940476190476,0.61115310639883,0.225402632429499,"Stationary"
"Stationary","Angelina",2023-05-16 13:01:53.817605,0.279861823330688,0.0519993894993895,0.442259069611426,0.225879717558497,"Stationary"
"Stationary","Angelina",2023-05-16 13:01:55.8048,0.194182754949982,0.00668879731379731,0.552716664621811,0.24641178311441,"Stationary"
"Stationary","Angelina",2023-05-16 13:01:57.791995,0.223326205585493,0.0571378274503275,0.430794584528517,0.288741382435662,"Stationary"
"Stationary","Angelina",2023-05-16 13:01:59.7792,0.200184503327516,0.00351200982994461,0.571856082615244,0.224447404227296,"Stationary"
"Stationary","Angelina",2023-05-16 13:02:01.766395,0.222868798682469,0.0045485288132347,0.513352500175284,0.259230172329013,"Stationary"
"Stationary","Angelina",2023-05-16 13:02:03.7536,0.181547909895025,0.008225523115229,0.563042799459046,0.2471837675307,"Stationary"
"Stationary","Angelina",2023-05-16 13:02:05.740795,0.23625508704194,0.0355540293040293,0.457171241821384,0.271019641832647,"Stationary"
"Stationary","Angelina",2023-05-16 13:02:07.728,0.186406108383135,0.00341435185185185,0.560105150191121,0.250074389573893,"Stationary"
"TreeMovement","Angelina",2023-05-16 13:02:09.110401,0.0935973748473749,0.12418023833465,0.0602830550440845,0.72193933177389,"TreeMovement"
"TreeMovement","Angelina",2023-05-16 13:02:11.529599,0.0588186741193817,0.0505774318274318,0.0148891238651002,0.875714770188086,"TreeMovement"
"TreeMovement","Angelina",2023-05-16 13:02:13.516804,0.0536755464528178,0.0426461385836386,0.0312910362732091,0.872387278690334,"TreeMovement"
"TreeMovement","Angelina",2023-05-16 13:02:15.503999,0.100399369149369,0.0652777777777778,0.052590176027676,0.781732677045177,"TreeMovement"
"TreeMovement","Angelina",2023-05-16 13:02:17.491204,0.0657064000814001,0.116708638583639,0.0517183048433049,0.765866656491656,"TreeMovement"
"TreeMovement","Angelina",2023-05-16 13:02:19.5648,0.0996084969161893,0.0655976546601547,0.0812599037358652,0.753533944687791,"TreeMovement"
"Stationary","Angelina",2023-05-16 13:02:21.552005,0.114283806471307,0.0644192612942613,0.415297491859992,0.40599944037444,"Stationary"
"TreeMovement","Angelina",2023-05-16 13:02:23.712001,0.0936699228514573,0.0587358821733822,0.045047299614929,0.802546895360231,"TreeMovement"
"TreeMovement","Angelina",2023-05-16 13:02:25.699196,0.148474158962244,0.0787078787758135,0.0776840162500698,0.695133946011873,"TreeMovement"
"TreeMovement","Angelina",2023-05-16 13:02:27.686401,0.0975419120639709,0.197278820716321,0.0985870576863224,0.606592209533386,"TreeMovement"
"TreeMovement","Angelina",2023-05-16 13:02:29.673596,0.188155233156275,0.0267481939356939,0.148631662465827,0.636464910442204,"TreeMovement"
"TreeMovement","Angelina",2023-05-16 13:02:31.660801,0.138378501710831,0.00900742775742776,0.0574322924365069,0.795181778095235,"TreeMovement"
"TreeMovement","Angelina",2023-05-16 13:02:33.647996,0.129459030755063,0.0164396367521368,0.172948860159578,0.681152472333223,"TreeMovement"
"Stationary","Angelina",2023-05-16 13:02:35.635201,0.145697967293388,0.0045524046203394,0.667105579615064,0.182644048471209,"Stationary"
"Stationary","Angelina",2023-05-16 13:02:37.622396,0.206128146047501,0.0570983414733415,0.549670436770007,0.18710307570915,"Stationary"
"Stationary","Angelina",2023-05-16 13:02:39.609602,0.171034842498958,0.0131534077306136,0.561115701507334,0.254696048263094,"Stationary"
"Stationary","Angelina",2023-05-16 13:02:41.596797,0.228162135106559,0.0134959369334369,0.565623390481988,0.192718537478017,"Stationary"
"Stationary","Angelina",2023-05-16 13:02:43.584002,0.213754188507478,0.0188167735042735,0.505515303978106,0.261913734010142,"Stationary"
"TreeMovement","Angelina",2023-05-16 13:02:45.571197,0.0591795837558549,0.0508466909538466,0.0372273197796627,0.852746405510636,"TreeMovement"
"TreeMovement","Angelina",2023-05-16 13:02:48.422398,0.0919694736306579,0.0294086178613618,0.053207203371677,0.825414705136303,"TreeMovement"
"TreeMovement","Angelina",2023-05-16 13:02:50.409603,0.141625246027336,0.184159416971917,0.0932093502043193,0.581005986796428,"TreeMovement"
"TreeMovement","Angelina",2023-05-16 13:02:52.396798,0.137771108219478,0.164409722222222,0.0588723323777671,0.638946837180532,"TreeMovement"
"TreeMovement","Angelina",2023-05-16 13:02:54.384003,0.130525715381485,0.0248924286183901,0.112151169228375,0.73243068677175,"TreeMovement"
"TreeMovement","Angelina",2023-05-16 13:02:56.371198,0.227450183933665,0.0313688225947841,0.106841194568189,0.634339798903362,"TreeMovement"
"TreeMovement","Angelina",2023-05-16 13:02:58.358404,0.0453163156288156,0.13249164594439,0.0378866503866504,0.784305388040144,"TreeMovement"
"TreeMovement","Angelina",2023-05-16 13:03:00.259198,0.0970315102969455,0.0257230616605617,0.0792073404789975,0.798038087563495,"TreeMovement"
"TreeMovement","Angelina",2023-05-16 13:03:01.209595,0.0735804213030934,0.0808175620675621,0.072963296122456,0.772638720506889,"TreeMovement"
"TreeMovement","Angelina",2023-05-16 13:03:02.160002,0.122565610253378,0.08159728003478,0.0709966124908671,0.724840497220975,"TreeMovement"
"TreeMovement","Angelina",2023-05-16 13:03:03.1968,0.0753332315832316,0.129377798127798,0.0510823667073667,0.744206603581604,"TreeMovement"
"TreeMovement","Angelina",2023-05-16 13:03:04.233598,0.149111687506618,0.0823760219899926,0.11046470233293,0.65804758817046,"TreeMovement"
"Stationary","Angelina",2023-05-16 13:03:05.183995,0.221628832494811,0.0395356005650123,0.534947937160392,0.203887629779784,"Stationary"
"Stationary","Angelina",2023-05-16 13:03:06.220803,0.122734777911269,0.00386779851293918,0.598202654414084,0.275194769161708,"Stationary"
"Stationary","Angelina",2023-05-16 13:03:07.1712,0.147856669679304,0.0238355972730973,0.586895427200404,0.241412305847193,"Stationary"
"Stationary","Angelina",2023-05-16 13:03:08.207998,0.127008029550242,0.0166965557590558,0.651803333431156,0.204492081259546,"Stationary"
"Stationary","Angelina",2023-05-16 13:03:09.7632,0.150735101897805,0.00854476405946994,0.683212672345518,0.157507461697207,"Stationary"
"Stationary","Angelina",2023-05-16 13:03:11.750405,0.149788501417992,0.0038636836191184,0.676983926839418,0.169363888123471,"Stationary"
"Stationary","Angelina",2023-05-16 13:03:13.7376,0.203056318430483,0.0110799501424501,0.586840820983372,0.199022910443695,"Stationary"
"Stationary","Angelina",2023-05-16 13:03:15.724795,0.11139997474617,0.00711714312257791,0.724138079145876,0.157344802985377,"Stationary"
"Stationary","Angelina",2023-05-16 13:03:17.712,0.145280354322413,0.00911716856010334,0.723154058679196,0.122448418438288,"Stationary"
"Stationary","Angelina",2023-05-16 13:03:19.699195,0.165736817621666,0.00300643901187379,0.675460844573743,0.155795898792718,"Stationary"
"Stationary","Angelina",2023-05-16 13:03:21.6864,0.159963806437712,0.00785320004070004,0.61488728302302,0.217295710498568,"Stationary"
"Stationary","Angelina",2023-05-16 13:03:23.673595,0.151325576610108,0.00778960622710623,0.667891555459114,0.172993261703671,"Stationary"
"Stationary","Angelina",2023-05-16 13:03:25.6608,0.205050367956019,0.0404138685388685,0.596338452771435,0.158197310733678,"Stationary"
"Stationary","Angelina",2023-05-16 13:03:27.561605,0.110168491317499,0.0111200142450142,0.678014115256105,0.200697379181382,"Stationary"
"Stationary","Angelina",2023-05-16 13:03:29.5488,0.126224781549467,0.00467287342287342,0.684090127839545,0.185012217188114,"Stationary"
"Stationary","Angelina",2023-05-16 13:03:31.622395,0.117325968050741,0.0311120014245014,0.62832044284425,0.223241587680508,"Stationary"
"Stationary","Angelina",2023-05-16 13:03:33.5232,0.118930035482479,0.00307539682539683,0.731998316474397,0.145996251217727,"Stationary"
"Stationary","Angelina",2023-05-16 13:03:35.510405,0.179675690238709,0.0100968125544532,0.646009719325718,0.16421777788112,"Stationary"
"Stationary","Angelina",2023-05-16 13:03:37.4976,0.123603023196272,0.0405156186406186,0.687358562858912,0.148522795304197,"Stationary"
"Stationary","Angelina",2023-05-16 13:03:39.484805,0.0810104104791231,0.00122100122100122,0.756614081662224,0.161154506637652,"Stationary"
"Stationary","Angelina",2023-05-16 13:03:41.472,0.151706222018722,0.0729802604802605,0.507437296499797,0.267876221001221,"Stationary"
"Stationary","Angelina",2023-05-16 13:03:43.459205,0.122245863601528,0.00886312761312761,0.640468728861835,0.228422279923509,"Stationary"
"Stationary","Angelina",2023-05-16 13:03:45.4464,0.143928676687297,0.0663817663817664,0.593857146120731,0.195832410810205,"Stationary"
"Stationary","Angelina",2023-05-16 13:03:47.433595,0.147895936793884,0.010063721001221,0.635153027894271,0.206887314310624,"Stationary"
"Stationary","Angelina",2023-05-16 13:03:49.4208,0.124748190493437,0.00385950854700855,0.711058069741207,0.160334231218348,"Stationary"
"Stationary","Angelina",2023-05-16 13:03:51.407995,0.136093560822106,0.0237656440781441,0.708038726883566,0.132102068216184,"Stationary"
"Stationary","Angelina",2023-05-16 13:03:53.3952,0.141429066014971,0.00338319088319088,0.715632281474908,0.139555461626931,"Stationary"
"Stationary","Angelina",2023-05-16 13:03:55.382395,0.251175496258359,0.0105091769613828,0.600696547827329,0.13761877895293,"Stationary"
"Stationary","Angelina",2023-05-16 13:03:57.3696,0.134098637831113,0.0101762820512821,0.707049883468753,0.148675196648852,"Stationary"
"Stationary","Angelina",2023-05-16 13:03:59.356795,0.113596438283938,0.03503256003256,0.68891509734389,0.162455904339612,"Stationary"
"Stationary","Anne",2023-05-16 17:01:53.241604,0.316581450956451,0.0486295533170533,0.453958078958079,0.180830916768417,"Stationary"
"Stationary","Anne",2023-05-16 17:01:55.228799,0.363905423280423,0.0404564763939764,0.493261599511599,0.102376500814001,"Stationary"
"Stationary","Anne",2023-05-16 17:01:57.216004,0.449806659026572,0.0103441697191697,0.475736627814791,0.0641125434394665,"Stationary"
"TreeMovement","Anne",2023-05-16 17:01:59.203199,0.139152803215303,0.0588109228734229,0.0653407356532357,0.736695538258038,"TreeMovement"
"TreeMovement","Anne",2023-05-16 17:02:17.7792,0.102515588029359,0.0371260683760684,0.0344717488255624,0.82588659476901,"TreeMovement"
"TreeMovement","Anne",2023-05-16 17:02:19.852795,0.110938135938136,0.0294935388685389,0.0367718508343508,0.822796474358974,"TreeMovement"
"TreeMovement","Anne",2023-05-16 17:02:22.444795,0.0820767195767196,0.0182196275946276,0.0347419363044363,0.864961716524216,"TreeMovement"
"TreeMovement","Anne",2023-05-16 17:02:24.432,0.0531966777729489,0.030252849002849,0.034937891479205,0.881612581744997,"TreeMovement"
"Stationary","Anne",2023-05-16 17:02:26.419195,0.13695218329161,0.0251583485958486,0.557055041685545,0.280834426426997,"Stationary"
"Stationary","Anne",2023-05-16 17:02:28.4064,0.173908102297568,0.000819088319088319,0.620425397003675,0.204847412379669,"Stationary"
"Stationary","Anne",2023-05-16 17:02:30.393595,0.156280705396343,0.0118367165242165,0.561400356278899,0.270482221800542,"Stationary"
"Stationary","Anne",2023-05-16 17:02:32.3808,0.179851218599486,0.0032633580187928,0.500588456862557,0.316296966519164,"Stationary"
"TreeMovement","Anne",2023-05-16 17:02:34.9728,0.0346221966984679,0.0247284544159544,0.0290560996599132,0.911593249225664,"TreeMovement"
"TreeMovement","Anne",2023-05-16 17:02:37.132796,0.0679313643826356,0.0178704975579976,0.044621957413271,0.869576180646096,"TreeMovement"
"TreeMovement","Anne",2023-05-16 17:02:39.120001,0.0451912593740589,0.0196492165242165,0.0380359359454705,0.897123588156254,"TreeMovement"
"TreeMovement","Anne",2023-05-16 17:02:41.107196,0.0820261611914464,0.0514887311762312,0.0580902014321066,0.808394906200216,"TreeMovement"
"TreeMovement","Anne",2023-05-16 17:02:43.094401,0.141493913108497,0.00320067663817664,0.145763740419538,0.70954166983379,"TreeMovement"
"TreeMovement","Anne",2023-05-16 17:02:45.081596,0.0632459395491844,0.0392812627187627,0.048764625782913,0.84870817194914,"TreeMovement"
"Stationary","Anne",2023-05-16 17:02:47.068801,0.198979710367122,0.0211818274318274,0.42989548789305,0.349942974308001,"Stationary"
"Stationary","Anne",2023-05-16 17:02:49.142397,0.246313144011294,0.0390446937321937,0.465488030996142,0.24915413126037,"Stationary"
"Stationary","Anne",2023-05-16 17:02:51.129602,0.318429721472485,0.0274833384208384,0.456055302519118,0.198031637587559,"Stationary"
"TreeMovement","Anne",2023-05-16 17:02:53.116797,0.0902395442428987,0.0525087759462759,0.0766970871446508,0.780554592666175,"TreeMovement"
"TreeMovement","Anne",2023-05-16 17:02:55.104002,0.0420851551724558,0.0937926078551079,0.0256729257804158,0.83844931119202,"TreeMovement"
"TreeMovement","Anne",2023-05-16 17:02:57.091197,0.0793508432299991,0.0971916971916972,0.0598380447447429,0.763619414833561,"TreeMovement"
"TreeMovement","Anne",2023-05-16 17:02:59.078402,0.111444780560053,0.0231525997150997,0.0786091595360455,0.786793460188801,"TreeMovement"
"TreeMovement","Anne",2023-05-16 17:03:01.065597,0.165365123592397,0.0015974765974766,0.186689762174478,0.646347637635648,"TreeMovement"
"TreeMovement","Anne",2023-05-16 17:03:03.139203,0.140115673286101,0.00682906314699793,0.273350104290662,0.579705159276239,"TreeMovement"
"TreeMovement","Anne",2023-05-16 17:03:05.039998,0.189828633616197,0.0548820970695971,0.122291085978923,0.632998183335283,"TreeMovement"
"TreeMovement","Anne",2023-05-16 17:03:07.113603,0.159006066938759,0.043554131054131,0.114021604286027,0.683418197721083,"TreeMovement"
"TreeMovement","Anne",2023-05-16 17:03:09.100798,0.18550379019129,0.112643722018722,0.106449320659847,0.595403167130141,"TreeMovement"
"TreeMovement","Anne",2023-05-16 17:03:11.088003,0.0781603871150289,0.0973640692726955,0.0480897884042281,0.776385755208047,"TreeMovement"
"TreeMovement","Anne",2023-05-16 17:03:13.075198,0.0735519017901312,0.0407547313797314,0.0664737897914192,0.819219577038718,"TreeMovement"
"TreeMovement","Anne",2023-05-16 17:03:15.062403,0.279339240194503,0.0795138888888889,0.0714348303986462,0.569712040517961,"TreeMovement"
"Stationary","Anne",2023-05-16 17:03:17.049598,0.215930498847299,0.0303997507122507,0.485039836362646,0.268629914077804,"Stationary"
"Stationary","Anne",2023-05-16 17:03:21.369601,0.162173445405164,0.00368434906478385,0.638659089868012,0.195483115662039,"Stationary"
"Stationary","Anne",2023-05-16 17:03:23.356796,0.165903139967,0.00570195632136169,0.613699899668422,0.214695004043216,"Stationary"
"Stationary","Anne",2023-05-16 17:03:25.430402,0.115834398091292,0.00152625152625153,0.720495148216597,0.16214420216586,"Stationary"
"Stationary","Anne",2023-05-16 17:03:27.417597,0.138499787249787,0.00740359177859178,0.671178348349336,0.182918272622286,"Stationary"
"Stationary","Anne",2023-05-16 17:03:29.404802,0.14890483510528,0.000641025641025641,0.627258740066237,0.223195399187457,"Stationary"
"Stationary","Anne",2023-05-16 17:03:31.391997,0.394404318517278,0.0240196113722057,0.46016966102292,0.121406409087596,"Stationary"
"Stationary","Holland",2023-05-17 11:22:18.652801,0.199106893506538,0.013949303011803,0.597272835318254,0.189670968163405,"Stationary"
"Stationary","Holland",2023-05-17 11:22:20.639996,0.16538467167579,0.0147378663003663,0.558199441955247,0.261678020068597,"Stationary"
"Stationary","Holland",2023-05-17 11:22:22.627201,0.144696420876283,0.00365336675432829,0.633703993002546,0.217946219366842,"Stationary"
"Stationary","Holland",2023-05-17 11:22:29.1072,0.171802898095317,0.00200892857142857,0.643421849644767,0.182766323688487,"Stationary"
"Stationary","Holland",2023-05-17 11:22:31.094405,0.137730493331455,0.0330186017686018,0.623157910273397,0.206092994626547,"Stationary"
"Stationary","Holland",2023-05-17 11:22:34.031997,0.183047146941378,0.00183404558404558,0.560710140436173,0.254408667038404,"Stationary"
"TreeMovement","Holland",2023-05-17 11:22:36.019202,0.0799574467274367,0.0407197547822548,0.069779385594163,0.809543412896146,"TreeMovement"
"Stationary","Holland",2023-05-17 11:22:39.820801,0.121236334875106,0.0577768874643875,0.326475925204739,0.494510852455768,"TreeMovement"
"TreeMovement","Holland",2023-05-17 11:22:41.894397,0.0813415750915751,0.06025958994709,0.0468292124542124,0.811569622507122,"TreeMovement"
"TreeMovement","Holland",2023-05-17 11:22:43.881602,0.127052172364672,0.0922860704110704,0.0443808506308506,0.736280906593406,"TreeMovement"
"TreeMovement","Holland",2023-05-17 11:22:45.955197,0.0427663724466335,0.0331635378510378,0.0210042777323362,0.903065811969992,"TreeMovement"
"TreeMovement","Holland",2023-05-17 11:22:47.942403,0.119175136748788,0.00657398721423112,0.0964613275725824,0.777789548464399,"TreeMovement"
"TreeMovement","Holland",2023-05-17 11:22:50.015998,0.146064897763267,0.0176466473341473,0.0750516274421326,0.761236827460453,"TreeMovement"
"TreeMovement","Holland",2023-05-17 11:22:52.003203,0.134366034301066,0.00675747863247863,0.197519241643125,0.66135724542333,"TreeMovement"
"TreeMovement","Holland",2023-05-17 11:22:53.990398,0.136630672568173,0.0161232342634782,0.0738910395160396,0.773355053652309,"TreeMovement"
"TreeMovement","Holland",2023-05-17 11:22:55.977603,0.125265735271375,0.0256899928774929,0.0841719926580878,0.764872279193044,"TreeMovement"
"Stationary","Holland",2023-05-17 11:23:07.987204,0.163504390321983,0.00624872812372812,0.56002358960304,0.270223291951249,"Stationary"
"Stationary","Holland",2023-05-17 11:23:10.0608,0.257595279563533,0.00885228162242229,0.533219281064906,0.200333157749139,"Stationary"
"Stationary","Holland",2023-05-17 11:23:12.048005,0.204802207015833,0.00633585164835165,0.478262950285471,0.310598991050345,"Stationary"
"Stationary","Holland",2023-05-17 11:23:14.0352,0.155047699620068,0.0248060388685389,0.484525562625259,0.335620698886134,"Stationary"
"TreeMovement","Holland",2023-05-17 11:23:16.108796,0.124163489347784,0.0171029202279202,0.0987853803959574,0.759948210028338,"TreeMovement"
"TreeMovement","Holland",2023-05-17 11:23:18.096001,0.0807623205990005,0.0147429538054538,0.0745081896049025,0.829986535990643,"TreeMovement"
"TreeMovement","Holland",2023-05-17 11:23:20.083196,0.110316656395666,0.0116968101343101,0.15317578644411,0.724810747025914,"TreeMovement"
"TreeMovement","Holland",2023-05-17 11:23:22.156801,0.11800855266036,0.00450689356939357,0.107886103436123,0.769598450334123,"TreeMovement"
"TreeMovement","Holland",2023-05-17 11:23:24.143996,0.0950650728221891,0.0100669006919007,0.132976867384817,0.761891159101093,"TreeMovement"
"TreeMovement","Holland",2023-05-17 11:23:26.131202,0.0519737956927987,0.00803791680316071,0.0816754937825812,0.858312793721459,"TreeMovement"
"TreeMovement","Holland",2023-05-17 11:23:28.118397,0.0859447204841942,0.00466460622710623,0.0822514838962208,0.827139189392479,"TreeMovement"
"TreeMovement","Holland",2023-05-17 11:23:30.192002,0.0899815553328366,0.0118236565264004,0.0811650636692846,0.817029724471479,"TreeMovement"
"TreeMovement","Holland",2023-05-17 11:23:32.179197,0.167330181637097,0.00674094424094424,0.118539509582473,0.707389364539487,"TreeMovement"
"TreeMovement","Holland",2023-05-17 11:23:34.166402,0.155128332882981,0.00320512820512821,0.139186483234011,0.70248005567788,"TreeMovement"
"TreeMovement","Holland",2023-05-17 11:23:36.239998,0.157002001210144,0.00644877214170692,0.171443832551836,0.665105394096313,"TreeMovement"
"TreeMovement","Holland",2023-05-17 11:23:38.227203,0.264444949566913,0.0108395655270655,0.10174695214955,0.622968532756471,"TreeMovement"
"TreeMovement","Holland",2023-05-17 11:23:40.214398,0.131377000141004,0.00162205950249428,0.209665830737191,0.657335109619311,"TreeMovement"
"TreeMovement","Holland",2023-05-17 11:23:42.201603,0.134937936400698,0.0189388736263736,0.198549931582648,0.647573258390281,"TreeMovement"
"TreeMovement","Holland",2023-05-17 11:23:44.275199,0.098539385281981,0.00578958078958079,0.118591808446707,0.777079225481731,"TreeMovement"
"TreeMovement","Holland",2023-05-17 11:23:46.262404,0.133770654242339,0.0150036884411884,0.124221233633505,0.727004423682967,"TreeMovement"
"TreeMovement","Holland",2023-05-17 11:23:48.249599,0.225799840705543,0.00220988502238502,0.173257617901864,0.598732656370209,"TreeMovement"
"Stationary","Holland",2023-05-17 11:23:50.323205,0.130228603291351,0.00114850427350427,0.526934474022264,0.34168841841288,"Stationary"
"Stationary","Holland",2023-05-17 11:23:52.3104,0.154065943073025,0.0016025641025641,0.6231067791594,0.22122471366501,"Stationary"
"Stationary","Holland",2023-05-17 11:23:54.297605,0.480789580789581,0.0347730972730973,0.365746117308617,0.118691204628705,"Foraging"
"Stationary","Holland",2023-05-17 11:23:56.2848,0.193927684994529,0.00407954314204314,0.578091774798095,0.223900997065333,"Stationary"
"Stationary","Holland",2023-05-17 11:23:58.272005,0.202076699866794,0.00504144104687583,0.537856589182442,0.255025269903888,"Stationary"
"Stationary","Holland",2023-05-17 11:24:00.2592,0.25403688940449,0.0153566341066341,0.441416433718818,0.289190042770058,"Stationary"
"Stationary","Holland",2023-05-17 11:24:02.332796,0.538597303858932,0.0257421398046398,0.329632768365438,0.10602778797099,"Foraging"
"Stationary","Holland",2023-05-17 11:24:04.320001,0.189432944370474,0.00665227234520713,0.57944156160749,0.224473221676829,"Stationary"
"Stationary","Holland",2023-05-17 11:24:06.307196,0.178920912573288,0.0127471034400382,0.567362847586862,0.240969136399812,"Stationary"
"Stationary","Holland",2023-05-17 11:24:08.380801,0.190501206718092,0.0123187576312576,0.60195054933019,0.195229486320461,"Stationary"
"Stationary","Holland",2023-05-17 11:24:10.367996,0.247437588848218,0.0246801231176231,0.539865176871932,0.188017111162226,"Stationary"
"Stationary","Holland",2023-05-17 11:24:12.355201,0.440996422246422,0.0208244301994302,0.428282901720402,0.109896245833746,"Foraging"
"Stationary","Holland",2023-05-17 11:24:14.428797,0.150209836184539,0.0256874491249491,0.603459049797553,0.22064366489296,"Stationary"
"Stationary","Holland",2023-05-17 11:24:16.416002,0.460634790212461,0.0134494556369556,0.383606145554511,0.142309608596072,"Foraging"
"Stationary","Holland",2023-05-17 11:24:18.403197,0.291093736339262,0.0057997557997558,0.432986577506834,0.270119930354147,"Stationary"
"Stationary","Holland",2023-05-17 11:24:20.476803,0.327449429082,0.0149807946682947,0.398162314531431,0.259407461718274,"Stationary"
"Stationary","Holland",2023-05-17 11:24:22.118395,0.341616073951911,0.0334771131646132,0.460290727940341,0.164616084943135,"Stationary"
"Stationary","Holland",2023-05-17 11:24:24.105601,0.192942236271563,0.0373918905168905,0.494593462982886,0.27507241022866,"Stationary"
"TreeMovement","Holland",2023-05-17 11:24:26.784001,0.138424018111518,0.0132758445258445,0.0713288480241186,0.776971289338519,"TreeMovement"
"TreeMovement","Holland",2023-05-17 11:24:28.771196,0.0974464310932072,0.0219017094017094,0.0732534105851414,0.807398448919943,"TreeMovement"
"TreeMovement","Holland",2023-05-17 11:24:30.758401,0.124015109628317,0.0229160307285307,0.0474174751434514,0.805651384499701,"TreeMovement"
"TreeMovement","Holland",2023-05-17 11:24:32.745596,0.282976638044712,0.0142024063899064,0.101785997598945,0.601034957966437,"TreeMovement"
"TreeMovement","Holland",2023-05-17 11:24:34.819202,0.142175391730728,0.00879839691780229,0.136826643976671,0.712199567374799,"TreeMovement"
"TreeMovement","Holland",2023-05-17 11:24:36.806397,0.148030489372472,0.0174581331510679,0.187810198098436,0.646701179378024,"TreeMovement"
"Stationary","Holland",2023-05-17 11:24:40.348804,0.116177073434568,0.00663156288156288,0.660120654587425,0.217070709096445,"Stationary"
"Stationary","Holland",2023-05-17 11:24:42.422399,0.0989866095446263,0.00562678062678063,0.750438286279773,0.14494832354882,"Stationary"
"Stationary","Holland",2023-05-17 11:24:44.409604,0.205591734527868,0.0434752747252747,0.566482386536492,0.184450604210365,"Stationary"
"Stationary","Holland",2023-05-17 11:24:46.396799,0.226158427271044,0.0364589692714693,0.493965968922432,0.243416634535056,"Stationary"
"Stationary","Holland",2023-05-17 11:24:48.470405,0.158870494017251,0.018579921095165,0.611583446918997,0.210966137968587,"Stationary"
"Stationary","Holland",2023-05-17 11:24:50.4576,0.182257544805622,0.00649992368742369,0.62432101772709,0.186921513779865,"Stationary"
"Stationary","Holland",2023-05-17 11:24:52.444795,0.148147693713841,0.00651900183150183,0.614259762611884,0.231073541842773,"Stationary"
"Stationary","Holland",2023-05-17 11:24:54.518401,0.126148550229616,0.00355235042735043,0.605172213716525,0.265126885626508,"Stationary"
"Stationary","Holland",2023-05-17 11:24:56.505596,0.185125126302296,0.0139238654863655,0.457964403712405,0.342986604498933,"Stationary"
"Stationary","Holland",2023-05-17 11:24:58.492801,0.154365649441502,0.0129423364477712,0.512446154236216,0.320245859874511,"Stationary"
"TreeMovement","Holland",2023-05-17 11:25:00.825598,0.15684430396821,0.000961538461538461,0.251874828004213,0.590319329566038,"TreeMovement"
"Stationary","Holland",2023-05-17 11:25:02.812804,0.172325780058854,0.0122678825803826,0.545320947906777,0.270085389453986,"Stationary"
"Stationary","Holland",2023-05-17 11:25:05.491204,0.181889768440249,0.0138844373219373,0.646878020274513,0.1573477739633,"Stationary"
"Stationary","Holland",2023-05-17 11:25:07.478399,0.132476930269625,0.00423588608684763,0.68656667427473,0.176720509368798,"Stationary"
"Stationary","Holland",2023-05-17 11:25:09.206402,0.167918167091068,0.00653744403744404,0.643039693661726,0.182504695209761,"Stationary"
"Stationary","Holland",2023-05-17 11:25:11.279998,0.116530212837736,0.0112713675213675,0.665588597980483,0.206609821660413,"Stationary"
"Stationary","Holland",2023-05-17 11:25:13.267203,0.0722290133622922,0.00330242673992674,0.758767618145458,0.165700941752323,"Stationary"
"Stationary","Holland",2023-05-17 11:25:15.254398,0.143431331446317,0.00400641025641026,0.631660341804229,0.220901916493043,"Stationary"
"Stationary","Holland",2023-05-17 11:25:17.328003,0.175853890974856,0.0148504273504274,0.573591116940863,0.235704564733854,"Stationary"
"Stationary","Holland",2023-05-17 11:25:19.315198,0.185158357728157,0.0187395415672855,0.475539049455804,0.320563051248754,"Stationary"
"Stationary","Holland",2023-05-17 11:25:21.302403,0.123651521082517,0.00515336615880094,0.641692772731857,0.229502340026825,"Stationary"
"Stationary","Holland",2023-05-17 11:25:23.375999,0.21906727656813,0.014154711029711,0.485463632222444,0.281314380179715,"Stationary"
"Stationary","Holland",2023-05-17 11:25:25.363204,0.114024442079904,0.00408653846153846,0.637050719605466,0.244838299853091,"Stationary"
"Stationary","Holland",2023-05-17 11:25:27.350399,0.109530343349738,0.000534188034188034,0.683216208544978,0.206719260071097,"Stationary"
"Stationary","Holland",2023-05-17 11:25:29.337604,0.160029249502934,0.0120325854700855,0.633267493480987,0.194670671545994,"Stationary"
"TreeMovement","Holland",2023-05-17 11:25:31.584001,0.152407593877026,0.0016025641025641,0.274017432231689,0.571972409788721,"TreeMovement"
"TreeMovement","Holland",2023-05-17 11:25:33.571196,0.181416972469962,0.0120075073879422,0.153950387877018,0.652625132265078,"TreeMovement"
"TreeMovement","Holland",2023-05-17 11:25:35.558401,0.20489496722654,0.0147124287749288,0.139565074098562,0.64082752989997,"TreeMovement"
"Stationary","Holland",2023-05-17 11:25:37.631997,0.147570018808938,0.0059981684981685,0.474876069888089,0.371555742804805,"Stationary"
"TreeMovement","Holland",2023-05-17 11:25:39.705603,0.254932956429691,0.0576333934234878,0.116213003722075,0.571220646424746,"TreeMovement"
"TreeMovement","Holland",2023-05-17 11:25:41.779198,0.151296189207169,0.0074506512006512,0.137486581864584,0.703766577727597,"TreeMovement"
"Stationary","Holland",2023-05-17 11:25:44.025595,0.224024915600758,0.0058897825202173,0.611009416752463,0.159075885126561,"Stationary"
"Stationary","Holland",2023-05-17 11:25:46.0128,0.215953838842428,0.00492633624427103,0.5246389572001,0.254480867713201,"Stationary"
"TreeMovement","Holland",2023-05-17 11:25:48.172797,0.175718327352349,0.0129597832722833,0.183368859051995,0.627953030323373,"TreeMovement"
"TreeMovement","Holland",2023-05-17 11:25:50.160002,0.21511614428402,0.00818198005698006,0.168864097077206,0.607837778581795,"TreeMovement"
"Stationary","Holland",2023-05-17 11:25:52.233598,0.171815054035799,0.00449163105413105,0.564415251472991,0.25927806343708,"Stationary"
"Stationary","Holland",2023-05-17 11:25:54.307203,0.133342136088717,0.0175335081585082,0.603253184529594,0.245871171223181,"Stationary"
"Stationary","Holland",2023-05-17 11:25:56.380799,0.121432886437978,0.0116799345076784,0.693946149886301,0.172941029168043,"Stationary"
"Stationary","Murray",2023-05-17 12:24:26.208,0.174003717290283,0.0136485042735043,0.531719576250614,0.2806282021856,"Stationary"
"Stationary","Murray",2023-05-17 12:24:28.195205,0.184634616160148,0.0105642043142043,0.544985305921672,0.259815873603975,"Stationary"
"Stationary","Murray",2023-05-17 12:24:30.1824,0.11610073409235,0.000356125356125356,0.616450344608956,0.267092795942569,"Stationary"
"TreeMovement","Murray",2023-05-17 12:24:33.206403,0.105424552299552,0.0321078805453805,0.0557450651200651,0.806722502035002,"TreeMovement"
"TreeMovement","Murray",2023-05-17 12:24:42.1056,0.145100096662597,0.0509373728123728,0.0367305148555149,0.767232015669516,"TreeMovement"
"TreeMovement","Murray",2023-05-17 12:24:44.092795,0.0762557945820658,0.0285962301587302,0.0261600373888509,0.868987937870353,"TreeMovement"
"TreeMovement","Murray",2023-05-17 12:24:46.425603,0.269889601139601,0.0692263176638177,0.0452648046398046,0.615619276556776,"TreeMovement"
"TreeMovement","Murray",2023-05-17 12:24:48.412798,0.0751621642246643,0.0658170533170533,0.0348799348799349,0.824140847578347,"TreeMovement"
"TreeMovement","Murray",2023-05-17 12:24:51.696003,0.0996387871387872,0.0379197191697192,0.0372606529678898,0.825180840723604,"TreeMovement"
"TreeMovement","Murray",2023-05-17 12:24:53.769598,0.0465749719324931,0.0473182488807489,0.0353753041660163,0.870731475020742,"TreeMovement"
"TreeMovement","Murray",2023-05-17 12:24:55.756804,0.0402299569937282,0.0401276963776964,0.0278689954204834,0.891773351208092,"TreeMovement"
"Stationary","Murray",2023-05-17 12:24:57.9168,0.267938533158933,0.0236295533170533,0.397075520077722,0.311356393446291,"Stationary"
"Stationary","Murray",2023-05-17 12:24:59.904005,0.277560462453844,0.0131779100529101,0.40815088385684,0.301110743636406,"Stationary"
"Stationary","Murray",2023-05-17 12:25:01.977601,0.192911514046721,0.0104462145239584,0.428613381937391,0.36802888949193,"Stationary"
"TreeMovement","Murray",2023-05-17 12:25:03.964796,0.0921521681010548,0.013908602971103,0.0567353332439894,0.837203895683853,"TreeMovement"
"TreeMovement","Murray",2023-05-17 12:25:08.544,0.0513539122914123,0.0827565374440374,0.0318891178266178,0.834000432437933,"TreeMovement"
"TreeMovement","Murray",2023-05-17 12:25:10.531195,0.0875057234432235,0.102248041310541,0.0415273962148962,0.768718839031339,"TreeMovement"
"TreeMovement","Murray",2023-05-17 12:25:12.604801,0.0709833514603005,0.00740839586113976,0.041813172456499,0.879795080222061,"TreeMovement"
"Stationary","Murray",2023-05-17 12:25:14.591996,0.182742962958856,0.0130952959077959,0.491281708341604,0.312880032791745,"Stationary"
"Stationary","Murray",2023-05-17 12:25:16.665602,0.310123167613976,0.037551510989011,0.442228433671448,0.210096887725564,"Stationary"
"Stationary","Murray",2023-05-17 12:25:18.652797,0.194989890713861,0.0219462250712251,0.549336776930383,0.23372710728453,"Stationary"
"TreeMovement","Murray",2023-05-17 12:25:20.640002,0.0719545752154448,0.0390704259606699,0.0499654368587635,0.839009561965122,"TreeMovement"
"TreeMovement","Murray",2023-05-17 12:25:22.886399,0.124130489331761,0.0599409849409849,0.0711138682801818,0.744814657447073,"TreeMovement"
"Stationary","Murray",2023-05-17 12:25:24.873604,0.467206815371723,0.00572026353276353,0.349819341873259,0.177253579222254,"Foraging"
"Stationary","Murray",2023-05-17 12:25:26.9472,0.196936685999186,0.0669998982498982,0.384319673382173,0.351743742368742,"Stationary"
"TreeMovement","Murray",2023-05-17 12:25:29.020795,0.0585854414766882,0.0177760374787814,0.0272261936450219,0.896412327399509,"TreeMovement"
"Stationary","Murray",2023-05-17 12:25:31.008,0.169237104410434,0.0190240893365893,0.446346593570214,0.365392212682762,"Stationary"
"Stationary","Murray",2023-05-17 12:25:33.167997,0.20604207690374,0.0137953081462697,0.467292812048536,0.312869802901455,"Stationary"
"Stationary","Murray",2023-05-17 12:25:35.155202,0.237230235462027,0.0160141941391941,0.550215244903057,0.196540325495722,"Stationary"
"Stationary","Murray",2023-05-17 12:25:37.142397,0.222393837526992,0.00437143874643875,0.555758545883228,0.217476177843341,"Stationary"
"Stationary","Murray",2023-05-17 12:25:39.216002,0.125203875985126,0.0282229922854923,0.428421665140415,0.418151466588966,"Stationary"
"TreeMovement","Murray",2023-05-17 12:25:42.8448,0.0454177846575174,0.025973463287436,0.0563727699579118,0.872235982097135,"TreeMovement"
"Stationary","Murray",2023-05-17 12:25:44.918396,0.229524423683444,0.0263138481888482,0.374380353754967,0.369781374372741,"Stationary"
"Stationary","Murray",2023-05-17 12:25:46.992001,0.254147461334962,0.00547097578347578,0.423220402282902,0.317161160598661,"Stationary"
"Stationary","Murray",2023-05-17 12:25:48.979196,0.304144524457024,0.0161032254782255,0.424483502608503,0.255268747456248,"Stationary"
"Stationary","Murray",2023-05-17 12:25:51.139203,0.516652237771189,0.00509895197395197,0.399052254495803,0.0791965557590558,"Foraging"
"Stationary","Murray",2023-05-17 12:25:53.126398,0.36155841284832,0.0159696784696785,0.42822473277865,0.194247175903351,"Stationary"
"Stationary","Murray",2023-05-17 12:25:55.200003,0.26865548641965,0.0230273199023199,0.423834876982318,0.284482316695712,"Stationary"
"Stationary","Murray",2023-05-17 12:25:57.187198,0.287730555835302,0.0078125,0.421421440748053,0.283035503416644,"Stationary"
"TreeMovement","Murray",2023-05-17 12:25:59.606397,0.122540956337618,0.0215964590964591,0.0518040612841264,0.804058523281797,"TreeMovement"
"TreeMovement","Murray",2023-05-17 12:26:01.593602,0.103998012359378,0.0235169922669923,0.145667716050917,0.726817279322712,"TreeMovement"
"TreeMovement","Murray",2023-05-17 12:26:03.667197,0.0362913491792349,0.0159143518518518,0.0277301395003884,0.920064159468525,"TreeMovement"
"TreeMovement","Murray",2023-05-17 12:26:05.654402,0.0860730955839652,0.01313721001221,0.0524092704799227,0.848380423923902,"TreeMovement"
"TreeMovement","Murray",2023-05-17 12:26:07.641598,0.0515198921448921,0.0185580738705739,0.0271335304134417,0.902788503571092,"TreeMovement"
"TreeMovement","Murray",2023-05-17 12:26:09.715203,0.0712528692666404,0.0314258136285575,0.0502913458951594,0.847029971209642,"TreeMovement"
"Stationary","Murray",2023-05-17 12:26:11.702398,0.177928218806117,0.00465379527879528,0.484820655319153,0.332597330595934,"Stationary"
"Stationary","Murray",2023-05-17 12:26:13.862405,0.174573830414969,0.00628752035002035,0.548032519972225,0.271106129262786,"Stationary"
"Stationary","Murray",2023-05-17 12:26:15.936,0.132527541251261,0.00401086182336182,0.544361125979742,0.319100470945636,"Stationary"
"Stationary","Murray",2023-05-17 12:26:17.923195,0.278440735592069,0.0210518126295565,0.422455363800421,0.278052087977954,"Stationary"
"Stationary","Murray",2023-05-17 12:26:19.9104,0.225990078782818,0.00660612535612536,0.467204308289399,0.300199487571658,"Stationary"
"Stationary","Murray",2023-05-17 12:26:21.983996,0.149765153008905,0.00186393467643468,0.562340732587457,0.286030179727203,"Stationary"
"Stationary","Murray",2023-05-17 12:26:23.971201,0.244136487151193,0.0165045024420024,0.403589292651793,0.335769717755012,"Stationary"
"TreeMovement","Murray",2023-05-17 12:26:26.131198,0.0627143111518112,0.0162326156228595,0.0515790343915344,0.869474038833795,"TreeMovement"
"TreeMovement","Murray",2023-05-17 12:26:28.118403,0.0497892229961902,0.0177999084249084,0.0431012862365321,0.88930958234237,"TreeMovement"
"TreeMovement","Murray",2023-05-17 12:26:30.105598,0.102476245264707,0.04251628001628,0.0661515533636509,0.788855921355362,"TreeMovement"
"TreeMovement","Murray",2023-05-17 12:26:32.179204,0.0923930926451088,0.0486969627594627,0.0570085289058001,0.801901415689628,"TreeMovement"
"Stationary","Murray",2023-05-17 12:26:34.166399,0.127575285300965,0.00330687830687831,0.652280643760201,0.216837192631956,"Stationary"
"Stationary","Murray",2023-05-17 12:26:36.240004,0.129277456127478,0.00326299857549858,0.630837552010839,0.236621993286184,"Stationary"
"Stationary","Murray",2023-05-17 12:26:38.227199,0.075741040921233,0.000585063085063085,0.798361149454621,0.125312746539084,"Stationary"
"Stationary","Murray",2023-05-17 12:26:40.214404,0.123493649383712,0.00365918803418803,0.662657574453759,0.210189588128341,"Stationary"
"Stationary","Murray",2023-05-17 12:26:41.942397,0.229737617293973,0.0128961894586895,0.452312254865075,0.305053938382262,"Stationary"
"TreeMovement","Murray",2023-05-17 12:26:44.016003,0.155931438630781,0.0178565069190069,0.108331574114555,0.717880480335657,"TreeMovement"
"TreeMovement","Murray",2023-05-17 12:26:46.003198,0.223462771983498,0.0712555962555963,0.11643312333903,0.588848508421876,"TreeMovement"
"TreeMovement","Murray",2023-05-17 12:26:47.990403,0.0859412968670045,0.207091982091982,0.0579387147987475,0.649028006242266,"TreeMovement"
"TreeMovement","Murray",2023-05-17 12:26:50.063999,0.0904674375117487,0.02112043613568,0.0494841494581396,0.838927976894432,"TreeMovement"
"TreeMovement","Murray",2023-05-17 12:26:52.051204,0.0597387566137566,0.0940129371531811,0.0356494778369778,0.810598828396085,"TreeMovement"
"TreeMovement","Murray",2023-05-17 12:26:54.038399,0.109990857759166,0.0241631054131054,0.110121874822278,0.75572416200545,"TreeMovement"
"Stationary","Murray",2023-05-17 12:26:56.8032,0.179756258443419,0.00749580280830281,0.575284721355063,0.237463217393215,"Stationary"
"Stationary","Murray",2023-05-17 12:26:58.876796,0.223366546508381,0.0242305726680727,0.444563471062795,0.30783940976075,"Stationary"
"Stationary","Murray",2023-05-17 12:27:00.864001,0.158114042618894,0.00246016815310294,0.599890741970402,0.239535047257601,"Stationary"
"Stationary","Murray",2023-05-17 12:27:02.851196,0.130877940576214,0.00181486960333114,0.723555410488076,0.143751779332379,"Stationary"
"Stationary","Murray",2023-05-17 12:27:04.924801,0.0895837671260451,0.00232244607244607,0.675784728130912,0.232309058670597,"Stationary"
"Stationary","Murray",2023-05-17 12:27:06.911996,0.117566128645704,0.00449389138413529,0.599580558199585,0.278359421770576,"Stationary"
"Stationary","Murray",2023-05-17 12:27:08.899201,0.119649629436902,0.00354090354090354,0.635839310757871,0.240970156264323,"Stationary"
"Stationary","Murray",2023-05-17 12:27:10.972797,0.105094052907853,0.00178507834757835,0.676846615993303,0.216274252751266,"Stationary"
"Stationary","Murray",2023-05-17 12:27:12.960002,0.117653905437635,0.000801282051282051,0.67886158800953,0.202683224501553,"Stationary"
"Stationary","Murray",2023-05-17 12:27:14.947197,0.103275601818065,0.000956450956450956,0.67164921734898,0.224118729876505,"Stationary"
"Stationary","Murray",2023-05-17 12:27:17.020803,0.134599196048528,0.0203888703888704,0.61066064006144,0.234351293501162,"Stationary"
"Stationary","Murray",2023-05-17 12:27:19.007998,0.153312653044383,0.00236541337084815,0.676906916683513,0.167415016901257,"Stationary"
