"true_class","ID","Time","Foraging","Locomotion","Stationary","TreeMovement","predicted_class"
"Foraging","Elsa",2022-11-03 13:30:19.7856,0.495575141852888,0.00479361546607586,0.0492295975734295,0.450401645107606,"Foraging"
"Foraging","Elsa",2022-11-03 13:30:21.772805,0.91828025494264,0.00903557527110965,0.00691939785549751,0.0657647719307531,"Foraging"
"Foraging","Elsa",2022-11-03 13:30:23.76,0.939575498564681,0.00861416777005613,0.00968031659045808,0.0421300170748041,"Foraging"
"TreeMovement","Elsa",2022-11-03 13:30:25.660804,0.109965475176195,0.0584622165836188,0.0266936471071087,0.804878661133078,"TreeMovement"
"TreeMovement","Elsa",2022-11-03 13:33:46.972798,0.109820658194068,0.00448332329791575,0.0348288690287425,0.850867149479274,"TreeMovement"
"TreeMovement","Elsa",2022-11-03 13:33:48.960003,0.167611935319359,0.0286234725414377,0.0284439392740239,0.77532065286518,"TreeMovement"
"TreeMovement","Elsa",2022-11-03 13:33:55.526403,0.156561698107101,3.66497861393923e-05,0.0432781905053466,0.800123461601413,"TreeMovement"
"TreeMovement","Elsa",2022-11-03 13:33:57.513598,0.169100409267169,0.00920844517442306,0.0406005742608959,0.781090571297512,"TreeMovement"
"TreeMovement","Elsa",2022-11-03 13:33:59.500803,0.0773714917445891,0.0102136409365819,0.019299959504622,0.893114907814207,"TreeMovement"
"TreeMovement","Elsa",2022-11-03 13:34:01.401597,0.111616902165052,0.0034518430743641,0.0301344882173356,0.854796766543248,"TreeMovement"
"TreeMovement","Elsa",2022-11-03 13:34:03.388803,0.0747241335949605,0.00774233401271761,0.0400759746757968,0.877457557716525,"TreeMovement"
"TreeMovement","Elsa",2022-11-03 13:34:05.375998,0.0430897039997625,0.00220010907391471,0.0151455478504083,0.939564639075914,"TreeMovement"
"TreeMovement","Elsa",2022-11-03 13:34:07.363203,0.0643427977240311,0.0114382777777189,0.0151680226218845,0.909050901876365,"TreeMovement"
"TreeMovement","Elsa",2022-11-03 13:34:09.350398,0.179909253172914,0.00443573059442266,0.151187719182221,0.664467297050443,"TreeMovement"
"TreeMovement","Elsa",2022-11-03 13:34:11.251202,0.0989773757227097,0.0120218195439434,0.353380568915695,0.535620235817652,"TreeMovement"
"TreeMovement","Elsa",2022-11-03 13:34:13.238397,0.126598077816904,0.0022388282260615,0.0550056412343276,0.816157452722707,"TreeMovement"
"TreeMovement","Elsa",2022-11-03 13:34:15.225602,0.0947412285304339,0.00534661208658276,0.0284280315252213,0.871484127857762,"TreeMovement"
"TreeMovement","Elsa",2022-11-03 13:34:17.212797,0.172498185197598,0.00674221996712408,0.061213932226118,0.759545662609161,"TreeMovement"
"TreeMovement","Elsa",2022-11-03 13:34:19.200002,0.250413269919887,0.000576893746320195,0.0588444130945351,0.690165423239258,"TreeMovement"
"TreeMovement","Elsa",2022-11-03 13:34:21.187197,0.201412075041375,0.0017601174766624,0.0804002775309524,0.716427529951011,"TreeMovement"
"Foraging","Elsa",2022-11-03 13:34:23.174402,0.456164599579976,0.00573382419250024,0.0929511616000697,0.445150414627455,"Foraging"
"Foraging","Elsa",2022-11-03 13:35:27.023996,0.489364765165665,0.000230224226290097,0.04499731878432,0.465407691823724,"Foraging"
"Foraging","Elsa",2022-11-03 13:35:29.011201,0.337210700466935,0.000463305232992113,0.0448347668314351,0.617491227468638,"TreeMovement"
"Foraging","Elsa",2022-11-03 13:35:30.911995,0.471285006259145,0.00109848290442363,0.0656705148868802,0.461945995949551,"Foraging"
"Foraging","Elsa",2022-11-03 13:35:32.8992,0.435735920802569,0.00419868957896414,0.0506211676128381,0.509444222005629,"TreeMovement"
"Foraging","Elsa",2022-11-03 13:35:34.886395,0.458163385341418,0.00155797262722518,0.0346133536308733,0.505665288400483,"TreeMovement"
"Foraging","Elsa",2022-11-03 13:35:36.8736,0.532422533468484,7.67505484374904e-05,0.0554167492925495,0.412083966690529,"Foraging"
"Foraging","Elsa",2022-11-03 13:35:38.860795,0.616775338837796,0.00518079441939853,0.0451693514092285,0.332874515333577,"Foraging"
"Foraging","Elsa",2022-11-03 13:35:40.848,0.58585876981992,0.0183679715143923,0.122149319432454,0.273623939233233,"Foraging"
"Foraging","Elsa",2022-11-03 13:38:53.174396,0.517995800990419,0.00284431367929825,0.0827983951386959,0.396361490191587,"Foraging"
"Foraging","Elsa",2022-11-03 13:38:55.075201,0.446871019632727,0.00200733583948262,0.0579812932192104,0.49314035130858,"TreeMovement"
"Foraging","Elsa",2022-11-03 13:38:57.148796,0.406421125489724,0.0181097562248904,0.0736356522661373,0.501833466019248,"TreeMovement"
"Foraging","Elsa",2022-11-03 13:38:59.049601,0.415095614930367,0.00156027421981572,0.0691251224367809,0.514218988413037,"TreeMovement"
"Foraging","Elsa",2022-11-03 13:39:01.036796,0.387945978555414,0.000166471469685654,0.0276355782393844,0.584251971735516,"TreeMovement"
"Foraging","Elsa",2022-11-03 13:39:02.8512,0.494682105805898,0.00173377648223871,0.0486838888662572,0.454900228845606,"Foraging"
"Foraging","Elsa",2022-11-03 13:39:04.838405,0.400987768448253,0.000355650233682648,0.108453741492234,0.490202839825831,"TreeMovement"
"Foraging","Elsa",2022-11-03 13:39:06.912,0.487080234483176,0.00312130752005817,0.226829775583738,0.282968682413029,"Foraging"
"Foraging","Elsa",2022-11-03 13:39:08.812805,0.499208595332008,0.0100946580044453,0.213632190544992,0.277064556118554,"Foraging"
"Foraging","Elsa",2022-11-03 13:39:10.8,0.499598060114279,0.00694966295181974,0.24029237634147,0.253159900592431,"Foraging"
"Foraging","Elsa",2022-11-03 13:39:12.787205,0.617594269218421,0.0141834087583428,0.157895405320815,0.210326916702422,"Foraging"
"Stationary","Elsa",2022-11-03 13:39:14.7744,0.174403303379097,0.0491525026923257,0.589393163182856,0.187051030745721,"Stationary"
"Stationary","Elsa",2022-11-03 13:40:54.998399,0.00361356932153392,0,0.989763309453575,0.00662312122489114,"Stationary"
"Stationary","Elsa",2022-11-03 13:40:58.972799,0.00708164050891438,0,0.989512466567341,0.00340589292374462,"Stationary"
"Stationary","Elsa",2022-11-03 13:41:02.947199,0.00147492625368732,0,0.998525073746313,0,"Stationary"
"Stationary","Elsa",2022-11-03 13:41:07.007999,0.00393313667649951,0,0.996066863323501,0,"Stationary"
"Stationary","Elsa",2022-11-03 13:41:10.895999,0.000455491931285789,0,0.998069581815027,0.00147492625368732,"Stationary"
"Stationary","Elsa",2022-11-03 13:41:14.783998,0.000493636575777702,0,0.999099487216308,0.000406876207913742,"Stationary"
"Stationary","Elsa",2022-11-03 13:41:18.585597,0.0215268998454839,0,0.974750667228543,0.00372243292597275,"Stationary"
"Stationary","Elsa",2022-11-03 13:41:22.559997,0.00358196375895491,0.000884955752212389,0.993984407922461,0.00154867256637168,"Stationary"
"Stationary","Elsa",2022-11-03 13:41:26.447997,0.000421407501053519,0,0.999578592498946,0,"Stationary"
"Stationary","Elsa",2022-11-03 13:41:30.335996,0.0106756566933558,0.00206489675516224,0.987259446551482,0,"Stationary"
"Stationary","Elsa",2022-11-03 13:41:34.223995,0.00729599607788051,0.00117994100294985,0.983622311366482,0.00790175155268767,"Stationary"
"Stationary","Elsa",2022-11-03 13:41:38.112005,0,0,1,0,"Stationary"
"Stationary","Elsa",2022-11-03 13:41:42.086395,0,0,1,0,"Stationary"
"Stationary","Elsa",2022-11-03 13:41:46.060795,0.0053834808259587,0,0.988713302430116,0.00590321674392471,"Stationary"
"Stationary","Elsa",2022-11-03 13:41:49.862404,0.0104027058217584,0.00117994100294985,0.982317118689608,0.00610023448568387,"Stationary"
"Stationary","Elsa",2022-11-03 13:41:53.836804,0,0,1,0,"Stationary"
"Stationary","Elsa",2022-11-03 13:41:57.811204,0.00147492625368732,0,0.998525073746313,0,"Stationary"
"Stationary","Elsa",2022-11-03 13:42:01.785604,0.0108371962354263,0.000884955752212389,0.983287680854052,0.00499016715830875,"Stationary"
"Stationary","Elsa",2022-11-03 13:42:05.760004,0.10904996280198,0.00359718125204851,0.849928518251251,0.0374243376947207,"Stationary"
"Stationary","Elsa",2022-11-03 13:42:29.174402,0.00492943490080398,0,0.986835560182775,0.00823500491642084,"Stationary"
"Stationary","Elsa",2022-11-03 13:42:33.148802,0.00748652222561286,0.00412979351032448,0.98325704404435,0.00512664021971315,"Stationary"
"Stationary","Elsa",2022-11-03 13:42:37.123202,0.0231060073980428,0.00927096502317741,0.9570222877745,0.0106007398042796,"Stationary"
"Stationary","Elsa",2022-11-03 13:42:41.011201,0,0.00210703750526759,0.994574378423936,0.00331858407079646,"Stationary"
"Stationary","Elsa",2022-11-03 13:42:44.985601,0.00393313667649951,0,0.996066863323501,0,"Stationary"
"Stationary","Elsa",2022-11-03 13:42:48.960001,0.00699770567027204,0,0.993002294329728,0,"Stationary"
"Stationary","Elsa",2022-11-03 13:42:52.934402,0.000737463126843658,0,0.999262536873156,0,"Stationary"
"Stationary","Elsa",2022-11-03 13:42:56.736,0,0.00210703750526759,0.997892962494732,0,"Stationary"
"Stationary","Elsa",2022-11-03 13:43:00.796801,0.0051622418879056,0.00294985250737463,0.99188790560472,0,"Stationary"
"Stationary","Elsa",2022-11-03 13:43:04.6848,0.000737463126843658,0,0.997050147492625,0.00221238938053097,"Stationary"
"Stationary","Elsa",2022-11-03 13:43:08.6592,0.00180268764339561,0,0.99695650138128,0.00124081097532425,"Stationary"
"Stationary","Elsa",2022-11-03 13:43:12.6336,0.00823500491642085,0,0.991764995083579,0,"Stationary"
"Stationary","Elsa",2022-11-03 13:43:16.608001,0.0265116961238773,0.00412979351032448,0.947768902584103,0.0215896077816952,"Stationary"
"Stationary","Elsa",2022-11-03 13:43:20.582401,0,0,1,0,"Stationary"
"Stationary","Elsa",2022-11-03 13:43:24.4704,0.00250737463126844,0,0.996755162241888,0.000737463126843658,"Stationary"
"Stationary","Elsa",2022-11-03 13:43:28.3584,0,0,1,0,"Stationary"
"Stationary","Elsa",2022-11-03 13:43:32.3328,0.00578498852835136,0,0.991885564451936,0.00232944701971251,"Stationary"
"Stationary","Elsa",2022-11-03 13:43:36.3072,0,0,1,0,"Stationary"
"Stationary","Elsa",2022-11-03 13:43:40.195199,0,0,1,0,"Stationary"
"Stationary","Elsa",2022-11-03 13:43:44.083199,0,0.00294985250737463,0.997050147492625,0,"Stationary"
"Foraging","Elsa",2022-11-03 13:43:48.057599,0.614102132034975,0.0586107599381936,0.167676628649366,0.159610479377465,"Foraging"
"Foraging","Elsa",2022-11-03 13:43:51.599996,0.796107683234571,0.0378716580044014,0.0931456597385774,0.0728749990224499,"Foraging"
"Foraging","Elsa",2022-11-03 13:43:53.587201,0.650752187255434,0.0172351247572487,0.165978453630539,0.166034234356778,"Foraging"
"Foraging","Elsa",2022-11-03 13:43:55.488005,0.633991260023708,0.0413128333482316,0.163040559353244,0.161655347274816,"Foraging"
"Foraging","Elsa",2022-11-03 13:43:57.4752,0.466931753230854,0.0113838554104041,0.371654517901876,0.150029873456866,"Foraging"
"Stationary","Elsa",2022-11-03 13:44:06.287997,0.0175492812660954,0.00838600927096502,0.968726881116262,0.0053378283466779,"Stationary"
"Stationary","Elsa",2022-11-03 13:44:10.262397,0.00463782366437234,0.00152760219131901,0.993097111017465,0.000737463126843658,"Stationary"
"Stationary","Elsa",2022-11-03 13:44:14.150396,0.0152736807604064,0.00505689001264223,0.973327246336096,0.00634218289085546,"Stationary"
"Stationary","Elsa",2022-11-03 13:44:18.124796,0,0.00147492625368732,0.998525073746313,0,"Stationary"
"Stationary","Elsa",2022-11-03 13:44:22.099196,0.0186051411715129,0.0103244837758112,0.961848574237955,0.00922180081472117,"Stationary"
"Stationary","Elsa",2022-11-03 13:44:25.987196,0.00147492625368732,0,0.997050147492625,0.00147492625368732,"Stationary"
"Stationary","Elsa",2022-11-03 13:44:29.961596,0.00964320831577469,0,0.984424310530505,0.00593248115372009,"Stationary"
"Stationary","Elsa",2022-11-03 13:44:33.849595,0.000983284169124877,0.00147492625368732,0.997541789577188,0,"Stationary"
"Stationary","Elsa",2022-11-03 13:44:37.737605,0.00180268764339561,0,0.99721402818748,0.000983284169124877,"Stationary"
"Stationary","Elsa",2022-11-03 13:44:41.712005,0.00011568049048528,0.00117994100294985,0.998646538261322,5.78402452426398e-05,"Stationary"
"Stationary","Elsa",2022-11-03 13:44:45.513604,0.00282694198623402,0.00210703750526759,0.995066020508498,0,"Stationary"
"Stationary","Elsa",2022-11-03 13:44:49.488004,0.00294985250737463,0,0.997050147492625,0,"Stationary"
"Stationary","Elsa",2022-11-03 13:44:53.462404,0,0.00294985250737463,0.994690265486726,0.0023598820058997,"Stationary"
"Stationary","Elsa",2022-11-03 13:44:57.436804,0.00593248115372009,0.00206489675516224,0.992002622091118,0,"Stationary"
"Stationary","Elsa",2022-11-03 13:45:01.324803,0.00703750526759376,0.00737463126843658,0.980987498244135,0.00460036521983425,"Stationary"
"Stationary","Elsa",2022-11-03 13:45:05.299203,0,0,0.999578592498947,0.000421407501053519,"Stationary"
"Stationary","Elsa",2022-11-03 13:45:09.187203,0.000983284169124877,0,0.999016715830875,0,"Stationary"
"Stationary","Elsa",2022-11-03 13:45:13.161603,0,0,1,0,"Stationary"
"Stationary","Elsa",2022-11-03 13:45:17.049603,0,0,0.999157184997893,0.000842815002107037,"Stationary"
"Stationary","Elsa",2022-11-03 13:45:21.024003,0.00250737463126844,0,0.996755162241888,0.000737463126843658,"Stationary"
"Stationary","Elsa",2022-11-03 13:45:24.998403,0.00379266750948167,0,0.995785924989465,0.000421407501053519,"Stationary"
"Stationary","Elsa",2022-11-03 13:45:28.972803,0.00324483775811209,0.00294985250737463,0.991150442477876,0.00265486725663717,"Stationary"
"Stationary","Elsa",2022-11-03 13:45:32.860802,0,0,1,0,"Stationary"
"Stationary","Elsa",2022-11-03 13:45:36.835202,0.000294985250737463,0.00294985250737463,0.996755162241888,0,"Stationary"
"Stationary","Elsa",2022-11-03 13:45:40.809602,0.00294985250737463,0,0.997050147492625,0,"Stationary"
"Stationary","Elsa",2022-11-03 13:45:44.697602,0,0.00147492625368732,0.997682258744206,0.000842815002107037,"Stationary"
"Stationary","Elsa",2022-11-03 13:45:48.672002,0.0015802781289507,0.00294985250737463,0.995469869363675,0,"Stationary"
"Stationary","Elsa",2022-11-03 13:45:52.560001,0,0,1,0,"Stationary"
"Stationary","Elsa",2022-11-03 13:45:56.534401,0.000294985250737463,0,0.999705014749262,0,"Stationary"
"Stationary","Elsa",2022-11-03 13:46:00.508801,0.00127826941986234,0,0.997878915578031,0.000842815002107037,"Stationary"
"Stationary","Elsa",2022-11-03 13:46:04.483202,0,0.00294985250737463,0.997050147492625,0,"Stationary"
"Stationary","Elsa",2022-11-03 13:46:08.371201,0.0146965865992415,0.00147492625368732,0.983091024020227,0.000737463126843658,"Stationary"
"Stationary","Elsa",2022-11-03 13:46:12.345601,0,0,1,0,"Stationary"
"Stationary","Elsa",2022-11-03 13:46:16.320001,0,0,1,0,"Stationary"
"Stationary","Elsa",2022-11-03 13:46:20.208001,0,0,1,0,"Stationary"
"Stationary","Elsa",2022-11-03 13:46:24.182401,0.000491642084562438,0,0.999508357915437,0,"Stationary"
"Stationary","Elsa",2022-11-03 13:46:28.0704,0.00324483775811209,0.00294985250737463,0.992822025565388,0.000983284169124877,"Stationary"
"Stationary","Elsa",2022-11-03 13:46:32.0448,0,0,1,0,"Stationary"
"Stationary","Elsa",2022-11-03 13:46:36.0192,0.000737463126843658,0,0.999262536873156,0,"Stationary"
"Stationary","Elsa",2022-11-03 13:46:39.9072,0.0015906067441726,0.00412979351032448,0.992894325871942,0.00138527387356122,"Stationary"
"Stationary","Elsa",2022-11-03 13:46:43.8816,0.00771409842206302,0.00294985250737463,0.986976167064663,0.0023598820058997,"Stationary"
"Stationary","Elsa",2022-11-03 13:46:47.769599,0.00184365781710914,0.00147492625368732,0.99381584492204,0.00286557100716393,"Stationary"
"Stationary","Elsa",2022-11-03 13:46:51.657598,0.00302008709088355,0,0.994100294985251,0.00287961792386571,"Stationary"
"Stationary","Elsa",2022-11-03 13:46:55.545598,0.00251908039518659,0,0.995047291286229,0.00243362831858407,"Stationary"
"Stationary","Elsa",2022-11-03 13:46:59.519998,0.00226155358898722,0.00294985250737463,0.991215994755818,0.00357259914782039,"Stationary"
"Stationary","Elsa",2022-11-03 13:47:03.407998,0,0.00294985250737463,0.996333754740834,0.000716392751790982,"Stationary"
"Stationary","Elsa",2022-11-03 13:47:07.382398,0,0,1,0,"Stationary"
"Stationary","Elsa",2022-11-03 13:47:11.270397,0.00491642084562439,0.00505689001264223,0.986585194549796,0.00344149459193707,"Stationary"
"Stationary","Elsa",2022-11-03 13:47:15.331198,0.00222409514444913,0.00117994100294985,0.991960481341012,0.00463548251158871,"Stationary"
"Stationary","Elsa",2022-11-03 13:47:19.219197,0,0,1,0,"Stationary"
"Stationary","Elsa",2022-11-03 13:47:23.107197,0.00462962962962963,0,0.994387086201245,0.000983284169124877,"Stationary"
"Stationary","Elsa",2022-11-03 13:47:27.081597,0,0,1,0,"Stationary"
"Stationary","Elsa",2022-11-03 13:47:33.647996,0.0096361848574238,0.000421407501053519,0.989942407641523,0,"Stationary"
"Stationary","Elsa",2022-11-03 13:47:37.622396,0.00294985250737463,0.00294985250737463,0.992625368731563,0.00147492625368732,"Stationary"
"Stationary","Elsa",2022-11-03 13:47:41.510396,0.000294985250737463,0,0.998862199747156,0.000842815002107037,"Stationary"
"Stationary","Elsa",2022-11-03 13:47:45.398396,0.00108863604438826,0.00270403146509341,0.996207332490518,0,"Stationary"
"Stationary","Elsa",2022-11-03 13:47:49.372796,0,0,1,0,"Stationary"
"Stationary","Elsa",2022-11-03 13:47:53.347196,0.00147492625368732,0,0.998525073746313,0,"Stationary"
"Stationary","Elsa",2022-11-03 13:47:57.407996,0.00577328276443321,0,0.994226717235567,0,"Stationary"
"Foraging","Elsa",2022-11-03 13:48:01.295996,0.683092444910371,0.0198904340497261,0.154819498274859,0.142197622765044,"Foraging"
"Foraging","Elsa",2022-11-03 13:53:02.659197,0.515912759518497,0.00118955417708728,0.236666425280874,0.246231261023542,"Foraging"
"Foraging","Elsa",2022-11-03 13:53:04.646402,0.818612823814691,0.0232827644332069,0.0401185538087198,0.117985857943382,"Foraging"
"Foraging","Elsa",2022-11-03 13:53:06.633597,0.933895338416309,0.0281358702563604,0.0193839787326778,0.0185848125946528,"Foraging"
"Foraging","Elsa",2022-11-03 13:53:08.620802,0.90776519886641,0.0267089376347375,0.0283660202633628,0.0371598432354898,"Foraging"
"Foraging","Elsa",2022-11-03 13:53:10.607997,0.912134422508676,0.020804550314421,0.0367578600706404,0.0303031671062622,"Foraging"
"Foraging","Elsa",2022-11-03 13:53:12.508802,0.948038280346861,0.0105666891916041,0.0188600097573814,0.0225350207041529,"Foraging"
"Foraging","Elsa",2022-11-03 13:53:14.495997,0.963770501643454,0.0161105389832415,0.0119765936574114,0.0081423657158929,"Foraging"
"Foraging","Elsa",2022-11-03 13:53:16.483202,0.572958256192911,0.013721532195791,0.109714294241459,0.303605917369839,"Foraging"
"Foraging","Elsa",2022-11-03 13:53:18.470397,0.417328156218313,0.00113789765057202,0.22440612798605,0.357127818145064,"Foraging"
"TreeMovement","Elsa",2022-11-03 13:53:20.457602,0.144062164794498,0.000329005678614109,0.030271210355648,0.82533761917124,"TreeMovement"
"TreeMovement","Elsa",2022-11-03 13:53:22.358396,0.240947930791173,0.00982817451575515,0.071015128299011,0.678208766394061,"TreeMovement"
"TreeMovement","Elsa",2022-11-03 13:53:24.345601,0.165035168041312,0.00283113273079659,0.138189060325103,0.693944638902788,"TreeMovement"
"TreeMovement","Elsa",2022-11-03 13:53:26.332796,0.153575737307792,0.000142050995479415,0.0793782638302431,0.766903947866486,"TreeMovement"
"TreeMovement","Elsa",2022-11-03 13:53:28.320002,0.144013799752541,0.000126748048562484,0.150865014896874,0.704994437302023,"TreeMovement"
"TreeMovement","Elsa",2022-11-03 13:53:30.307197,0.175716642142885,0.00316553300378972,0.205308321915411,0.615809502937914,"TreeMovement"
"TreeMovement","Elsa",2022-11-03 13:53:32.294402,0.179699816315247,0.00696262241441561,0.237140250959672,0.576197310310666,"TreeMovement"
"TreeMovement","Elsa",2022-11-03 13:53:34.195196,0.174015808842961,0.00124027889514615,0.102093197867521,0.722650714394372,"TreeMovement"
"TreeMovement","Elsa",2022-11-03 13:53:36.182401,0.138547263084763,0.0187567241751456,0.080158141636498,0.762537871103594,"TreeMovement"
"TreeMovement","Elsa",2022-11-03 13:53:38.169596,0.150599615177359,0.00117131941669961,0.0729992835682984,0.775229781837643,"TreeMovement"
"TreeMovement","Elsa",2022-11-03 13:53:40.156801,0.158872027623491,0.000262282621774256,0.0617439569470561,0.779121732807679,"TreeMovement"
"TreeMovement","Elsa",2022-11-03 13:53:42.143996,0.134673283767868,0.00025804191006293,0.0693085082240742,0.795760166097994,"TreeMovement"
"TreeMovement","Elsa",2022-11-03 13:53:44.131201,0.207924508821086,0.0114917095911871,0.11423065732588,0.666353124261847,"TreeMovement"
"Foraging","Elsa",2022-11-03 14:05:50.755202,0.734704446208277,0.0221453216781237,0.0931016873191081,0.150048544794491,"Foraging"
"Foraging","Elsa",2022-11-03 14:05:52.742397,0.938459261319199,0.0073288748918429,0.026460668685474,0.0277511951034833,"Foraging"
"Foraging","Elsa",2022-11-03 14:05:54.643201,0.74865824057471,0.0562903332424415,0.0942938929253726,0.100757533257475,"Foraging"
"Foraging","Elsa",2022-11-03 14:05:56.630396,0.907356613914992,0.0190546425059699,0.0505826503402313,0.0230060932388069,"Foraging"
"Foraging","Elsa",2022-11-03 14:05:58.617602,0.809260042456152,0.0403052863229854,0.127434787301799,0.0229998839190631,"Foraging"
"Foraging","Elsa",2022-11-03 14:06:00.604797,0.622097204663576,0.0494346116027532,0.26502575268062,0.0634424310530505,"Foraging"
"Foraging","Elsa",2022-11-03 14:45:59.241595,0.808839295066184,0.0175521610276483,0.0721836770656428,0.101424866840525,"Foraging"
"Foraging","Elsa",2022-11-03 14:46:01.2288,0.917171032684272,0.0102823430257059,0.0327829618199898,0.039763662470032,"Foraging"
"Foraging","Elsa",2022-11-03 14:46:03.215995,0.778634609108487,0.0224316514990443,0.0345354533603534,0.164398286032115,"Foraging"
"Foraging","Elsa",2022-11-03 14:46:05.2032,0.435861615472876,0.000294985250737463,0.168849185512265,0.394994213764121,"Foraging"
"Foraging","Elsa",2022-11-03 14:46:07.104005,0.53862091688,0.047515717648461,0.205383539429555,0.208479826041985,"Foraging"
"Foraging","Elsa",2022-11-03 14:47:03.091198,0.654938409181609,0.00131104555883317,0.074742563613191,0.269007981646367,"Foraging"
"Foraging","Elsa",2022-11-03 14:47:05.078403,0.965029160490309,0.00267232200520151,0.0203984717081989,0.0119000457962905,"Foraging"
"Foraging","Elsa",2022-11-03 14:47:06.979198,0.940820521734655,0.00445755490003278,0.0413506831978567,0.013371240167455,"Foraging"
"Foraging","Elsa",2022-11-03 14:47:08.966403,0.51498852271613,0.00023482876892838,0.0685381724111409,0.416238476103801,"Foraging"
"Foraging","Elsa",2022-11-03 14:47:10.953598,0.471507824458616,0.000133478481271618,0.0920886170428207,0.436270080017292,"Foraging"
"Foraging","Elsa",2022-11-03 14:47:12.940803,0.505606615044672,0.0143781480876695,0.134541488558369,0.34547374830929,"Foraging"
"TreeMovement","Elsa",2022-11-03 14:47:14.927998,0.231959741030538,0.0500983284169125,0.131526216481969,0.586415714070582,"TreeMovement"
"TreeMovement","Elsa",2022-11-03 14:58:53.299195,0.239349306119372,0.00586692887577843,0.153818051928867,0.600965713075982,"TreeMovement"
"TreeMovement","Elsa",2022-11-03 14:58:55.2864,0.127248283184847,7.93090685702184e-05,0.108474304007549,0.764198103739033,"TreeMovement"
"TreeMovement","Elsa",2022-11-03 14:58:57.273595,0.146941166233871,0.00357050443217188,0.117923996528994,0.731564332804963,"TreeMovement"
"TreeMovement","Elsa",2022-11-03 14:58:59.1744,0.156700143754818,0.000237587801630652,0.118254191149333,0.724808077294219,"TreeMovement"
"TreeMovement","Elsa",2022-11-03 14:59:01.161605,0.186375909760642,0.00604719764011799,0.0419128509222433,0.765664041676996,"TreeMovement"
"TreeMovement","Elsa",2022-11-03 14:59:03.1488,0.126621970913332,5.17517983749935e-05,0.224787460113325,0.648538817174969,"TreeMovement"
"TreeMovement","Elsa",2022-11-03 14:59:05.136005,0.10031530922395,0.000409861939172494,0.0721766315665436,0.827098197270334,"TreeMovement"
"TreeMovement","Elsa",2022-11-03 14:59:07.1232,0.124284476054921,0.00507011793167939,0.10740679743649,0.76323860857691,"TreeMovement"
"TreeMovement","Elsa",2022-11-03 14:59:09.110405,0.101150807038161,0.00307142687477532,0.159097955204634,0.73667981088243,"TreeMovement"
"TreeMovement","Elsa",2022-11-03 14:59:11.0976,0.134651158481296,0.00553448518050288,0.172389116827148,0.687425239511054,"TreeMovement"
"TreeMovement","Elsa",2022-11-03 15:01:09.033603,0.183134198371117,0.030598813464353,0.133456284950711,0.652810703213819,"TreeMovement"
"TreeMovement","Elsa",2022-11-03 15:01:11.020798,0.231640705369381,0.000773785214328148,0.101760050963121,0.66582545845317,"TreeMovement"
"TreeMovement","Elsa",2022-11-03 15:01:13.008003,0.0915961563698055,0.000167049745541912,0.126906863266154,0.781329930618498,"TreeMovement"
"TreeMovement","Elsa",2022-11-03 15:01:14.908797,0.101694305222755,0.000167049745541912,0.0773290068653777,0.820809638166325,"TreeMovement"
"TreeMovement","Elsa",2022-11-03 15:01:16.896002,0.166230148364398,0.00243436852177295,0.130748000885803,0.700587482228026,"TreeMovement"
"TreeMovement","Elsa",2022-11-03 15:01:18.883197,0.113572913473454,0.000289771092834561,0.0747662714095329,0.811371044024178,"TreeMovement"
"TreeMovement","Elsa",2022-11-03 15:01:20.870402,0.0955310442601496,0.000244677443104402,0.0710043344549994,0.833219943841747,"TreeMovement"
"TreeMovement","Elsa",2022-11-03 15:01:22.771197,0.114785750071135,0.0020242971289349,0.15673218576781,0.72645776703212,"TreeMovement"
"TreeMovement","Elsa",2022-11-03 15:01:24.758402,0.132897317452744,0.000344982750862457,0.216556707807345,0.650200991989048,"TreeMovement"
"TreeMovement","Elsa",2022-11-03 15:04:02.265604,0.143077820231145,0.0157802934611466,0.171702464889953,0.669439421417756,"TreeMovement"
"TreeMovement","Elsa",2022-11-03 15:04:04.3392,0.13587188598406,0.00181368018133988,0.119295920531361,0.743018513303239,"TreeMovement"
"TreeMovement","Elsa",2022-11-03 15:04:06.240004,0.116772149553255,0.00113139479968846,0.0970727694623447,0.785023686184712,"TreeMovement"
"Foraging","Elsa",2022-11-03 15:04:08.227199,0.471552097553936,0.000204375746124974,0.116111634284362,0.412131892415577,"Foraging"
"Foraging","Elsa",2022-11-03 15:04:10.214404,0.612821635559929,0.0268420452048771,0.0750068543108755,0.285329464924318,"Foraging"
"Foraging","Elsa",2022-11-03 15:04:12.201599,0.806291597496083,0.0336798239453107,0.0638846674851481,0.0961439110734589,"Foraging"
"Foraging","Elsa",2022-11-03 15:04:14.188804,0.488012980964832,0.000642550967512487,0.0583026966953409,0.453041771372315,"Foraging"
"Foraging","Elsa",2022-11-03 15:04:16.089599,0.662400831335766,0.00123734713742653,0.0519513976548475,0.28441042387196,"Foraging"
"Foraging","Elsa",2022-11-03 15:04:18.163204,0.548689731738913,0.00520445499667127,0.091898893328752,0.354206919935663,"Foraging"
"Foraging","Elsa",2022-11-03 15:04:20.063999,0.564815893230954,0.00360259209816732,0.0707903548837822,0.360791159787096,"Foraging"
"TreeMovement","Elsa",2022-11-03 15:04:22.310396,0.120932189310005,0.00301039164909224,0.165038116635161,0.711019302405742,"TreeMovement"
"TreeMovement","Elsa",2022-11-03 15:04:24.297601,0.197929597854088,0.000173481277220687,0.0836834100635434,0.718213510805148,"TreeMovement"
"TreeMovement","Elsa",2022-11-03 15:04:26.198395,0.168888832597071,0.0135015546229592,0.0968624745233486,0.720747138256622,"TreeMovement"
"TreeMovement","Elsa",2022-11-03 15:04:28.1856,0.132234653641603,0.000173481277220687,0.0789903860771439,0.788601479004033,"TreeMovement"
"TreeMovement","Elsa",2022-11-03 15:04:30.172795,0.136757737842528,0.00302660305581212,0.198878562639481,0.661337096462179,"TreeMovement"
"TreeMovement","Elsa",2022-11-03 15:04:32.16,0.169532360285633,0.000271534605526703,0.0525228189917472,0.777673286117093,"TreeMovement"
"TreeMovement","Elsa",2022-11-03 15:04:34.060805,0.220763811723066,0.00796790315363788,0.0682312961321804,0.703036988991116,"TreeMovement"
"TreeMovement","Elsa",2022-11-03 15:04:36.048,0.112758895843943,0.000149385958072603,0.0890559221928768,0.798035796005108,"TreeMovement"
"TreeMovement","Elsa",2022-11-03 15:04:38.035205,0.217228164163998,0.00291132909923023,0.0683610881459365,0.711499418590835,"TreeMovement"
"TreeMovement","Elsa",2022-11-03 15:04:40.1088,0.480205849597043,0.00117057639181533,0.0518989090228028,0.466724664988339,"Foraging"
"TreeMovement","Elsa",2022-11-03 15:04:42.009605,0.171432085848273,0.0019674016299185,0.0669425989348609,0.759657913586948,"TreeMovement"
"TreeMovement","Elsa",2022-11-03 15:04:44.083201,0.130605723756612,0.00132817726882856,0.215343488153675,0.652722610820884,"TreeMovement"
"TreeMovement","Elsa",2022-11-03 15:04:46.070396,0.315590618157821,0.00209070027421215,0.113480384599337,0.56883829696863,"TreeMovement"
"TreeMovement","Elsa",2022-11-03 15:04:47.9712,0.162183056605189,0.000205485889805208,0.107161918945094,0.730449538559911,"TreeMovement"
"TreeMovement","Elsa",2022-11-03 15:04:49.958395,0.153399978950147,0.002326206651777,0.178109079786722,0.666164734611354,"TreeMovement"
"TreeMovement","Elsa",2022-11-03 15:05:45.081602,0.177448051843797,0.00129431481086007,0.149413275069399,0.671844358275943,"TreeMovement"
"TreeMovement","Elsa",2022-11-03 15:05:47.068797,0.259338462426586,0.0061123962616388,0.107469775802147,0.627079365509628,"TreeMovement"
"TreeMovement","Elsa",2022-11-03 15:05:48.969602,0.227343689576885,0.00228430677393583,0.106434591893724,0.663937411755455,"TreeMovement"
"TreeMovement","Elsa",2022-11-03 15:05:50.956797,0.144985143019178,0.00157669491142118,0.128782819147853,0.724655342921548,"TreeMovement"
"TreeMovement","Elsa",2022-11-03 15:05:52.944002,0.128497984861398,0.000963000095609255,0.265829967410042,0.60470904763295,"TreeMovement"
"TreeMovement","Elsa",2022-11-03 15:05:54.931197,0.218270379274901,0.000346737049112457,0.0693583441106779,0.712024539565308,"TreeMovement"
"TreeMovement","Elsa",2022-11-03 15:05:56.918402,0.237637872450089,7.67505484374904e-05,0.0854347145479999,0.676850662453473,"TreeMovement"
"TreeMovement","Elsa",2022-11-03 15:05:58.819196,0.125916243612309,5.98238968085413e-05,0.0831005587410945,0.790923373749788,"TreeMovement"
"TreeMovement","Elsa",2022-11-03 15:06:00.806401,0.270461721373112,0.0262566669646316,0.0741846632441531,0.629096948418104,"TreeMovement"
"TreeMovement","Elsa",2022-11-03 15:06:02.707196,0.301230934724261,0.00229377652666243,0.113125754686709,0.583349534062368,"TreeMovement"
"TreeMovement","Elsa",2022-11-03 15:06:04.694401,0.194015059483311,0.00039673454923745,0.0623268420293516,0.7432613639381,"TreeMovement"
"Foraging","Elsa",2022-11-03 15:06:48.24,0.976285076343197,0.00344149459193707,0.0158370259501825,0.0044364031146839,"Foraging"
"Foraging","Elsa",2022-11-03 15:06:50.140805,0.926956023349418,0.0081015592077539,0.0230962039787184,0.0418462134641092,"Foraging"
"Foraging","Elsa",2022-11-03 15:06:52.214401,0.981037724274301,0.000607425250039273,0.0043217003877898,0.0140331500878702,"Foraging"
"Foraging","Elsa",2022-11-03 15:06:54.115195,0.848778965718498,0.0242122020883083,0.0550037463587407,0.072005085834453,"Foraging"
"Foraging","Elsa",2022-11-03 15:06:56.1024,0.373485797168762,0.000215757624153757,0.100078762557899,0.526219682649186,"TreeMovement"
"Foraging","Elsa",2022-11-03 15:06:58.089595,0.588557333687409,0.00262265809541077,0.113280376968379,0.295539631248802,"Foraging"
"TreeMovement","Elsa",2022-11-03 15:07:57.014401,0.177952932971564,0.0110853584304912,0.204034976822587,0.606926731775358,"TreeMovement"
"Foraging","Elsa",2022-11-03 15:07:59.001596,0.485492112476036,0.000204375746124974,0.169956821778734,0.344346689999105,"Foraging"
"Foraging","Elsa",2022-11-03 15:08:00.988801,0.47316893676826,0.00385955810434586,0.0608122762268118,0.462159228900583,"Foraging"
"Foraging","Elsa",2022-11-03 15:08:02.975996,0.524245419692952,0.0170775463627926,0.0840663965067104,0.374610637437545,"Foraging"
"Foraging","Elsa",2022-11-03 15:08:04.963201,0.773086376494867,0.0233682165098094,0.0968920077197603,0.106653399275563,"Foraging"
"Foraging","Elsa",2022-11-03 15:08:06.950396,0.929119639819313,0.0147738446411013,0.0293264300093392,0.0267800855302468,"Foraging"
"Foraging","Elsa",2022-11-03 15:08:08.937602,0.861722531909863,0.000713714314284286,0.0446567567308429,0.0929069970450099,"Foraging"
"Foraging","Elsa",2022-11-03 15:08:10.838396,0.490273001723293,0.00211690144423503,0.188161819059669,0.319448277772802,"Foraging"
"TreeMovement","Elsa",2022-11-03 15:08:13.603197,0.158257306135353,0.000708927257599824,0.235605514446203,0.605428252160843,"TreeMovement"
"TreeMovement","Elsa",2022-11-03 15:08:15.590402,0.185170503385784,0.0406365060241695,0.165707458056689,0.608485532533357,"TreeMovement"
"TreeMovement","Elsa",2022-11-03 15:08:17.577597,0.156935216089295,0.035200768599414,0.165778652471455,0.642085362839836,"TreeMovement"
"TreeMovement","Elsa",2022-11-03 15:08:19.564802,0.217875413408187,0.000516118594458689,0.0579301248421915,0.723678343155164,"TreeMovement"
"TreeMovement","Elsa",2022-11-03 15:08:21.551997,0.172097440313635,0.00687460377244136,0.0528469215238702,0.768181034390054,"TreeMovement"
"TreeMovement","Elsa",2022-11-03 15:08:23.452801,0.203877315652443,0.0357867458776449,0.0332044302768959,0.727131508193016,"TreeMovement"
"TreeMovement","Elsa",2022-11-03 15:08:25.439996,0.160804198036274,0.000284676721191964,0.055513297957212,0.783397827285321,"TreeMovement"
"TreeMovement","Elsa",2022-11-03 15:08:27.427202,0.15031982899238,0.000753612202550217,0.0484008670756627,0.800525691729407,"TreeMovement"
"TreeMovement","Elsa",2022-11-03 15:08:29.414397,0.154858688955172,0.0104837124972762,0.132879126056685,0.701778472490866,"TreeMovement"
"TreeMovement","Elsa",2022-11-03 15:08:31.401602,0.217575405769442,0.00543399179367208,0.190224111347265,0.586766491089621,"TreeMovement"
"TreeMovement","Elsa",2022-11-03 15:08:33.302396,0.138729020165758,0.0162842621713503,0.0968917728234289,0.748094944839463,"TreeMovement"
"TreeMovement","Elsa",2022-11-03 15:28:19.747198,0.17166508014752,0.0020040482570302,0.141656021489282,0.684674850106168,"TreeMovement"
"TreeMovement","Elsa",2022-11-03 15:28:21.648002,0.222889118138567,0.00397775973244993,0.0408446700380997,0.732288452090883,"TreeMovement"
"TreeMovement","Elsa",2022-11-03 15:28:23.635197,0.17637585594612,0.000275759665811559,0.0476327821783137,0.775715602209755,"TreeMovement"
"TreeMovement","Elsa",2022-11-03 15:28:25.622402,0.174021846640531,0.00415887024306651,0.076770897665575,0.745048385450828,"TreeMovement"
"TreeMovement","Elsa",2022-11-03 15:28:27.609597,0.100524076132149,0.000249388797955382,0.186918600108974,0.712307934960922,"TreeMovement"
"Foraging","Elsa",2022-11-03 15:28:29.596802,0.473994390062113,0.00679680593433115,0.118041273031514,0.401167530972042,"Foraging"
"Foraging","Elsa",2022-11-03 15:28:31.583997,0.91859765835714,0.000509096833126785,0.0294981950086051,0.0513950498011281,"Foraging"
"Foraging","Elsa",2022-11-03 15:28:33.484802,0.96806588743121,0.00414724825888883,0.0248538408564917,0.0029330234534095,"Foraging"
"Foraging","Elsa",2022-11-03 15:28:35.471997,0.546365747448931,0.00183164501448587,0.0785980777188851,0.373204529817698,"Foraging"
"Foraging","Elsa",2022-11-03 15:28:52.665597,0.890375084810417,0.00229710559219803,0.0195371027745908,0.0877907068227941,"Foraging"
"Foraging","Elsa",2022-11-03 15:28:54.652802,0.909538648655627,0.00475828913541643,0.0139753328086234,0.071727729400333,"Foraging"
"Foraging","Elsa",2022-11-03 15:28:56.639997,0.935343636319059,0.00992053102332204,0.0207863270509714,0.0339495056066478,"Foraging"
"TreeMovement","Elsa",2022-11-03 15:28:58.627202,0.187213306292127,0.00104492945022579,0.0617656609509525,0.749976103306694,"TreeMovement"
"TreeMovement","Elsa",2022-11-03 15:29:00.614397,0.163655879463276,0.000343235572895229,0.1214604288097,0.714540456154129,"TreeMovement"
"TreeMovement","Elsa",2022-11-03 15:29:02.601602,0.125273045822516,0.000765039205304692,0.175033508181844,0.698928406790335,"TreeMovement"
"TreeMovement","Elsa",2022-11-03 15:29:04.588797,0.167940847472539,0.0204875458114611,0.0861228230139037,0.725448783702096,"TreeMovement"
"Foraging","Elsa",2022-11-03 15:29:21.868798,0.868881705859189,0.0130049998157554,0.03978120386282,0.0783320904622349,"Foraging"
"Foraging","Elsa",2022-11-03 15:29:23.856003,0.978700087737834,0.00821148949127166,0.0033784684740397,0.00970995429685476,"Foraging"
"Foraging","Elsa",2022-11-03 15:29:25.843198,0.559062399636693,0.0350474802708516,0.110200307139931,0.295689812952524,"Foraging"
"Foraging","Elsa",2022-11-03 15:33:01.238399,0.718058876110195,0.0106850213044903,0.164817932430331,0.106438170154984,"Foraging"
"Foraging","Elsa",2022-11-03 15:33:03.139203,0.575763595837187,0.0111099405347193,0.297867988372473,0.115258475255621,"Foraging"
"Foraging","Elsa",2022-11-03 15:33:05.126398,0.509896878449394,0.000183076970553386,0.207649682541492,0.282270362038561,"Foraging"
"Foraging","Elsa",2022-11-03 15:33:07.113603,0.525002836774988,0.00319142447894417,0.0759775530700135,0.395828185676054,"Foraging"
"Foraging","Elsa",2022-11-03 15:33:09.100798,0.962245199189223,0.00216780358032911,0.0178594015325365,0.0177275956979119,"Foraging"
"Foraging","Elsa",2022-11-03 15:33:11.088003,0.947806866115764,0.00140117994100295,0.0210109501742145,0.0297810037690191,"Foraging"
"Foraging","Elsa",2022-11-03 15:33:12.988798,0.826830721990961,0.00395626175804272,0.0582212017294774,0.110991814521519,"Foraging"
"Foraging","Elsa",2022-11-03 15:33:14.976003,0.539167038765915,0.000126748048562484,0.0542178775535143,0.406488335632008,"Foraging"
"Foraging","Elsa",2022-11-03 15:33:16.963198,0.913550896158232,0.00904493988224417,0.0324311044606417,0.0449730594988816,"Foraging"
"Foraging","Elsa",2022-11-03 15:33:18.950403,0.918147392290694,0.000967962778718395,0.0520338149973653,0.0288508299332224,"Foraging"
"Foraging","Elsa",2022-11-03 15:33:20.937598,0.945631845902955,0.00031243999930181,0.0294114879088667,0.024644226188877,"Foraging"
"Foraging","Elsa",2022-11-03 15:33:22.924803,0.483546827599939,0.000910900664045537,0.0725043056638623,0.443037966072153,"Foraging"
"Foraging","Elsa",2022-11-03 15:33:32.860798,0.559492231919282,0.0100271968831487,0.0818382462079721,0.348642324989597,"Foraging"
"Foraging","Elsa",2022-11-03 15:33:34.848003,0.621025897432236,0.00101694443819443,0.0846300784146135,0.293327079714956,"Foraging"
"Foraging","Elsa",2022-11-03 15:33:41.759995,0.961290728863401,1.74547485643469e-05,0.0217748619204642,0.0169169544675709,"Foraging"
"Foraging","Elsa",2022-11-03 15:33:43.7472,0.987718867291997,1.74547485643469e-05,0.00478112158229067,0.00748255637714765,"Foraging"
"Foraging","Elsa",2022-11-03 15:33:45.734396,0.541394718439103,0.00161397024209242,0.119417848425094,0.337573462893711,"Foraging"
"Foraging","Elsa",2022-11-03 15:33:47.6352,0.493039158760661,0.0154225336513708,0.108674120663087,0.382864186924881,"Foraging"
"Foraging","Elsa",2022-11-03 15:33:49.622405,0.566750761923747,2.49987500624969e-05,0.0529153432437932,0.380308896082397,"Foraging"
"Foraging","Elsa",2022-11-03 15:33:51.6096,0.87190186192192,0.000294985250737463,0.0346769325360907,0.0931262202912515,"Foraging"
"Foraging","Elsa",2022-11-03 15:33:53.596795,0.633850151868849,0.000124131935962397,0.0595916745805522,0.306434041614636,"Foraging"
"Foraging","Elsa",2022-11-03 15:33:55.584,0.535772578457408,0.00268696649992928,0.134016817960077,0.327523637082586,"Foraging"
"Foraging","Elsa",2022-11-03 15:34:02.1504,0.691022699040411,0.0115721415187102,0.0495329246147532,0.247872234826125,"Foraging"
"Foraging","Elsa",2022-11-03 15:34:04.137605,0.946971309976597,0.0035643012157648,0.0135293540394552,0.0359350347681828,"Foraging"
"Foraging","Elsa",2022-11-03 15:34:06.1248,0.960900248800184,0.000754917875408005,0.0120478075236935,0.026297025800714,"Foraging"
"Foraging","Elsa",2022-11-03 15:34:08.112005,0.871454064473715,1.74547485643469e-05,0.0319661640957528,0.0965623166819682,"Foraging"
"Foraging","Elsa",2022-11-03 15:34:10.012799,0.561214299800215,0.00116237266322047,0.0817393254124053,0.355884002124159,"Foraging"
"Foraging","Elsa",2022-11-03 15:34:42.412805,0.464886662381027,0.00305512255335817,0.0594292175776297,0.472628997487985,"TreeMovement"
"Foraging","Elsa",2022-11-03 15:34:44.313599,0.773314991758162,0.00989946064826936,0.0298331222711735,0.186952425322395,"Foraging"
"Foraging","Elsa",2022-11-03 15:34:46.300804,0.605958683973095,0.00019289306667043,0.0877165890894975,0.306131833870737,"Foraging"
"Foraging","Elsa",2022-11-03 15:34:48.287999,0.684443527014361,0.0115968287645304,0.0405302245052415,0.263429419715867,"Foraging"
"Foraging","Elsa",2022-11-03 15:34:50.275204,0.573765828383095,0.000231704026061903,0.0566463399285418,0.369356127662302,"Foraging"
"Foraging","Elsa",2022-11-03 15:34:52.262399,0.625091070035778,0.00321531874609579,0.0650368665975506,0.306656744620576,"Foraging"
"Foraging","Elsa",2022-11-03 15:34:54.249604,0.657684009645226,0.000774952891151429,0.0530233701091451,0.288517667354478,"Foraging"
"Foraging","Elsa",2022-11-03 15:34:56.150399,0.664756874450172,0.00465470460812799,0.0607849983924703,0.26980342254923,"Foraging"
"Foraging","Elsa",2022-11-03 15:35:08.2464,0.683857998243921,0.00362751234092282,0.0574511960094359,0.25506329340572,"Foraging"
"Foraging","Elsa",2022-11-03 15:35:10.147205,0.887395913322283,0.00444223350962629,0.0195811780374705,0.0885806751306203,"Foraging"
"Foraging","Elsa",2022-11-03 15:35:12.1344,0.788444244043861,0.00178736625298913,0.020680711611802,0.189087678091348,"Foraging"
"Foraging","Elsa",2022-11-03 15:35:14.121605,0.491232392903622,0.139355588691872,0.0898557917445797,0.279556226659927,"Foraging"
"Foraging","Elsa",2022-11-03 15:42:40.204802,0.814085207241688,0.0157817109144543,0.100079607974032,0.0700534738698249,"Foraging"
"Foraging","Elsa",2022-11-03 15:42:42.191997,0.541788630639263,0.00555262091876911,0.0966367914088856,0.356021957033083,"Foraging"
"Foraging","Elsa",2022-11-03 15:45:36.9792,0.465492359986044,0.00664387235183695,0.226260580030689,0.30160318763143,"Foraging"
"Foraging","Elsa",2022-11-03 15:45:38.966405,0.883246291473343,0.00582947043124034,0.0661468567860496,0.0447773813093669,"Foraging"
"Foraging","Elsa",2022-11-03 15:45:40.9536,0.961512729138995,0.00621214501405107,0.010721039772339,0.0215540860746149,"Foraging"
"Foraging","Elsa",2022-11-03 15:45:42.940795,0.937213163695317,0.00288302575572827,0.0393347799855066,0.020569030563448,"Foraging"
"Foraging","Elsa",2022-11-03 15:45:44.928,0.452465870781741,0.00182504699443085,0.100855982270809,0.444853099953019,"Foraging"
"Foraging","Elsa",2022-11-03 15:45:46.828804,0.556634836855722,0.0112867992170307,0.12997798548161,0.302100378445637,"Foraging"
"Foraging","Elsa",2022-11-03 15:58:33.974402,0.880078026159536,0.0210668633235005,0.0797501395044068,0.0191049710125564,"Foraging"
"Foraging","Elsa",2022-11-03 15:58:35.961597,0.8650254493868,0.0112749918059653,0.0858499022876435,0.0378496565195912,"Foraging"
"Foraging","Elsa",2022-11-03 15:58:37.862401,0.568139893742518,0.0108880380613853,0.294209582162716,0.126762486033381,"Foraging"
"Foraging","Elsa",2022-11-03 15:58:39.849597,0.619529876022465,0.0280018649097254,0.147356916424565,0.205111342643245,"Foraging"
"Foraging","Elsa",2022-11-03 16:01:14.8512,0.689794976625438,0.0418808821463689,0.178388818654305,0.089935322573888,"Foraging"
"Foraging","Elsa",2022-11-03 16:01:16.838395,0.724852266899685,0.0546284590532378,0.171942454464578,0.0485768195824989,"Foraging"
"Locomotion","Elsa",2022-11-03 16:01:18.739199,0.0124795149131432,0.938243901296999,0.0114962307440184,0.0377803530458398,"Locomotion"
"Locomotion","Elsa",2022-11-03 19:45:07.199998,0,1,0,0,"Locomotion"
"Locomotion","Elsa",2022-11-03 19:45:07.199998,0.000368731563421829,0.999631268436578,0,0,"Locomotion"
"Locomotion","Elsa",2022-11-03 19:45:15.840003,0,0.993510324483776,0.00393313667649951,0.00255653883972468,"Locomotion"
"Locomotion","Elsa",2022-11-03 19:45:15.840003,0,1,0,0,"Locomotion"
"Locomotion","Elsa",2022-11-03 19:45:15.840003,0.00150770239265814,0.993552465233881,0.000842815002107037,0.00409701737135365,"Locomotion"
"Locomotion","Elsa",2022-11-03 19:45:24.479999,0.00530973451327434,0.989078522264363,0.000589970501474926,0.00502177272088777,"Locomotion"
"Locomotion","Elsa",2022-11-03 19:45:33.120004,0,0.997050147492625,0,0.00294985250737463,"Locomotion"
"Locomotion","Elsa",2022-11-03 19:45:33.120004,0,1,0,0,"Locomotion"
"Locomotion","Elsa",2022-11-03 19:45:33.120004,0,1,0,0,"Locomotion"
"Locomotion","Elsa",2022-11-03 19:45:33.120004,0,1,0,0,"Locomotion"
"Locomotion","Elsa",2022-11-03 19:45:33.120004,0.0208350891979211,0.966289741068502,0.00457929484478157,0.00829587488879524,"Locomotion"
"Locomotion","Elsa",2022-11-03 19:45:41.76,0,0.999262536873156,0,0.000737463126843658,"Locomotion"
"Locomotion","Elsa",2022-11-03 19:46:16.320001,0.00117994100294985,0.997787610619469,0,0.00103244837758112,"Locomotion"
"Locomotion","Elsa",2022-11-03 19:46:16.320001,0.00311373320222878,0.996230744018355,0.000655522779416585,0,"Locomotion"
"Locomotion","Elsa",2022-11-03 19:46:16.320001,0.00147492625368732,0.994690265486726,0.00147492625368732,0.0023598820058997,"Locomotion"
"Locomotion","Elsa",2022-11-03 19:46:24.959996,0,1,0,0,"Locomotion"
"Locomotion","Elsa",2022-11-03 19:46:24.959996,0.000589970501474926,0.999410029498525,0,0,"Locomotion"
"Locomotion","Elsa",2022-11-03 19:46:24.959996,0.0129711569977057,0.981842019010161,0.00518682399213373,0,"Locomotion"
"Locomotion","Elsa",2022-11-03 19:46:59.519998,0,1,0,0,"Locomotion"
"Locomotion","Elsa",2022-11-03 19:46:59.519998,0.00202275600505689,0.996965865992415,0.000421407501053519,0.000589970501474926,"Locomotion"
"Locomotion","Elsa",2022-11-03 19:46:59.519998,0.00618064334878494,0.988607950554853,0,0.00521140609636185,"Locomotion"
"Locomotion","Elsa",2022-11-03 19:46:59.519998,0,0.997345132743363,0.000294985250737463,0.0023598820058997,"Locomotion"
"Locomotion","Elsa",2022-11-03 19:47:08.160004,0.00206489675516224,0.99603408718453,0.00160603080957063,0.000294985250737463,"Locomotion"
"Locomotion","Elsa",2022-11-03 19:47:08.160004,0,0.996755162241888,0.00294985250737463,0.000294985250737463,"Locomotion"
"Locomotion","Elsa",2022-11-03 19:47:08.160004,0,1,0,0,"Locomotion"
"Locomotion","Elsa",2022-11-03 19:47:16.799999,0,1,0,0,"Locomotion"
"Locomotion","Elsa",2022-11-03 19:47:16.799999,0,1,0,0,"Locomotion"
"Locomotion","Elsa",2022-11-03 19:47:16.799999,0,1,0,0,"Locomotion"
"Locomotion","Elsa",2022-11-03 19:47:16.799999,0,1,0,0,"Locomotion"
"Locomotion","Elsa",2022-11-03 19:47:16.799999,0.0025811209439528,0.98783185840708,0.00958702064896755,0,"Locomotion"
"Locomotion","Elsa",2022-11-03 19:47:16.799999,0,0.999578592498947,0.000421407501053519,0,"Locomotion"
"Locomotion","Elsa",2022-11-03 19:47:16.799999,0,1,0,0,"Locomotion"
"Locomotion","Elsa",2022-11-03 19:47:16.799999,0.0015732546705998,0.992253125438966,0,0.00617361989043405,"Locomotion"
"Locomotion","Elsa",2022-11-03 19:47:25.440004,0.00567495434752072,0.992470852647844,0.000842815002107037,0.00101137800252844,"Locomotion"
"Locomotion","Elsa",2022-11-03 19:47:25.440004,0,0.993215339233038,0.0015732546705998,0.00521140609636185,"Locomotion"
"Locomotion","Elsa",2022-11-03 21:57:36.000003,0,0.999016715830875,0.000983284169124877,0,"Locomotion"
"Locomotion","Elsa",2022-11-03 21:57:44.639999,0,0.996755162241888,0.00294985250737463,0.000294985250737463,"Locomotion"
"Locomotion","Elsa",2022-11-03 21:57:53.280004,0,1,0,0,"Locomotion"
"Locomotion","Elsa",2022-11-03 21:57:53.280004,0.00353982300884956,0.991445427728613,0.00206489675516224,0.00294985250737463,"Locomotion"
"Locomotion","Elsa",2022-11-03 21:58:10.560005,0,1,0,0,"Locomotion"
"Locomotion","Elsa",2022-11-03 21:58:10.560005,0,1,0,0,"Locomotion"
"Locomotion","Elsa",2022-11-03 21:58:10.560005,0.00154867256637168,0.990774687456103,0,0.00767663997752493,"Locomotion"
"Locomotion","Elsa",2022-11-03 21:58:19.2,0.00744018354637824,0.977832794868193,0.00444819028889825,0.0102788312965304,"Locomotion"
"Locomotion","Elsa",2022-11-03 21:58:19.2,0.002015732546706,0.989538558786346,0.000737463126843658,0.00770824554010395,"Locomotion"
"Locomotion","Elsa",2022-11-03 21:58:36.480001,0,0.997050147492625,0.00294985250737463,0,"Locomotion"
"Locomotion","Elsa",2022-11-03 21:58:36.480001,0.00599100997331086,0.987830687830688,0.00239265814487053,0.00378564405113078,"Locomotion"
"Locomotion","Elsa",2022-11-03 21:58:45.119997,0.00278831296530412,0.986155593014,0.000421407501053519,0.0106346865196423,"Locomotion"
"Locomotion","Elsa",2022-11-03 21:59:11.040003,0.00263028515240905,0.994419862340216,0,0.00294985250737463,"Locomotion"
"Locomotion","Elsa",2022-11-03 21:59:11.040003,0.0165504603557701,0.935524865170883,0.0139626352015733,0.0339620392717738,"Locomotion"
"Locomotion","Elsa",2022-11-03 21:59:19.679998,0,1,0,0,"Locomotion"
"Locomotion","Elsa",2022-11-03 21:59:19.679998,0,0.998197312356604,0,0.00180268764339561,"Locomotion"
"Locomotion","Elsa",2022-11-03 21:59:19.679998,0.00147492625368732,0.997050147492625,0,0.00147492625368732,"Locomotion"
"Locomotion","Elsa",2022-11-03 21:59:28.320004,0.000491642084562438,0.996558505408063,0.00196656833824975,0.000983284169124877,"Locomotion"
"Locomotion","Elsa",2022-11-03 21:59:28.320004,0.00471976401179941,0.991192583227982,0.00320269700800674,0.000884955752212389,"Locomotion"
"Locomotion","Elsa",2022-11-03 21:59:45.600004,0,1,0,0,"Locomotion"
"Locomotion","Elsa",2022-11-03 21:59:54.24,0.00589970501474926,0.992133726647001,0.000737463126843658,0.0012291052114061,"Locomotion"
"Locomotion","Elsa",2022-11-03 22:00:11.52,0,1,0,0,"Locomotion"
"Locomotion","Elsa",2022-11-03 22:00:11.52,0.0038102261553589,0.989995083579155,0.00147492625368732,0.00471976401179941,"Locomotion"
"Foraging","Elsa",2022-11-03 22:00:20.159996,0.593077723755672,0.0201559518195892,0.0815874240739115,0.305178900350827,"Foraging"
"Foraging","Elsa",2022-11-03 23:10:08.659204,0.874681720676899,0.00344851805028796,0.0462474646141719,0.0756222966586412,"Foraging"
"Foraging","Elsa",2022-11-03 23:10:10.559999,0.919480754800515,0.0095448798988622,0.0238240206076926,0.0471503446929306,"Foraging"
"Foraging","Elsa",2022-11-03 23:10:12.547204,0.981820284419394,0.000754917875408005,0.0113060042867915,0.0061187934184063,"Foraging"
"Foraging","Elsa",2022-11-03 23:10:14.534399,0.860803960567121,0.000983284169124877,0.0404333485769712,0.0977794066867831,"Foraging"
"Foraging","Elsa",2022-11-03 23:10:16.521604,0.98701290808003,0.0036638002090691,0.00364261353906972,0.00568067817183085,"Foraging"
"Foraging","Elsa",2022-11-03 23:10:18.422398,0.9671371879582,0.00100073891768922,0.0209909322079364,0.0108711409161747,"Foraging"
"Foraging","Elsa",2022-11-03 23:10:20.409603,0.850584758603791,0.00147492625368732,0.047415558768411,0.100524756374111,"Foraging"
"Foraging","Elsa",2022-11-03 23:10:22.396798,0.8093098644812,0.00526759376316898,0.142064379514494,0.043358162241137,"Foraging"
"Foraging","Elsa",2022-11-03 23:10:24.384003,0.783404267577723,0,0.11089778746468,0.105697944957597,"Foraging"
"Foraging","Elsa",2022-11-03 23:10:26.371198,0.712190731514169,0.00623683101559208,0.206928599466424,0.0746438380038151,"Foraging"
"Foraging","Elsa",2022-11-03 23:10:28.272003,0.525158811068391,0.0073307002250261,0.287542248704735,0.179968240001848,"Foraging"
"Foraging","Elsa",2022-11-03 23:10:30.345599,0.63127771674516,0.00313959470648695,0.229134988849686,0.136447699698667,"Foraging"
"Foraging","Elsa",2022-11-03 23:10:32.332804,0.527588589774993,0.00455108833557558,0.240129751562599,0.227730570326833,"Foraging"
"Foraging","Elsa",2022-11-03 23:10:34.233598,0.570667764320458,0.00399016099351772,0.196327158667587,0.229014916018438,"Foraging"
"Foraging","Elsa",2022-11-03 23:10:36.134403,0.893242447610533,0.014110127826942,0.0719579090058446,0.0206895155566804,"Foraging"
"Foraging","Elsa",2022-11-03 23:10:38.207998,0.900324590230346,0.0115957297373227,0.0513277559641871,0.0367519240681436,"Foraging"
"Foraging","Elsa",2022-11-03 23:10:40.108803,0.898269788761292,0.00442477876106195,0.07064158375478,0.0266638487228658,"Foraging"
"Foraging","Elsa",2022-11-03 23:10:42.095998,0.868093579191444,0.00585054080629302,0.0805637290697836,0.045492150932479,"Foraging"
"Foraging","Elsa",2022-11-03 23:10:44.083203,0.877909969466444,0.00832279814580699,0.0645482003390084,0.0492190320487407,"Foraging"
"Foraging","Elsa",2022-11-03 23:10:46.070398,0.70855349458858,0.00675422578077445,0.134084334561745,0.150607945068901,"Foraging"
"Foraging","Elsa",2022-11-03 23:10:48.057603,0.591709390177755,0.0163733590334319,0.265556740905483,0.12636050988333,"Foraging"
"Foraging","Elsa",2022-11-03 23:10:49.958397,0.728145253039093,0.00776794493608653,0.154450992878675,0.109635809146145,"Foraging"
"Foraging","Elsa",2022-11-03 23:10:51.945602,0.769039250164472,0.00305520438263801,0.144065800741203,0.0838397447116864,"Foraging"
"Foraging","Elsa",2022-11-03 23:10:53.846396,0.578180946943436,0.0075291473521562,0.358532671164701,0.0557572345397067,"Foraging"
"Foraging","Elsa",2022-11-03 23:10:55.920002,0.526820549879973,0.00374988589206275,0.0688902522479333,0.400539311980031,"Foraging"
"Foraging","Elsa",2022-11-03 23:11:12.249596,0.495153834189326,0.000244196519247164,0.0377719609758538,0.466830008315573,"Foraging"
"Foraging","Elsa",2022-11-03 23:11:14.236801,0.939452688822654,0.00580137659783677,0.00599919571730324,0.0487467388622058,"Foraging"
"Foraging","Elsa",2022-11-03 23:11:16.137595,0.879326942888607,0.00247676295430511,0.021549769927956,0.0966465242291311,"Foraging"
"Foraging","Elsa",2022-11-03 23:11:18.211201,0.451201615980388,8.73199584705215e-05,0.0487387634732035,0.499972300587938,"TreeMovement"
"Foraging","Elsa",2022-11-03 23:11:20.284797,0.942995790243037,0.00296730725593898,0.012810100193677,0.0412268023073476,"Foraging"
"Foraging","Elsa",2022-11-03 23:11:22.185601,0.554387012500249,0.00316633886511996,0.0933075508389257,0.349139097795706,"Foraging"
"Foraging","Elsa",2022-11-03 23:11:28.492799,0.765340498981808,0.0011378002528445,0.0659679476919972,0.16755375307335,"Foraging"
"Foraging","Elsa",2022-11-03 23:11:30.480004,0.58246163880857,0.00707964601769911,0.0937829035355695,0.316675811638161,"Foraging"
"Foraging","Elsa",2022-11-03 23:11:32.467199,0.951456129004004,0.000754917875408005,0.0293346996163718,0.0184542535042157,"Foraging"
"Foraging","Elsa",2022-11-03 23:11:34.454404,0.979585403726382,0.00031243999930181,0.010163806410867,0.00993834986344882,"Foraging"
"Foraging","Elsa",2022-11-03 23:11:36.441599,0.474890476607469,0.00501115023170923,0.168374636768864,0.351723736391959,"Foraging"
"Foraging","Elsa",2022-11-03 23:11:59.855996,0.755082408138529,8.93894699204434e-05,0.0619309263072932,0.182897276084257,"Foraging"
"Foraging","Elsa",2022-11-03 23:12:01.843201,0.653387839271288,0.00185669876527439,0.0863523264388034,0.258403135524634,"Foraging"
"Foraging","Elsa",2022-11-03 23:12:03.830396,0.921197936962771,0.000345216138272639,0.0332515449971325,0.0452053019018237,"Foraging"
"Foraging","Elsa",2022-11-03 23:12:05.817601,0.78367995761233,1.74547485643469e-05,0.0643202365508701,0.151982351088235,"Foraging"
"Foraging","Elsa",2022-11-03 23:12:07.718396,0.979472000068452,0.00296730725593898,0.00364323325598304,0.0139174594196258,"Foraging"
"Foraging","Elsa",2022-11-03 23:12:09.792001,0.606297180006387,0.000321093495982346,0.0621248649103936,0.331256861587237,"Foraging"
"Foraging","Elsa",2022-11-03 23:12:11.865597,0.622674226792906,0.000336950759733203,0.0490348194443049,0.327954003003057,"Foraging"
"Foraging","Elsa",2022-11-03 23:12:13.766402,0.581982402689006,0.000267472671023546,0.067187491628629,0.350562633011341,"Foraging"
"Foraging","Elsa",2022-11-03 23:12:15.667196,0.542805571058672,0.00160073478265976,0.0840894417095761,0.371504252449093,"Foraging"
"Foraging","Elsa",2022-11-03 23:12:17.654401,0.541208182797585,0.00401750827946623,0.0816010875911815,0.373173221331768,"Foraging"
"Foraging","Elsa",2022-11-03 23:12:40.723196,0.762404877875776,0.00436624994147118,0.0832503668981086,0.149978505284644,"Foraging"
"Foraging","Elsa",2022-11-03 23:12:42.710401,0.711566205887744,0.00100391250833729,0.0877832545660009,0.199646627037918,"Foraging"
"Foraging","Elsa",2022-11-03 23:12:44.697596,0.721398999256249,0.003840374695253,0.0560204354549153,0.218740190593583,"Foraging"
"Foraging","Elsa",2022-11-03 23:12:46.684801,0.521702384096291,0.00304439906209818,0.117026033918588,0.358227182923022,"Foraging"
"Foraging","Elsa",2022-11-03 23:12:52.991998,0.547461869382842,0.00687588386703431,0.121197406295515,0.324464840454609,"Foraging"
"Foraging","Elsa",2022-11-03 23:13:10.099198,0.641475326685304,0.000430001809932813,0.049556478039477,0.308538193465287,"Foraging"
"Foraging","Elsa",2022-11-03 23:13:12.000002,0.91235405830688,0.00444223350962629,0.05135981883438,0.0318438893491137,"Foraging"
"Foraging","Elsa",2022-11-03 23:13:13.987197,0.94119977889476,1.74547485643469e-05,0.0150291532611415,0.0437536130955337,"Foraging"
"Foraging","Elsa",2022-11-03 23:13:15.888002,0.58481783939818,0.000459370970845397,0.0444428458791552,0.370279943751819,"Foraging"
"Foraging","Elsa",2022-11-03 23:13:17.875197,0.523905711033047,0.00120910106381894,0.055818178831295,0.419067009071839,"Foraging"
"Foraging","Elsa",2022-11-03 23:13:19.862402,0.64045659438038,0.0157645779327195,0.0846560291118357,0.259122798575065,"Foraging"
"Foraging","Elsa",2022-11-03 23:13:21.849597,0.817841929381123,0.00194900969237252,0.106721635976333,0.0734874249501709,"Foraging"
"Foraging","Elsa",2022-11-03 23:13:23.836802,0.933315681468736,0.00326229250667644,0.0214750981896181,0.0419469278349697,"Foraging"
"Foraging","Elsa",2022-11-03 23:13:25.737596,0.862995006855549,0.00366858641194924,0.0551397735850404,0.0781966331474614,"Foraging"
"Foraging","Elsa",2022-11-03 23:13:28.415997,0.557449516660689,0.0039026118632979,0.142428876910155,0.296218994565858,"Foraging"
"Locomotion","Elsa",2022-11-03 23:13:30.403202,0.0654101456120407,0.840671635000625,0.032821398065291,0.0610968213220428,"Locomotion"
"Locomotion","Elsa",2022-11-03 23:25:52.319998,0.0488586880179801,0.895149131432317,0.0152561221145292,0.0407360584351735,"Locomotion"
"Locomotion","Elsa",2022-11-03 23:25:52.319998,0.00117994100294985,0.995058997050147,0.00125368731563422,0.00250737463126844,"Locomotion"
"Locomotion","Elsa",2022-11-03 23:26:00.960004,0.0138924006180643,0.944533408250222,0.00481692185232008,0.0367572692793932,"Locomotion"
"Locomotion","Elsa",2022-11-03 23:26:00.960004,0.00905435749606585,0.961320644285246,0.013917644352427,0.0157073538662611,"Locomotion"
"Locomotion","Elsa",2022-11-03 23:26:00.960004,0.00843166175024582,0.984890199934448,0.00409701737135365,0.0025811209439528,"Locomotion"
"Locomotion","Elsa",2022-11-04 01:53:11.040001,0,0.999410029498525,0,0.000589970501474926,"Locomotion"
"Locomotion","Elsa",2022-11-04 01:53:11.040001,0,0.999672238610292,0,0.000327761389708292,"Locomotion"
"Locomotion","Elsa",2022-11-04 01:53:11.040001,0.00213864306784661,0.994911504424779,0.00294985250737463,0,"Locomotion"
"Locomotion","Elsa",2022-11-04 01:53:19.679996,0.000327761389708292,0.998688954441167,0.000983284169124877,0,"Locomotion"
"Locomotion","Elsa",2022-11-04 01:53:19.679996,0.00147492625368732,0.998525073746313,0,0,"Locomotion"
"Locomotion","Elsa",2022-11-04 01:53:45.600002,0,1,0,0,"Locomotion"
"Locomotion","Elsa",2022-11-04 01:53:45.600002,0.0100294985250737,0.972726740647095,0.00514585381842019,0.0120979070094114,"Locomotion"
"Locomotion","Elsa",2022-11-04 01:53:54.239998,0,0.999578592498947,0.000421407501053519,0,"Locomotion"
"Locomotion","Elsa",2022-11-04 01:53:54.239998,0,0.997050147492625,0,0.00294985250737463,"Locomotion"
"Locomotion","Elsa",2022-11-04 01:54:20.160004,0,0.999705014749262,0,0.000294985250737463,"Locomotion"
"Locomotion","Elsa",2022-11-04 01:54:20.160004,0.10516527596513,0.726840665919199,0.0527299471904574,0.115264110925213,"Locomotion"
"Locomotion","Elsa",2022-11-04 01:54:28.799999,0.0427588144402304,0.905731142014328,0.012842393594606,0.0386676499508358,"Locomotion"
"Locomotion","Elsa",2022-11-04 01:54:37.440005,0.0169159994381233,0.949372571053987,0.00331858407079646,0.0303928454370932,"Locomotion"
"Locomotion","Elsa",2022-11-04 01:54:37.440005,0.00486725663716814,0.992109144542773,0.00176991150442478,0.00125368731563422,"Locomotion"
"Locomotion","Elsa",2022-11-04 01:54:46.08,0,1,0,0,"Locomotion"
"Locomotion","Elsa",2022-11-04 01:54:46.08,0,1,0,0,"Locomotion"
"Locomotion","Elsa",2022-11-04 01:54:46.08,0.00121271714192068,0.986250409701737,0.000589970501474926,0.0119469026548673,"Locomotion"
"Locomotion","Elsa",2022-11-04 01:54:54.719995,0.00196656833824975,0.990455120101138,0.0019244275881444,0.00565388397246804,"Locomotion"
"Locomotion","Elsa",2022-11-04 01:55:03.360001,0.00503933136676499,0.985144215011472,0.00263847918715175,0.0071779744346116,"Locomotion"
"Locomotion","Elsa",2022-11-04 01:55:11.999996,0.000421407501053519,0.998665542913331,0.000421407501053519,0.000491642084562438,"Locomotion"
"Locomotion","Elsa",2022-11-04 01:55:29.279997,0,0.999672238610292,0.000327761389708292,0,"Locomotion"
"Locomotion","Elsa",2022-11-04 01:55:29.279997,0.000589970501474926,0.998525073746313,0,0.000884955752212389,"Locomotion"
"Locomotion","Elsa",2022-11-04 01:55:37.920003,0,1,0,0,"Locomotion"
"Locomotion","Elsa",2022-11-04 01:55:46.559998,0,0.997050147492625,0,0.00294985250737463,"Locomotion"
"Locomotion","Elsa",2022-11-04 01:55:55.200003,0.00252844500632111,0.994193941096596,0.000737463126843658,0.00254015077023927,"Locomotion"
"Locomotion","Elsa",2022-11-04 01:55:55.200003,0,1,0,0,"Locomotion"
"Locomotion","Elsa",2022-11-04 01:56:12.480004,0.00337126000842815,0.996207332490518,0,0.000421407501053519,"Locomotion"
"Locomotion","Elsa",2022-11-04 01:56:12.480004,0.00176991150442478,0.983916280376457,0.00497260851243152,0.00934119960668633,"Locomotion"
"Locomotion","Elsa",2022-11-04 01:56:29.759995,0.00992297607341855,0.977139813644238,0.00648967551622419,0.00644753476611884,"Locomotion"
"Locomotion","Elsa",2022-11-04 01:56:47.039996,0.0165671676733624,0.923495809336517,0.0102507374631268,0.0496862855269935,"Locomotion"
"Locomotion","Elsa",2022-11-04 01:56:55.680001,0.00294985250737463,0.995894788593904,0,0.00115535889872173,"Locomotion"
"Locomotion","Elsa",2022-11-04 01:56:55.680001,0,0.999508357915437,0,0.000491642084562438,"Locomotion"
"Locomotion","Elsa",2022-11-04 01:57:04.319997,0,1,0,0,"Locomotion"
"Locomotion","Elsa",2022-11-04 01:57:04.319997,0.0502798096902198,0.869896744282103,0.0153602490127068,0.0644631970149703,"Locomotion"
"Locomotion","Elsa",2022-11-04 20:07:00.48,0.0107259914782039,0.965794587254764,0.0130530973451327,0.0104263239218991,"Locomotion"
"Foraging","Meeka",2022-11-03 13:38:33.907201,0.979724514083029,0.0023598820058997,0.00750323581017532,0.0104123681008957,"Foraging"
"Foraging","Meeka",2022-11-03 13:38:35.894396,0.804086731470678,0.00110619469026549,0.0631511149615087,0.131655958877548,"Foraging"
"Foraging","Meeka",2022-11-03 13:38:37.968001,0.987276398130529,0.000754917875408005,0.0016019683724485,0.0103667156216149,"Foraging"
"Foraging","Meeka",2022-11-03 13:38:39.955196,0.988287243179423,1.74547485643469e-05,0.0040084985972783,0.00768680347473429,"Foraging"
"Foraging","Meeka",2022-11-03 13:38:41.942401,0.997431785952284,1.74547485643469e-05,0.00179610921674733,0.000754650082403904,"Foraging"
"Foraging","Meeka",2022-11-03 13:38:44.015997,0.995012875218906,1.74547485643469e-05,0.00124012255250794,0.00372954748002203,"Foraging"
"Foraging","Meeka",2022-11-03 13:38:46.003202,0.99350609532543,0.00173820204453288,0.00333592252441411,0.00141978010562305,"Foraging"
"Foraging","Meeka",2022-11-03 13:38:48.076798,0.989589162582804,1.74547485643469e-05,0.00715434271451571,0.00323903995411627,"Foraging"
"Foraging","Meeka",2022-11-03 13:38:50.064003,0.991419098554357,1.74547485643469e-05,0.00469580722055778,0.0038676394765211,"Foraging"
"Foraging","Meeka",2022-11-03 13:38:52.137599,0.86217341933611,0.00294985250737463,0.059781156839079,0.0750955713174363,"Foraging"
"Foraging","Meeka",2022-11-03 13:38:54.124804,0.498373371551071,0.000156552912499186,0.167016620946593,0.334453454589836,"Foraging"
"Foraging","Meeka",2022-11-03 13:39:09.331199,0.524105728709495,0.00194633125486583,0.115240876911922,0.358707063123717,"Foraging"
"Foraging","Meeka",2022-11-03 13:39:19.008002,0.615558052350179,0.00278178238122346,0.108337219786776,0.273322945481822,"Foraging"
"Foraging","Meeka",2022-11-03 13:39:26.179196,0.90966950092088,0,0.0345303680293389,0.0558001310497816,"Foraging"
"Foraging","Meeka",2022-11-03 13:39:28.166401,0.675536486561106,0.000389359902634239,0.0731137781871131,0.250960375349147,"Foraging"
"Foraging","Meeka",2022-11-03 13:39:30.239997,0.787227105157697,0.00379081923096828,0.0749980130628157,0.133984062548519,"Foraging"
"Foraging","Meeka",2022-11-03 13:39:32.227202,0.992149285187174,1.74547485643469e-05,0.00524367390119203,0.00258958616306956,"Foraging"
"Foraging","Meeka",2022-11-03 13:39:34.214397,0.987364281596861,1.74547485643469e-05,0.00383519382014558,0.00878306983442934,"Foraging"
"Foraging","Meeka",2022-11-03 13:39:36.288003,0.983324668998794,0.00112364943882983,0.00592480623812316,0.00962687532425252,"Foraging"
"Foraging","Meeka",2022-11-03 13:39:38.275198,0.987583899544225,0.000902410500776736,0.00297874629789899,0.00853494365709962,"Foraging"
"Foraging","Meeka",2022-11-03 13:39:40.348804,0.976467185366166,0.00186111256567349,0.0100011844994106,0.0116705175687499,"Foraging"
"Foraging","Meeka",2022-11-03 13:39:42.335999,0.991218329490471,1.74547485643469e-05,0.00425861215090384,0.00450560361006046,"Foraging"
"Foraging","Meeka",2022-11-03 13:39:44.323204,0.835766898909914,0.00331858407079646,0.0368500331733065,0.124064483845982,"Foraging"
"Foraging","Meeka",2022-11-03 13:39:52.358404,0.983621564137329,1.74547485643469e-05,0.0105302850285111,0.00583069608559541,"Foraging"
"Foraging","Meeka",2022-11-03 13:39:54.432,0.548270731168366,0.00039848884748745,0.111200337799542,0.340130442184604,"Foraging"
"Foraging","Meeka",2022-11-03 13:39:56.419195,0.942865000858122,0.00370477038278264,0.0273225839243394,0.0261076448347562,"Foraging"
"Foraging","Meeka",2022-11-03 13:39:58.492801,0.965705025221548,0.00296730725593898,0.022824990038032,0.00850267748448098,"Foraging"
"Foraging","Meeka",2022-11-03 13:40:00.479996,0.775677897647603,0.000589970501474926,0.0539762905687968,0.169755841282125,"Foraging"
"Foraging","Meeka",2022-11-03 13:40:02.467201,0.831898540522822,0,0.0575460400953429,0.110555419381835,"Foraging"
"Foraging","Meeka",2022-11-03 13:40:04.540797,0.628022246036706,0.000471887561148679,0.0832891026414929,0.288216763760653,"Foraging"
"Foraging","Meeka",2022-11-03 13:40:06.528002,0.908812366080764,0.0023351960043587,0.0478909715630922,0.0409614663517854,"Foraging"
"Foraging","Meeka",2022-11-03 13:40:08.601597,0.986713169981378,0.00170308475277842,0.00668504907618866,0.00489869618965448,"Foraging"
"Foraging","Meeka",2022-11-03 13:40:10.588802,0.898030240396959,0.00031243999930181,0.0393303899998194,0.0623269296039198,"Foraging"
"Foraging","Meeka",2022-11-03 13:40:12.575997,0.87589139467711,0.00294985250737463,0.0377804587315703,0.0833782940839447,"Foraging"
"Foraging","Meeka",2022-11-03 13:40:14.649603,0.985863723813117,1.74547485643469e-05,0.00589426061372565,0.00822456082459289,"Foraging"
"Foraging","Meeka",2022-11-03 13:40:16.982401,0.925026230005261,1.74547485643469e-05,0.0347448671631798,0.0402114480829946,"Foraging"
"Foraging","Meeka",2022-11-03 13:40:19.5744,0.996408112233612,1.74547485643469e-05,0.000310864986082232,0.00326356803174169,"Foraging"
"Foraging","Meeka",2022-11-03 13:40:21.561595,0.935037971238468,0.00222984412909532,0.0391911580196539,0.0235410266127825,"Foraging"
"Foraging","Meeka",2022-11-03 13:40:23.635201,0.60591423028664,0.00282685113864608,0.103382646416909,0.287876272157804,"Foraging"
"Foraging","Meeka",2022-11-03 13:40:34.608004,0.731137506647153,0.011849811162806,0.113322149872618,0.143690532317424,"Foraging"
"Foraging","Meeka",2022-11-03 13:40:36.6816,0.980397670024001,0.00444223350962629,0.00426425472410852,0.0108958417422641,"Foraging"
"Foraging","Meeka",2022-11-03 13:40:38.668805,0.880464564393318,0,0.0321360846067181,0.0873993509999642,"Foraging"
"Foraging","Meeka",2022-11-03 13:40:40.742401,0.995527928831304,1.74547485643469e-05,0.00350635844706242,0.000948257973068803,"Foraging"
"Foraging","Meeka",2022-11-03 13:40:42.729596,0.989499460413455,1.74547485643469e-05,0.00342441809963534,0.00705866673834482,"Foraging"
"Foraging","Meeka",2022-11-03 13:40:44.716801,0.99168777193805,1.74547485643469e-05,0.00313271046279496,0.00516206285059049,"Foraging"
"Foraging","Meeka",2022-11-03 13:40:46.790396,0.997505433681628,1.74547485643469e-05,0.00129705387961105,0.00118005769019688,"Foraging"
"Foraging","Meeka",2022-11-03 13:40:48.777601,0.993991359861107,1.74547485643469e-05,0.000639489164263932,0.00535169622606458,"Foraging"
"Foraging","Meeka",2022-11-03 13:40:50.851197,0.992060786463549,0.00147492625368732,0.00392759316373621,0.00253669411902707,"Foraging"
"Foraging","Meeka",2022-11-03 13:40:52.838402,0.991630911271992,1.74547485643469e-05,0.00132805894130507,0.00702357503813901,"Foraging"
"Foraging","Meeka",2022-11-03 13:40:54.825597,0.991168456772717,1.74547485643469e-05,0.0026138266916988,0.00620026178701952,"Foraging"
"Foraging","Meeka",2022-11-03 13:40:56.812802,0.990199032882939,1.74547485643469e-05,0.00367187794886511,0.00611163441963109,"Foraging"
"Foraging","Meeka",2022-11-03 13:40:58.886398,0.996159568169963,1.74547485643469e-05,0.00116799313758831,0.0026549839438842,"Foraging"
"Foraging","Meeka",2022-11-03 13:41:00.873603,0.997672737480538,0.00031243999930181,0.00165540048990977,0.000359422030250559,"Foraging"
"Foraging","Meeka",2022-11-03 13:41:02.947199,0.992916124823955,0.00173820204453288,0.00195932468763928,0.00338634844387281,"Foraging"
"Foraging","Meeka",2022-11-03 13:41:04.934404,0.995888779059411,1.74547485643469e-05,0.00204871415755972,0.00204505203446463,"Foraging"
"Foraging","Meeka",2022-11-03 13:41:07.267201,0.944020472387077,0.00100073891768922,0.027118449801755,0.0278603388934787,"Foraging"
"Foraging","Meeka",2022-11-03 13:41:09.254396,0.986779963378059,0.00193485887835786,0.00526503241812577,0.0060201453254573,"Foraging"
"Foraging","Meeka",2022-11-03 13:41:11.241601,0.974854289135203,1.74547485643469e-05,0.00915339191478724,0.0159748642014456,"Foraging"
"Foraging","Meeka",2022-11-03 13:41:13.401598,0.991867104241276,1.74547485643469e-05,0.00392121072032177,0.00419423028983758,"Foraging"
"Foraging","Meeka",2022-11-03 13:41:15.388803,0.987841924242645,1.74547485643469e-05,0.00475185172795393,0.00738876928083675,"Foraging"
"Foraging","Meeka",2022-11-03 13:41:17.462399,0.993612658059669,0.00147492625368732,0.00111263362311295,0.00379978206353095,"Foraging"
"Foraging","Meeka",2022-11-03 13:41:19.449604,0.993763437996017,0.00031243999930181,0.00172989171484347,0.00419423028983758,"Foraging"
"Foraging","Meeka",2022-11-03 13:41:21.523199,0.993712634980612,1.74547485643469e-05,0.00376856755882905,0.00250134271199425,"Foraging"
"Foraging","Meeka",2022-11-03 13:41:23.510404,0.982487513804734,0.000386186311986176,0.0107120431837157,0.0064142566995642,"Foraging"
"Foraging","Meeka",2022-11-03 13:41:25.497599,0.9973306164747,1.74547485643469e-05,0.000818715051454421,0.00183321372528119,"Foraging"
"Foraging","Meeka",2022-11-03 13:41:27.571195,0.616007143276859,0.000134084204880665,0.106900924756661,0.276957847761599,"Foraging"
"Foraging","Meeka",2022-11-03 13:41:37.334399,0.973438190265087,1.74547485643469e-05,0.0135030808331653,0.0130412741531833,"Foraging"
"Foraging","Meeka",2022-11-03 13:41:39.408005,0.997061383904583,1.74547485643469e-05,0.000490953661746128,0.00243020768510701,"Foraging"
"Foraging","Meeka",2022-11-03 13:41:41.3952,0.995444385694664,1.74547485643469e-05,0.00417873752652114,0.000359422030250559,"Foraging"
"Foraging","Meeka",2022-11-03 13:41:43.382405,0.720456562675599,0.000491642084562438,0.0761100063385474,0.202941788901291,"Foraging"
"Foraging","Meeka",2022-11-03 13:41:48.739195,0.970859629263551,0.00296730725593898,0.00881066863452534,0.0173623948459854,"Foraging"
"Foraging","Meeka",2022-11-03 13:41:50.7264,0.992711096368454,1.74547485643469e-05,0.0040335434875218,0.00323790539545959,"Foraging"
"Foraging","Meeka",2022-11-03 13:41:52.799996,0.995645850581048,0.000754917875408005,0.00277034677089118,0.000828884772652286,"Foraging"
"Foraging","Meeka",2022-11-03 13:41:54.787201,0.998190990122684,1.74547485643469e-05,0.00106453609373564,0.000727019035015705,"Foraging"
"Foraging","Meeka",2022-11-03 13:41:57.638403,0.98373896148924,1.74547485643469e-05,0.00403713052650706,0.0122064532356888,"Foraging"
"Foraging","Meeka",2022-11-03 13:41:59.711998,0.98995157303371,0.00296730725593898,0.00380134369779988,0.00327977601255144,"Foraging"
"Foraging","Meeka",2022-11-03 13:42:01.699203,0.994215280483258,1.74547485643469e-05,0.000386070017039475,0.00538119475113832,"Foraging"
"Foraging","Meeka",2022-11-03 13:42:03.686399,0.981590978321817,0.00149238100225166,0.00895333854006021,0.00796330213587074,"Foraging"
"Foraging","Meeka",2022-11-03 13:42:05.760004,0.996987184842649,1.74547485643469e-05,0.000978340598442179,0.00201701981034485,"Foraging"
"Foraging","Meeka",2022-11-03 13:42:07.747199,0.988732984707495,0.00193485887835786,0.00430395207857249,0.00502820433557434,"Foraging"
"Foraging","Meeka",2022-11-03 13:42:09.734404,0.626241930032683,0.00147492625368732,0.0912779884148226,0.281005155298807,"Foraging"
"Foraging","Meeka",2022-11-03 13:42:50.256001,0.704906190002128,0.00859597881381408,0.0544489617035152,0.232048869480543,"Foraging"
"Foraging","Meeka",2022-11-03 13:42:52.243196,0.522428578982186,0.00505801594840893,0.102127992794448,0.370385412274957,"Foraging"
"Foraging","Meeka",2022-11-03 13:43:05.203204,0.964696414644385,1.74547485643469e-05,0.0132046802163452,0.0220814503907053,"Foraging"
"Foraging","Meeka",2022-11-03 13:43:07.190399,0.991458798432138,1.74547485643469e-05,0.00733827031255055,0.00118547650674751,"Foraging"
"Foraging","Meeka",2022-11-03 13:43:09.263995,0.983431750545875,1.74547485643469e-05,0.0117570490871336,0.00479374561842699,"Foraging"
"Foraging","Meeka",2022-11-03 13:43:11.2512,0.981180287372098,1.74547485643469e-05,0.00515907334548268,0.0136431845338547,"Foraging"
"Foraging","Meeka",2022-11-03 13:43:13.238395,0.990368767711706,1.74547485643469e-05,0.00598203048936642,0.00363174705036319,"Foraging"
"Foraging","Meeka",2022-11-03 13:43:15.312001,0.987852033766029,1.74547485643469e-05,0.00529228556484794,0.00683822592055887,"Foraging"
"Foraging","Meeka",2022-11-03 13:43:17.299196,0.993550244110257,1.74547485643469e-05,0.00464421190792473,0.00178808923325404,"Foraging"
"Foraging","Meeka",2022-11-03 13:43:19.286401,0.997509601697933,1.74547485643469e-05,0.00213028204886213,0.000342661504640476,"Foraging"
"Foraging","Meeka",2022-11-03 13:43:21.359997,0.997598991167853,1.74547485643469e-05,0.00167216101551985,0.000711393068062305,"Foraging"
"Foraging","Meeka",2022-11-03 13:43:23.433602,0.93703681488546,1.74547485643469e-05,0.0357134269899129,0.0272323033760627,"Foraging"
"Foraging","Meeka",2022-11-03 13:43:25.420797,0.987513204382976,1.74547485643469e-05,0.00579269050770655,0.00667665036075322,"Foraging"
"Foraging","Meeka",2022-11-03 13:43:27.494403,0.99574506162508,1.74547485643469e-05,0.00081965633113255,0.00341782729522313,"Foraging"
"Foraging","Meeka",2022-11-03 13:43:29.567999,0.925104505097428,0.00149238100225166,0.0415586895608392,0.0318444243394812,"Foraging"
"Foraging","Meeka",2022-11-03 13:43:31.555204,0.995739690193508,1.74547485643469e-05,0.00242526729959959,0.00181758775832779,"Foraging"
"Foraging","Meeka",2022-11-03 13:43:33.542399,0.993395451344844,1.74547485643469e-05,0.00344207251994463,0.00314502138664638,"Foraging"
"Foraging","Meeka",2022-11-03 13:43:35.616004,0.544172190433434,0.00740743152826212,0.11820543832324,0.330214939715064,"Foraging"
"Foraging","Meeka",2022-11-03 13:44:28.751997,0.88590789651754,0.00279767757643864,0.0792469862712014,0.0320474396348196,"Foraging"
"Stationary","Meeka",2022-11-03 13:57:50.284805,0.00535986272581796,0.00117994100294985,0.988018875200031,0.00544132107120134,"Stationary"
"Stationary","Meeka",2022-11-03 13:57:54.431996,0.00326941986234022,0,0.989183874139626,0.00754670599803343,"Stationary"
"Stationary","Meeka",2022-11-03 13:57:58.579197,0.0170670037926675,0,0.978360724820902,0.00457227138643068,"Stationary"
"Stationary","Meeka",2022-11-03 13:58:02.726399,0.0270531909912441,0.00462143559488692,0.928515240904621,0.0398101325092475,"Stationary"
"Stationary","Meeka",2022-11-03 13:58:06.787199,0.0179755087875858,0.000589970501474926,0.972302854278388,0.00913166643255139,"Stationary"
"Stationary","Meeka",2022-11-03 13:58:10.675199,0.00802078943671864,0,0.984825818232898,0.00715339233038348,"Stationary"
"Stationary","Meeka",2022-11-03 13:58:14.736,0.0142505969939598,0,0.972602659549562,0.013146743456478,"Stationary"
"Stationary","Meeka",2022-11-03 13:58:18.796801,0.00711593388584539,0,0.986615629535984,0.00626843657817109,"Stationary"
"Stationary","Meeka",2022-11-03 13:58:22.771201,0.0110433553952554,0.00206489675516224,0.982245730150467,0.00464601769911504,"Stationary"
"Stationary","Meeka",2022-11-03 13:58:26.832001,0.0275588799925083,0.00206489675516224,0.933168282062087,0.0372079411902421,"Stationary"
"Stationary","Meeka",2022-11-03 13:58:30.720001,7.02345835089198e-05,0,0.999719061665964,0.000210703750526759,"Stationary"
"Stationary","Meeka",2022-11-03 13:58:34.780802,0.00383480825958702,0.000983284169124877,0.993706981317601,0.00147492625368732,"Stationary"
"Stationary","Meeka",2022-11-03 13:58:38.928003,0.0385636063668338,0.00617361989043405,0.915299295726157,0.0399634780165754,"Stationary"
"Stationary","Meeka",2022-11-03 13:58:42.988804,0.00598164536217634,0.000983284169124877,0.991583555742848,0.00145151472585101,"Stationary"
"Stationary","Meeka",2022-11-03 13:58:47.049604,0.00393313667649951,0.000983284169124877,0.99385447394297,0.0012291052114061,"Stationary"
"Stationary","Meeka",2022-11-03 13:58:51.110395,0.00841059137519314,0.000983284169124877,0.989377019244276,0.0012291052114061,"Stationary"
"Stationary","Meeka",2022-11-03 13:58:55.257596,0.0237310951912722,0.000884955752212389,0.965361473989793,0.0100224750667229,"Stationary"
"Stationary","Meeka",2022-11-03 13:58:59.318397,0.00712881022615536,0.000983284169124877,0.988888888888889,0.00299901671583087,"Stationary"
"Stationary","Meeka",2022-11-03 13:59:03.379198,0.0294376551013719,0,0.963487381186496,0.00707496371213185,"Stationary"
"Stationary","Meeka",2022-11-03 13:59:07.439999,0.182787580889241,0.0343423701830781,0.61775813304837,0.165111915879311,"Stationary"
"Stationary","Meeka",2022-11-03 13:59:38.544004,0.0135962447909351,0.00288430022943297,0.96459240530037,0.0189270496792621,"Stationary"
"Stationary","Meeka",2022-11-03 13:59:42.691195,0.00705038160790373,0.00176991150442478,0.979843845109332,0.0113358617783397,"Stationary"
"Stationary","Meeka",2022-11-03 13:59:46.665596,0.0205916093084235,0.00678466076696165,0.963914641569509,0.00870908835510605,"Stationary"
"Stationary","Meeka",2022-11-03 13:59:50.726397,0.0278597181252049,0.0118485742379548,0.951905698365875,0.00838600927096502,"Stationary"
"Stationary","Meeka",2022-11-03 13:59:54.787197,0.0155230135318631,0.00229432972795805,0.961819309828159,0.0203633469120195,"Stationary"
"Stationary","Meeka",2022-11-03 13:59:58.761597,0.152014561970314,0.0210586692887578,0.702939317319848,0.12398745142108,"Stationary"
"Stationary","Meeka",2022-11-03 14:00:17.5968,0.0180104883644707,0.00359249894648125,0.974857189680199,0.00353982300884956,"Stationary"
"Stationary","Meeka",2022-11-03 14:00:21.657601,0.0029382844583261,0.00196656833824975,0.994357684076581,0.000737463126843658,"Stationary"
"Stationary","Meeka",2022-11-03 14:00:25.718401,0,0,1,0,"Stationary"
"Stationary","Meeka",2022-11-03 14:00:29.606401,0,0.00294985250737463,0.997050147492625,0,"Stationary"
"Stationary","Meeka",2022-11-03 14:00:33.753602,0.000294985250737463,0,0.999705014749262,0,"Stationary"
"Stationary","Meeka",2022-11-03 14:00:37.728002,0,0,1,0,"Stationary"
"Stationary","Meeka",2022-11-03 14:00:41.875204,0,0,1,0,"Stationary"
"Stationary","Meeka",2022-11-03 14:00:45.936004,0.00245821042281219,0,0.997541789577188,0,"Stationary"
"Stationary","Meeka",2022-11-03 14:00:49.996795,0,0,1,0,"Stationary"
"Stationary","Meeka",2022-11-03 14:00:54.057596,0.000750477182023252,0,0.999249522817977,0,"Stationary"
"Stationary","Meeka",2022-11-03 14:00:58.118397,0.000294985250737463,0,0.996755162241888,0.00294985250737463,"Stationary"
"Stationary","Meeka",2022-11-03 14:01:02.179197,0.0201072983430909,0.00117994100294985,0.964462841190111,0.0142499194638484,"Stationary"
"Stationary","Meeka",2022-11-03 14:01:06.153597,0.00579435313948588,0,0.993246944795617,0.000958702064896755,"Stationary"
"Stationary","Meeka",2022-11-03 14:01:10.300799,0,0,1,0,"Stationary"
"Stationary","Meeka",2022-11-03 14:01:14.275199,0.00226155358898722,0,0.996474223907852,0.00126422250316056,"Stationary"
"Stationary","Meeka",2022-11-03 14:01:18.336,0.000676730869338886,0,0.999028283879924,0.000294985250737463,"Stationary"
"Stationary","Meeka",2022-11-03 14:01:22.396801,0.0179859062602425,0.00497260851243152,0.975197827410217,0.00184365781710914,"Stationary"
"Stationary","Meeka",2022-11-03 14:01:26.371201,0.00934119960668633,0,0.988856112749918,0.00180268764339561,"Stationary"
"Stationary","Meeka",2022-11-03 14:01:30.432001,0,0,0.999578592498947,0.000421407501053519,"Stationary"
"Stationary","Meeka",2022-11-03 14:01:34.406401,0.000737463126843658,0,0.998525073746313,0.000737463126843658,"Stationary"
"Stationary","Meeka",2022-11-03 14:01:38.467202,0,0,1,0,"Stationary"
"Stationary","Meeka",2022-11-03 14:01:42.441602,0,0,0.996713021491782,0.00328697850821745,"Stationary"
"Stationary","Meeka",2022-11-03 14:01:46.588804,0,0,1,0,"Stationary"
"Stationary","Meeka",2022-11-03 14:01:50.649604,0.00189633375474083,0.00196656833824975,0.996137097907009,0,"Stationary"
"Stationary","Meeka",2022-11-03 14:01:54.710395,0,0,1,0,"Stationary"
"Stationary","Meeka",2022-11-03 14:01:58.857596,0.00147492625368732,0.00206489675516224,0.996460176991151,0,"Stationary"
"Stationary","Meeka",2022-11-03 14:02:03.004798,0.00771878072763029,0.00294985250737463,0.988909959263942,0.000421407501053519,"Stationary"
"Stationary","Meeka",2022-11-03 14:02:07.065598,0.000294985250737463,0,0.999705014749262,0,"Stationary"
"Stationary","Meeka",2022-11-03 14:02:11.126399,0.00294985250737463,0,0.997050147492625,0,"Stationary"
"Stationary","Meeka",2022-11-03 14:02:15.100799,0.00147492625368732,0,0.996418036241045,0.00210703750526759,"Stationary"
"Stationary","Meeka",2022-11-03 14:02:19.1616,0,0,1,0,"Stationary"
"Stationary","Meeka",2022-11-03 14:02:23.136,0,0,0.999705014749262,0.000294985250737463,"Stationary"
"Stationary","Meeka",2022-11-03 14:02:27.196801,0.000842815002107037,0.00196656833824975,0.996698974575081,0.000491642084562438,"Stationary"
"Stationary","Meeka",2022-11-03 14:02:31.257602,0.00196656833824975,0,0.99803343166175,0,"Stationary"
"Stationary","Meeka",2022-11-03 14:02:35.145601,0,0,1,0,"Stationary"
"Stationary","Meeka",2022-11-03 14:02:39.292803,0.000737463126843658,0,0.998893805309734,0.000368731563421829,"Stationary"
"Stationary","Meeka",2022-11-03 14:02:43.267203,0.000737463126843658,0,0.999262536873156,0,"Stationary"
"Stationary","Meeka",2022-11-03 14:02:47.328003,0.00669335580840006,0.000589970501474926,0.985088027344664,0.00762864634546051,"Stationary"
"Stationary","Meeka",2022-11-03 14:02:51.388804,0.000913049585615957,0,0.999086950414384,0,"Stationary"
"Stationary","Meeka",2022-11-03 14:02:55.449605,0.0158894039425013,0.00727981458069954,0.972511354591001,0.00431942688579857,"Stationary"
"Stationary","Meeka",2022-11-03 14:02:59.510396,0,0.00147492625368732,0.998525073746313,0,"Stationary"
"Stationary","Meeka",2022-11-03 14:03:03.571196,0.00747998314369996,0.000421407501053519,0.989591234723978,0.00250737463126844,"Stationary"
"Stationary","Meeka",2022-11-03 14:03:07.718398,0,0,1,0,"Stationary"
"Stationary","Meeka",2022-11-03 14:03:11.779198,0.00147492625368732,0.00196656833824975,0.995698131760079,0.000860373647984267,"Stationary"
"Stationary","Meeka",2022-11-03 14:03:15.9264,0.00564933938177041,0,0.989778389231799,0.00457227138643068,"Stationary"
"Stationary","Meeka",2022-11-03 14:03:19.9008,0.000737463126843658,0,0.998103666245259,0.00115887062789718,"Stationary"
"Stationary","Meeka",2022-11-03 14:03:23.961601,0,0,1,0,"Stationary"
"Stationary","Meeka",2022-11-03 14:03:28.022402,0.00458865945591609,0,0.993936414290397,0.00147492625368732,"Stationary"
"Stationary","Meeka",2022-11-03 14:03:31.996802,0.00368731563421829,0,0.99594395280236,0.000368731563421829,"Stationary"
"Stationary","Meeka",2022-11-03 14:03:36.057602,0.00175586458772299,0,0.997875403848855,0.000368731563421829,"Stationary"
"Stationary","Meeka",2022-11-03 14:03:40.032002,0.000737463126843658,0,0.999262536873156,0,"Stationary"
"Stationary","Meeka",2022-11-03 14:03:44.092803,0,0,1,0,"Stationary"
"Stationary","Meeka",2022-11-03 14:03:48.153604,0,0,1,0,"Stationary"
"Stationary","Meeka",2022-11-03 14:03:52.214405,0.00737463126843658,0.00221238938053097,0.990412979351032,0,"Stationary"
"Stationary","Meeka",2022-11-03 14:03:56.275195,0.00221238938053097,0,0.995153813737885,0.00263379688158449,"Stationary"
"Stationary","Meeka",2022-11-03 14:04:00.335996,0.000737463126843658,0,0.999262536873156,0,"Stationary"
"Stationary","Meeka",2022-11-03 14:04:04.396797,0.00333159812597605,0,0.996668401874024,0,"Stationary"
"Stationary","Meeka",2022-11-03 14:04:08.371197,0,0,1,0,"Stationary"
"Stationary","Meeka",2022-11-03 14:04:12.431998,0,0,1,0,"Stationary"
"Stationary","Meeka",2022-11-03 14:04:16.492798,0,0,1,0,"Stationary"
"Stationary","Meeka",2022-11-03 14:04:20.553599,0.000578402452426398,0,0.996963387124762,0.00245821042281219,"Stationary"
"Stationary","Meeka",2022-11-03 14:04:24.6144,0.00294985250737463,0,0.997050147492625,0,"Stationary"
"Stationary","Meeka",2022-11-03 14:04:28.675201,0,0.00147492625368732,0.998525073746313,0,"Stationary"
"Stationary","Meeka",2022-11-03 14:04:32.822402,0.000421407501053519,0,0.999578592498947,0,"Stationary"
"Stationary","Meeka",2022-11-03 14:04:39.907196,0.00330102542491923,0,0.996698974575081,0,"Stationary"
"Stationary","Meeka",2022-11-03 14:04:44.054397,0.0112117806808072,0.00147492625368732,0.986059605749871,0.00125368731563422,"Stationary"
"Stationary","Meeka",2022-11-03 14:04:48.028797,0.000913049585615957,0,0.999086950414384,0,"Stationary"
"Stationary","Meeka",2022-11-03 14:04:52.089598,0.00799269560331507,0.00337126000842815,0.988046073886782,0.000589970501474926,"Stationary"
"Stationary","Meeka",2022-11-03 14:04:56.063998,0,0,0.996558505408063,0.00344149459193707,"Stationary"
"Stationary","Meeka",2022-11-03 14:05:00.124799,0.00258931497869551,0.00206489675516224,0.987713630191506,0.00763215807463595,"Stationary"
"Stationary","Meeka",2022-11-03 14:05:04.1856,0.00353982300884956,0,0.996091445427729,0.000368731563421829,"Stationary"
"Stationary","Meeka",2022-11-03 14:05:08.2464,0.00806995364517488,0,0.991930046354825,0,"Stationary"
"Stationary","Meeka",2022-11-03 14:05:12.307201,0.00294985250737463,0,0.997050147492625,0,"Stationary"
"Stationary","Meeka",2022-11-03 14:05:16.368002,0.295490687286518,0.0189773844641101,0.529649079806274,0.155882848443098,"Stationary"
"Foraging","Meeka",2022-11-03 14:55:51.340797,0.493737941754498,0.0037737294194907,0.211834448004468,0.290653880821543,"Foraging"
"Foraging","Meeka",2022-11-03 14:55:53.414403,0.558587140431831,0.00810315544828819,0.149632254894249,0.283677449225632,"Foraging"
"Foraging","Meeka",2022-11-03 14:55:55.401598,0.743153147495667,0.00160134850400337,0.125770868215728,0.129474635784602,"Foraging"
"Foraging","Meeka",2022-11-03 14:55:57.388803,0.466136738354738,0.00617681237150264,0.280040853096941,0.247645596176819,"Foraging"
"Foraging","Meeka",2022-11-03 14:55:59.375998,0.558660584384684,0.0111215122792928,0.167161470505335,0.263056432830689,"Foraging"
"Foraging","Meeka",2022-11-03 14:56:01.449604,0.650274461617701,0.03053438128319,0.112666041722625,0.206525115376485,"Foraging"
"TreeMovement","Meeka",2022-11-03 14:56:03.436799,0.218232695531182,0.0471043543425432,0.0854094476740514,0.649253502452223,"TreeMovement"
"TreeMovement","Meeka",2022-11-03 17:53:44.246395,0.100260210135934,0.103185635432974,0.102444969363077,0.694109185068014,"TreeMovement"
"TreeMovement","Meeka",2022-11-03 17:53:46.2336,0.119105687811151,0.00598888357053073,0.107163293083456,0.767742135534862,"TreeMovement"
"TreeMovement","Meeka",2022-11-03 18:12:31.939203,0.124659796571769,0.0509501342309674,0.144098038419048,0.680292030778215,"TreeMovement"
"TreeMovement","Meeka",2022-11-03 18:12:34.012798,0.144525785513848,0.128434272785293,0.0895223657803928,0.637517575920466,"TreeMovement"
"TreeMovement","Meeka",2022-11-03 18:12:38.851205,0.168011895939667,0.0234874226024669,0.259071185491581,0.549429495966285,"TreeMovement"
"TreeMovement","Meeka",2022-11-03 18:12:40.8384,0.191918665350112,0.00873003763604923,0.232826999218779,0.56652429779506,"TreeMovement"
"TreeMovement","Meeka",2022-11-03 18:12:42.825605,0.142064587580408,0.00648031090508967,0.284117106838277,0.567337994676225,"TreeMovement"
"TreeMovement","Meeka",2022-11-03 18:12:44.899201,0.176161167559933,0.00779720934588191,0.254804733410316,0.561236889683869,"TreeMovement"
"TreeMovement","Meeka",2022-11-03 18:12:46.886396,0.137730663407248,0.0126258369621201,0.302781882812455,0.546861616818176,"TreeMovement"
"TreeMovement","Meeka",2022-11-03 18:12:48.960001,0.129129266100982,0.0263679909842988,0.130485820093076,0.714016922821644,"TreeMovement"
"TreeMovement","Meeka",2022-11-03 18:13:04.5984,0.150097035884335,0.0650307955872842,0.102209928776814,0.682662239751568,"TreeMovement"
"TreeMovement","Meeka",2022-11-03 18:13:07.017598,0.0957519153683031,0.191240954465334,0.0578869191231884,0.655120211043175,"TreeMovement"
"TreeMovement","Meeka",2022-11-03 18:13:13.9296,0.152300181256579,0.00306949622288495,0.0372898468369263,0.80734047568361,"TreeMovement"
"TreeMovement","Meeka",2022-11-03 18:13:15.916795,0.128004276318033,0.00305393915120432,0.122685391106105,0.746256393424657,"TreeMovement"
"TreeMovement","Meeka",2022-11-03 18:13:17.990401,0.154344212746334,0.000884955752212389,0.182371395568644,0.66239943593281,"TreeMovement"
"TreeMovement","Meeka",2022-11-03 18:13:19.977596,0.101514116142392,9.14504207182919e-05,0.0606743859313427,0.837720047505548,"TreeMovement"
"TreeMovement","Meeka",2022-11-03 18:13:22.483195,0.183666093064141,0.00427104245644324,0.0417869047278679,0.770275959751548,"TreeMovement"
"TreeMovement","Meeka",2022-11-03 18:13:29.308797,0.127031221850213,0.00658066469065732,0.0372202642104443,0.829167849248685,"TreeMovement"
"TreeMovement","Meeka",2022-11-03 18:13:31.296002,0.182711102303202,0.118696269439298,0.011537442844429,0.687055185413071,"TreeMovement"
"TreeMovement","Meeka",2022-11-03 18:13:33.283197,0.123441687315524,0.00402799309357515,0.032206729299385,0.840323590291516,"TreeMovement"
"TreeMovement","Meeka",2022-11-03 18:13:35.356802,0.0873764850617507,0.000154478409148965,0.0350593775706943,0.877409658958406,"TreeMovement"
"TreeMovement","Meeka",2022-11-03 18:13:37.6896,0.112547662511818,0.00234469604863514,0.0601985299873687,0.824909111452178,"TreeMovement"
"TreeMovement","Meeka",2022-11-03 18:13:39.676795,0.257539917508895,0.00200775079814452,0.0661029465184763,0.674349385174484,"TreeMovement"
"TreeMovement","Meeka",2022-11-03 18:13:41.750401,0.205080437443205,0.000594338278546422,0.0461654080131823,0.748159816265067,"TreeMovement"
"TreeMovement","Meeka",2022-11-03 18:13:43.737596,0.132233270046445,0.000104090423273032,0.0310072898661445,0.836655349664138,"TreeMovement"
"TreeMovement","Meeka",2022-11-03 18:13:45.724801,0.218094727992008,0.00987583120539726,0.0491085255808399,0.722920915221755,"TreeMovement"
"TreeMovement","Meeka",2022-11-03 18:13:47.798397,0.221019412552438,0.00475998927326361,0.0501930509669519,0.724027547207346,"TreeMovement"
"TreeMovement","Meeka",2022-11-03 18:13:49.785602,0.234642424208953,0.00116012997418328,0.041039680959261,0.723157764857603,"TreeMovement"
"TreeMovement","Meeka",2022-11-03 18:13:51.859197,0.369772876943317,0.0236608606077633,0.046690319591023,0.559875942857897,"TreeMovement"
"TreeMovement","Meeka",2022-11-03 18:13:53.846403,0.231265218229843,0.000614300567723949,0.0506061039746484,0.717514377227784,"TreeMovement"
"TreeMovement","Meeka",2022-11-03 18:13:55.919998,0.233516329374646,0.003309017494499,0.102536307727459,0.660638345403395,"TreeMovement"
"TreeMovement","Meeka",2022-11-03 18:29:37.593597,0.203177439514639,0.00093324665963859,0.0688092771265858,0.727080036699137,"TreeMovement"
"TreeMovement","Meeka",2022-11-03 18:29:39.580802,0.165684733461255,0.00486163642295649,0.0545122427080752,0.774941387407714,"TreeMovement"
"TreeMovement","Meeka",2022-11-03 18:29:41.567997,0.144782603562555,0.00395752031826528,0.0317138762895381,0.819545999829642,"TreeMovement"
"TreeMovement","Meeka",2022-11-03 18:29:43.641603,0.269502580113485,0.00186823992133727,0.0575661892601713,0.671062990705006,"TreeMovement"
"TreeMovement","Meeka",2022-11-03 18:29:45.628798,0.132092517459451,0.00115094940722738,0.0317815013043513,0.83497503182897,"TreeMovement"
"TreeMovement","Meeka",2022-11-03 18:29:47.702404,0.144619314998476,0.00027315596172618,0.0325192226346556,0.822588306405142,"TreeMovement"
"TreeMovement","Meeka",2022-11-03 18:29:49.689599,0.16128267154757,0.000439100389345364,0.0469914650414866,0.791286763021598,"TreeMovement"
"TreeMovement","Meeka",2022-11-03 18:29:51.763204,0.197011932997463,0.000273128193285768,0.118106839091427,0.684608099717825,"TreeMovement"
"TreeMovement","Meeka",2022-11-03 18:29:53.750399,0.120063598610799,0.000137289690155103,0.0646522305097099,0.815146881189335,"TreeMovement"
"TreeMovement","Meeka",2022-11-03 18:33:25.516803,0.185977915782066,0.00213878259164248,0.0531992695170529,0.758684032109239,"TreeMovement"
"TreeMovement","Meeka",2022-11-03 18:33:27.503998,0.310107715658962,0,0.0526111676298088,0.637281116711228,"TreeMovement"
"TreeMovement","Meeka",2022-11-03 18:33:29.491203,0.0992326974861474,0.000347766846787382,0.0245577694258738,0.875861766241191,"TreeMovement"
"TreeMovement","Meeka",2022-11-03 18:33:31.651199,0.141643039816576,0.000203825539412383,0.0309610461167352,0.827192088527275,"TreeMovement"
"TreeMovement","Meeka",2022-11-03 18:33:33.638404,0.0883263091286538,0.00291750085069933,0.0292866040759094,0.879469585944737,"TreeMovement"
"TreeMovement","Meeka",2022-11-03 18:33:35.625599,0.130260751937996,0.00105659411456448,0.0581626955607396,0.8105199583867,"TreeMovement"
"TreeMovement","Meeka",2022-11-03 18:33:37.699205,0.0811214671830163,0.00116600765781135,0.0331188438934224,0.88459368126575,"TreeMovement"
"TreeMovement","Meeka",2022-11-03 18:33:39.7728,0.230629256600119,0.00120803483635342,0.0599721488498237,0.708190559713704,"TreeMovement"
"TreeMovement","Meeka",2022-11-03 18:33:41.846396,0.132991440623699,0.00129431816582313,0.089176214735584,0.776538026474894,"TreeMovement"
"TreeMovement","Meeka",2022-11-03 18:33:43.7472,0.163415377693464,0.0157371426645492,0.100794273674374,0.720053205967613,"TreeMovement"
"TreeMovement","Meeka",2022-11-03 18:38:04.070401,0.2727688813972,0.0393629723275741,0.129731682607789,0.558136463667437,"TreeMovement"
"TreeMovement","Meeka",2022-11-03 18:38:06.143997,0.432651732016298,0.00429367420517863,0.115097214961158,0.447957378817365,"TreeMovement"
"TreeMovement","Meeka",2022-11-03 18:38:08.131202,0.344101135395483,0.0245856159572974,0.195097661907296,0.436215586739924,"TreeMovement"
"TreeMovement","Meeka",2022-11-03 18:38:10.118397,0.185824627236965,0.00485566404510852,0.0873032986434982,0.722016410074428,"TreeMovement"
"TreeMovement","Meeka",2022-11-03 18:40:14.7072,0.486818898073325,0.00100073891768922,0.0274704716508563,0.484709891358129,"Foraging"
"TreeMovement","Meeka",2022-11-03 18:40:16.780796,0.302830543225266,0.00884955752212389,0.0483059948637315,0.640013904388879,"TreeMovement"
"TreeMovement","Meeka",2022-11-03 18:40:18.768001,0.266267463119113,0.00400337126000843,0.0598641633883948,0.669865002232484,"TreeMovement"
"TreeMovement","Meeka",2022-11-03 18:40:20.841597,0.292751561975554,0.000503748122617179,0.0881442075157987,0.61860048238603,"TreeMovement"
"TreeMovement","Meeka",2022-11-03 18:40:22.828802,0.202764840174675,0.0222365923578886,0.123617100545801,0.651381466921636,"TreeMovement"
"TreeMovement","Meeka",2022-11-03 18:40:24.815997,0.133933846404392,0.00712872376986101,0.184697204164944,0.674240225660803,"TreeMovement"
"TreeMovement","Meeka",2022-11-03 18:40:54.624002,0.150052015089511,0.0133514182688667,0.0701011881228967,0.766495378518725,"TreeMovement"
"TreeMovement","Meeka",2022-11-03 18:40:56.697598,0.190957246703015,0.0075381726397661,0.114940983894526,0.686563596762694,"TreeMovement"
"TreeMovement","Meeka",2022-11-03 18:43:17.443204,0.223172474396042,0.000103503596749987,0.114697797312686,0.662026224694521,"TreeMovement"
"TreeMovement","Meeka",2022-11-03 18:43:19.430399,0.14593328590488,0.000184537166758086,0.175601353469265,0.678280823459097,"TreeMovement"
"TreeMovement","Meeka",2022-11-03 18:43:21.504004,0.157351417642494,0.00131746368766019,0.167194060328408,0.674137058341438,"TreeMovement"
"TreeMovement","Meeka",2022-11-03 18:43:23.491199,0.142053853406079,0.00118270525563414,0.225811797155874,0.630951644182414,"TreeMovement"
"TreeMovement","Meeka",2022-11-03 18:43:25.564795,0.172637353217234,0.00221960929925532,0.194912977476981,0.63023006000653,"TreeMovement"
"TreeMovement","Meeka",2022-11-03 18:43:27.552,0.162487314197562,0.000228217755778878,0.100949765349322,0.736334702697338,"TreeMovement"
"TreeMovement","Meeka",2022-11-03 18:43:29.625596,0.196837627937493,0.00367462129094013,0.11092483314589,0.688562917625677,"TreeMovement"
"TreeMovement","Meeka",2022-11-03 18:43:31.612801,0.350951303515694,0.00466216277793524,0.0860186707781074,0.558367862928263,"TreeMovement"
"TreeMovement","Meeka",2022-11-03 18:43:33.599996,0.206241010158095,0.000467904433331753,0.114776640116382,0.678514445292192,"TreeMovement"
"TreeMovement","Meeka",2022-11-03 18:43:35.673602,0.173896721680455,0.00498187846852417,0.152364801127493,0.668756598723527,"TreeMovement"
"TreeMovement","Meeka",2022-11-03 18:43:37.660797,0.14092670368332,0.000184537166758086,0.158286792059056,0.700601967090866,"TreeMovement"
"TreeMovement","Meeka",2022-11-03 18:43:39.734402,0.108307509248718,0.00325925994941945,0.177352437042687,0.711080793759176,"TreeMovement"
"TreeMovement","Meeka",2022-11-03 18:43:41.721597,0.25334053339498,0.00599493834832068,0.0703365884168802,0.670327939839819,"TreeMovement"
"TreeMovement","Meeka",2022-11-03 18:43:43.708802,0.18675646778051,0.00162923157244502,0.0999710950130274,0.711643205634017,"TreeMovement"
"TreeMovement","Meeka",2022-11-03 18:43:45.782398,0.261281630745127,0.00981304703417999,0.0543630180834783,0.674542304137214,"TreeMovement"
"TreeMovement","Meeka",2022-11-03 18:43:47.769603,0.399604357762977,0.00728088565246109,0.0611976989137636,0.531917057670798,"TreeMovement"
"TreeMovement","Meeka",2022-11-03 18:43:49.843199,0.115182519835642,0.000209757091623611,0.123604270051894,0.76100345302084,"TreeMovement"
"TreeMovement","Meeka",2022-11-03 18:43:51.830404,0.300363866057296,0.000186226787890717,0.0945345403140449,0.604915366840768,"TreeMovement"
"TreeMovement","Meeka",2022-11-03 18:43:53.904,0.253087242058329,0.0059477079940416,0.0925453061287201,0.64841974381891,"TreeMovement"
"TreeMovement","Meeka",2022-11-03 18:43:55.891205,0.235036139763121,0.000107053257389753,0.0794629138329081,0.685393893146582,"TreeMovement"
"TreeMovement","Meeka",2022-11-03 18:43:57.8784,0.258356441420731,0.0618192370171876,0.101922335131866,0.577901986430216,"TreeMovement"
"TreeMovement","Meeka",2022-11-03 18:43:59.951995,0.120094550688805,0.00126951142321426,0.10268730522878,0.7759486326592,"TreeMovement"
"TreeMovement","Meeka",2022-11-03 18:44:01.9392,0.123503941036712,0.000643119111439707,0.142519383084837,0.733333556767011,"TreeMovement"
"TreeMovement","Meeka",2022-11-03 18:44:04.012796,0.185273501330372,0.00544573221616873,0.0872309479688989,0.722049818484561,"TreeMovement"
"TreeMovement","Meeka",2022-11-03 18:48:55.612804,0.206706816075238,0.000979155396429646,0.0913067224646074,0.701007306063725,"TreeMovement"
"TreeMovement","Meeka",2022-11-03 18:48:57.599999,0.438866679943295,0.00277393781119314,0.0527603429682885,0.505599039277223,"TreeMovement"
"TreeMovement","Meeka",2022-11-03 18:48:59.673604,0.358644818045998,0.00508840574820683,0.0945987660169046,0.541668010188891,"TreeMovement"
"TreeMovement","Meeka",2022-11-03 18:49:01.6608,0.162724362667426,0.000813978774478862,0.0917168871582966,0.744744771399798,"TreeMovement"
"TreeMovement","Meeka",2022-11-03 18:49:03.648005,0.267629911103318,0.00409027791955108,0.0947715119678454,0.633508299009286,"TreeMovement"
"TreeMovement","Meeka",2022-11-03 18:49:05.7216,0.170934283181802,0.000222679713537266,0.106015484288622,0.722827552816039,"TreeMovement"
"TreeMovement","Meeka",2022-11-03 18:56:51.503996,0.119668951764475,0.00166000387239325,0.230707973677003,0.64796307068613,"TreeMovement"
"TreeMovement","Meeka",2022-11-03 18:56:53.491201,0.155740689518725,0.000244677443104402,0.100641694056331,0.74337293898184,"TreeMovement"
"TreeMovement","Meeka",2022-11-03 18:56:55.564797,0.195614986710175,0.00331983400829959,0.157370849518566,0.643694329762959,"TreeMovement"
"TreeMovement","Meeka",2022-11-03 18:56:57.552002,0.159206422467016,0.00271438668612094,0.256684636770851,0.581394554076013,"TreeMovement"
"TreeMovement","Meeka",2022-11-03 18:56:59.539197,0.153669745366887,0.000610598840687336,0.233246526876988,0.612473128915438,"TreeMovement"
"TreeMovement","Meeka",2022-11-03 18:57:01.612803,0.180067822996515,0.00274725194400263,0.157616968467848,0.659567956591635,"TreeMovement"
"TreeMovement","Meeka",2022-11-03 18:57:03.599998,0.163031356592909,0.0236169340464817,0.104918388639741,0.708433320720869,"TreeMovement"
"Foraging","Meeka",2022-11-03 18:57:12.844798,0.584168731768192,0.0817592940333431,0.133295635687707,0.200776338510758,"Foraging"
"Foraging","Meeka",2022-11-03 19:16:10.819203,0.392563756999304,0.00370589977761033,0.0571001441107237,0.546630199112362,"TreeMovement"
"Foraging","Meeka",2022-11-03 19:16:12.892798,0.627182939601831,0.0256473287446739,0.0468362966927713,0.300333434960723,"Foraging"
"Foraging","Meeka",2022-11-03 19:16:14.880003,0.571393099217624,0.00549745240010727,0.0495091364735571,0.373600311908711,"Foraging"
"Foraging","Meeka",2022-11-03 19:16:16.953599,0.93953567461577,0.00437199892611737,0.0178104956327241,0.0382818308253891,"Foraging"
"Foraging","Meeka",2022-11-03 19:16:18.940804,0.587581427529751,0.0445308904066626,0.0674834964167443,0.300404185646842,"Foraging"
"Foraging","Meeka",2022-11-03 19:16:20.927999,0.62651459890164,0.0207543194268858,0.0886168354578321,0.264114246213642,"Foraging"
"Foraging","Meeka",2022-11-03 19:16:23.001595,0.821618292878414,0.0141469502939891,0.0582071467228305,0.106027610104767,"Foraging"
"Foraging","Meeka",2022-11-03 19:16:24.9888,0.54695212540519,7.67505484374904e-05,0.0804190234611143,0.372552100585258,"Foraging"
"Foraging","Meeka",2022-11-03 19:16:27.062396,0.583987916600373,0.00238529740179658,0.104365281501536,0.309261504496295,"Foraging"
"Foraging","Meeka",2022-11-03 19:16:29.049601,0.543854193751541,0.00727630285152409,0.225566021245696,0.223303482151239,"Foraging"
"Foraging","Meeka",2022-11-03 19:16:31.036796,0.587142448433154,0.0135278459413863,0.0674035896623784,0.331926115963081,"Foraging"
"Foraging","Meeka",2022-11-03 19:38:15.936004,0.681768570208483,0.0199044809664279,0.0540945817424167,0.244232367082672,"Foraging"
"Foraging","Meeka",2022-11-03 19:38:17.923199,0.385727692410367,0.000172854070807286,0.0939567088899945,0.520142744628832,"TreeMovement"
"Foraging","Meeka",2022-11-03 19:38:19.996795,0.502811482668387,0.0162753962818626,0.0782669043011786,0.402646216748572,"Foraging"
"Foraging","Meeka",2022-11-03 19:38:21.984,0.579085699006899,0.0104996813067843,0.0576422921854303,0.352772327500886,"Foraging"
"Foraging","Meeka",2022-11-03 19:40:30.288002,0.753856070304096,0.00254689364050115,0.0655349124337394,0.178062123621663,"Foraging"
"Foraging","Meeka",2022-11-03 19:40:32.275197,0.92422970308317,0.00591715976331361,0.0177993155632739,0.0520538215902421,"Foraging"
"Foraging","Meeka",2022-11-03 19:40:34.348802,0.45085702638566,6.87674269775992e-05,0.132207789515031,0.416866416672332,"Foraging"
"Foraging","Meeka",2022-11-03 19:40:36.335997,0.593612854581354,0.0047947602619869,0.0450779844548109,0.356514400701848,"Foraging"
"Foraging","Meeka",2022-11-03 19:40:38.409603,0.615480701961085,0.0105505471663989,0.0745896953560787,0.299379055516437,"Foraging"
"Foraging","Meeka",2022-11-03 19:46:20.985596,0.434793804932956,0.00515839453892551,0.349426178524284,0.210621622003835,"Foraging"
"Foraging","Meeka",2022-11-03 19:46:22.972801,0.752077275236769,0.0149868895444117,0.152942436169481,0.0799933990493381,"Foraging"
"Foraging","Meeka",2022-11-03 19:46:25.046397,0.593532266204158,0.00480404551201011,0.240225822089123,0.16143786619471,"Foraging"
"Foraging","Meeka",2022-11-03 19:46:27.033602,0.699422556630002,0.000983284169124877,0.149247352928056,0.150346806272817,"Foraging"
"Foraging","Meeka",2022-11-03 19:46:29.107198,0.606099790999657,0.0175094816687737,0.216902872810773,0.159487854520796,"Foraging"
"Foraging","Meeka",2022-11-03 19:46:31.094403,0.760200506671054,0.0216656740602602,0.138029630038973,0.0801041892297127,"Foraging"
"Foraging","Meeka",2022-11-03 19:46:33.167999,0.56124970532946,0.0485090049929968,0.0785292088396624,0.311712080837881,"Foraging"
"Foraging","Meeka",2022-11-03 19:51:09.4752,0.53979987757439,0.197410059956241,0.0407114122814297,0.22207865018794,"Foraging"
"Foraging","Meeka",2022-11-03 19:57:21.427196,0.903165317298738,0.0145981542850161,0.00612290380697061,0.076113624609275,"Foraging"
"Foraging","Meeka",2022-11-03 19:57:23.500802,0.719981931882342,0.0264818458147253,0.030514467757912,0.223021754545021,"Foraging"
"Foraging","Meeka",2022-11-03 19:57:25.487997,0.528709207831316,0.0168942870967688,0.103028165953182,0.351368339118732,"Foraging"
"Foraging","Meeka",2022-11-03 19:59:23.164798,0.588953796634637,0.00512943307161806,0.0653720727118046,0.340544697581941,"Foraging"
"Foraging","Meeka",2022-11-03 19:59:25.152003,0.854362071642147,0.00487183504542252,0.0469198912948,0.0938462020176302,"Foraging"
"Foraging","Meeka",2022-11-03 19:59:27.225599,0.911521534824742,0.000699268817370109,0.0268938629702617,0.0608853333876263,"Foraging"
"Foraging","Meeka",2022-11-03 19:59:29.212804,0.533184962813431,0.00579155070024277,0.0791517588088957,0.38187172767743,"Foraging"
"Foraging","Meeka",2022-11-03 20:01:27.926402,0.643610779557559,0.01343821697804,0.0755651395506304,0.267385863913771,"Foraging"
"Foraging","Meeka",2022-11-03 20:01:29.913597,0.975704458615938,0.00540806293018682,0.0119495102319349,0.00693796822194002,"Foraging"
"Foraging","Meeka",2022-11-03 20:01:31.987203,0.715043226097485,0.00443263551108159,0.0475421662370795,0.232981972154354,"Foraging"
"Foraging","Meeka",2022-11-03 20:01:33.974398,0.512467341587018,0.0496523281284043,0.119987719659933,0.317892610624645,"Foraging"
"Foraging","Meeka",2022-11-03 21:11:55.478396,0.966296389464496,0.0122582759750901,0.0142230892114446,0.00722224534896882,"Foraging"
"Locomotion","Meeka",2022-11-03 21:11:57.552002,0.0676624525791911,0.758542785845803,0.0493243837576922,0.124470377817313,"Locomotion"
"Locomotion","Meeka",2022-11-03 21:13:14.879997,0.0102261553588987,0.982764433206911,0.0021728652129485,0.00483654622124169,"Locomotion"
"Locomotion","Meeka",2022-11-03 21:13:49.439999,0,0.99882005899705,0,0.00117994100294985,"Locomotion"
"Locomotion","Meeka",2022-11-03 21:13:58.080005,0.00788644711634732,0.969124877089479,0.000186636804777902,0.0228020389893959,"Locomotion"
"Foraging","Meeka",2022-11-03 21:13:58.080005,0.589581754045121,0.122789951772253,0.131656052038332,0.155972242144294,"Foraging"
"Foraging","Meeka",2022-11-03 21:13:59.894398,0.553885301073069,0.180411574659362,0.0918702273147632,0.173832896952805,"Foraging"
"Locomotion","Meeka",2022-11-03 21:17:16.799999,0,0.999016715830875,0.000983284169124877,0,"Locomotion"
"Locomotion","Meeka",2022-11-03 21:17:16.799999,0.00337126000842815,0.989865149599663,0.00189633375474083,0.00486725663716814,"Locomotion"
"Locomotion","Meeka",2022-11-03 21:17:25.440004,0.00997682258744206,0.976191646766868,0.00344149459193707,0.0103900360537529,"Locomotion"
"Locomotion","Meeka",2022-11-03 21:17:25.440004,0.0117467340918668,0.97707660251908,0.00147492625368732,0.00970173713536546,"Locomotion"
"Locomotion","Meeka",2022-11-03 21:17:25.440004,0.0432892983777939,0.882370055378905,0.0095051867175761,0.064835459525725,"Locomotion"
"Foraging","Meeka",2022-11-03 21:20:44.764803,0.536905354693169,0.0528874746738854,0.199094452171108,0.211112718461837,"Foraging"
"Foraging","Meeka",2022-11-03 21:20:46.751998,0.929933650480949,0.00825958702064897,0.0278166746236537,0.0339900878747485,"Foraging"
"Foraging","Meeka",2022-11-03 21:20:48.825604,0.941994094231594,0.00719542918317595,0.026200455413612,0.0246100211716181,"Foraging"
"Foraging","Meeka",2022-11-03 21:20:50.812799,0.936107072750969,0.000877828396548614,0.0391560969285324,0.0238590019239496,"Foraging"
"Foraging","Meeka",2022-11-03 21:20:52.886405,0.485850155023993,0.00327587592646484,0.126198427471066,0.384675541578477,"Foraging"
"Foraging","Meeka",2022-11-03 21:20:54.8736,0.524331367429572,0.0103453220077329,0.174694468757976,0.290628841804719,"Foraging"
"Foraging","Meeka",2022-11-03 21:36:44.150396,0.569880939499011,0.0261495060167626,0.250188356383047,0.153781198101179,"Foraging"
"Foraging","Meeka",2022-11-03 21:36:46.137601,0.55437572263519,0.0198702150029584,0.165097764488147,0.260656297873704,"Foraging"
"Foraging","Meeka",2022-11-03 21:55:21.216003,0.870846858834077,0.0230017222018583,0.0292648695607263,0.0768865494033382,"Foraging"
"Foraging","Meeka",2022-11-03 21:55:23.203198,0.896956352614934,0.0380845990103989,0.0283970031847097,0.0365620451899571,"Foraging"
"Foraging","Meeka",2022-11-03 21:55:25.276803,0.944148037588757,0.00739208601700092,0.0218495223030583,0.0266103540911841,"Foraging"
"Foraging","Meeka",2022-11-03 21:55:27.263999,0.847660185992978,0.0134955752212389,0.0670176542661526,0.0718265845196305,"Foraging"
"Foraging","Meeka",2022-11-03 21:55:29.337604,0.87498465300119,0.00152047483565523,0.0583150785013497,0.065179793661805,"Foraging"
"Foraging","Meeka",2022-11-03 21:55:31.324799,0.560459960607117,0.0047286534789428,0.0986426374536895,0.336168748460251,"Foraging"
"Foraging","Meeka",2022-11-03 21:57:15.695999,0.884767567887854,0.0155253546846467,0.0518673817634993,0.0478396956639994,"Foraging"
"Foraging","Meeka",2022-11-03 21:57:17.769595,0.956518063428415,0.0176697467371395,0.0131872688634016,0.0126249209710444,"Foraging"
"Foraging","Meeka",2022-11-03 21:57:19.7568,0.9051470864291,0.0072445933916322,0.0624479161382498,0.0251604040410182,"Foraging"
"Locomotion","Meeka",2022-11-03 21:57:21.830396,0.0288441728707215,0.907805403380624,0.0110478999859531,0.0523025237627008,"Locomotion"
"Locomotion","Meeka",2022-11-03 23:09:01.439996,0.079517885758306,0.779938614245886,0.0310569760951435,0.109486523900665,"Locomotion"
"Locomotion","Meeka",2022-11-03 23:09:53.279998,0.00657746874561034,0.956163084702908,0.00272861356932153,0.0345308329821604,"Locomotion"
"Locomotion","Meeka",2022-11-03 23:10:19.200004,0,0.998525073746313,0,0.00147492625368732,"Locomotion"
"Locomotion","Meeka",2022-11-03 23:10:19.200004,0.00397527742660486,0.976203352530786,0.00506625462377675,0.0147551154188322,"Locomotion"
"Locomotion","Meeka",2022-11-03 23:11:02.400001,0.0317390082876809,0.933499555180971,0.0136161445895959,0.0211452919417521,"Locomotion"
"Locomotion","Meeka",2022-11-03 23:13:37.919999,0.0211511448237112,0.941163318818186,0.00565154281968441,0.0320339935384183,"Locomotion"
"Locomotion","Meeka",2022-11-03 23:13:46.560004,0.128293186838829,0.655167073092419,0.03883630271682,0.177703437351932,"Locomotion"
"Foraging","Meeka",2022-11-04 00:31:26.544002,0.500916046528656,0.00745550745550745,0.250503679870833,0.241124766145004,"Foraging"
"Foraging","Meeka",2022-11-04 00:31:28.531197,0.623647089102442,0.00536400801405799,0.135043358755535,0.235945544127965,"Foraging"
"Foraging","Meeka",2022-11-04 00:31:30.604803,0.74988067540386,0.00307442867871618,0.102886519042254,0.14415837687517,"Foraging"
"Foraging","Meeka",2022-11-04 00:31:32.591998,0.847467699953399,0.0136710577826984,0.0693375659196247,0.0695236763442778,"Foraging"
"Foraging","Meeka",2022-11-04 00:31:34.665603,0.982787415519852,0.00267232200520152,0.00875203050689377,0.00578823196805279,"Foraging"
"Foraging","Meeka",2022-11-04 00:31:36.652798,0.979594545421798,0.00170308475277842,0.00677118617742345,0.011931183648,"Foraging"
"Foraging","Meeka",2022-11-04 00:31:38.640003,0.934398405443806,0.00147492625368732,0.0427677200274723,0.0213589482750343,"Foraging"
"Foraging","Meeka",2022-11-04 00:31:40.713599,0.853999167883439,0.00324483775811209,0.0901509697496449,0.052605024608804,"Foraging"
"Foraging","Meeka",2022-11-04 00:31:42.700804,0.548039441190746,0.00148008447435367,0.163162295422985,0.287318178911915,"Foraging"
"Foraging","Meeka",2022-11-04 00:31:44.7744,0.538993816855354,0.0142233544888412,0.223307135133035,0.22347569352277,"Foraging"
"Foraging","Meeka",2022-11-04 00:31:46.761605,0.501210498666856,0.0740193511926984,0.130532152228625,0.294237997911821,"Foraging"
"Foraging","Meeka",2022-11-04 02:39:30.009598,0.646655736086031,0.00149302350833379,0.0931906231722712,0.258660617233364,"Foraging"
"Foraging","Meeka",2022-11-04 02:39:31.996804,0.93639970602799,0.00340871845296624,0.0297439410154823,0.0304476345035615,"Foraging"
"Foraging","Meeka",2022-11-04 02:39:34.070399,0.959254060576886,0.00657268254273019,0.0184256788197634,0.0157475780606206,"Foraging"
"Foraging","Meeka",2022-11-04 02:39:36.057604,0.946510983130417,0.00803834808259587,0.021011207680979,0.0244394611060076,"Foraging"
"Foraging","Meeka",2022-11-04 02:39:38.044799,0.89544723911677,0.0235566793088917,0.0525915276604397,0.0284045539138986,"Foraging"
"Foraging","Meeka",2022-11-04 02:39:40.118395,0.886007906593904,0.000294985250737463,0.0520296162362608,0.0616674919190981,"Foraging"
"Foraging","Meeka",2022-11-04 02:39:42.1056,0.799814061474069,0.0118063295905365,0.0860599163613258,0.102319692574068,"Foraging"
"Foraging","Meeka",2022-11-04 02:39:44.179196,0.550563131409691,0.0201103910083419,0.0786487843016955,0.350677693280271,"Foraging"
"Foraging","Meeka",2022-11-04 08:15:38.015998,0.480569966100734,0.0665047828374221,0.146542194076934,0.30638305698491,"Foraging"
"Foraging","Meeka",2022-11-04 08:15:40.003203,0.4904967107024,0.00511566863110318,0.266953042318785,0.237434578347711,"Foraging"
"Foraging","Meeka",2022-11-04 08:15:41.990398,0.750701155418875,0.0291887065832927,0.148307473285307,0.071802664712525,"Foraging"
"Foraging","Meeka",2022-11-04 08:15:44.064004,0.752706155687358,0.0483992976965387,0.12128518372087,0.0776093628952334,"Foraging"
"Foraging","Meeka",2022-11-04 08:15:46.051199,0.768776713608026,0.0158858922133258,0.178361109923523,0.0369762842551251,"Foraging"
"Foraging","Meeka",2022-11-04 08:15:48.124804,0.724932686257052,0.0305704287614751,0.168717857020149,0.0757790279613237,"Foraging"
"Foraging","Meeka",2022-11-04 08:15:50.111999,0.748527052222042,0.0189910870936378,0.133179367372566,0.0993024933117538,"Foraging"
"Foraging","Meeka",2022-11-04 08:15:52.099205,0.849368183554601,0.0194292269513508,0.086027195781463,0.0451753937125851,"Foraging"
"Foraging","Meeka",2022-11-04 08:15:54.1728,0.782446812874479,0.00839771503488318,0.131112608354684,0.0780428637359539,"Foraging"
"Foraging","Meeka",2022-11-04 08:15:56.159995,0.714530060875478,0.014354506013379,0.118269852302064,0.152845580809079,"Foraging"
"Foraging","Meeka",2022-11-04 08:15:58.233601,0.664641724248576,0.0169040352022087,0.130286084746532,0.188168155802683,"Foraging"
"Foraging","Meeka",2022-11-04 08:16:00.220796,0.537118731857185,0.00696241816931472,0.192075637963668,0.263843212009832,"Foraging"
"Foraging","Meeka",2022-11-04 08:16:02.294402,0.834749853307608,0.00643934073137613,0.089159440417323,0.069651365543693,"Foraging"
"Foraging","Meeka",2022-11-04 08:16:04.281597,0.935457377583534,0.0115874318052671,0.0277876013510963,0.0251675892601029,"Foraging"
"Locomotion","Meeka",2022-11-04 08:16:06.268802,0.00265486725663717,0.993117010816126,0.00422812192723697,0,"Locomotion"
"Locomotion","Meeka",2022-11-05 00:48:48.960003,0.00671910848901999,0.988725008194035,0.00196656833824975,0.00258931497869551,"Locomotion"
"Locomotion","Meeka",2022-11-05 00:49:49.440001,0,0.998525073746313,0,0.00147492625368732,"Locomotion"
"Locomotion","Meeka",2022-11-05 00:49:49.440001,0,1,0,0,"Locomotion"
"Locomotion","Meeka",2022-11-05 00:49:49.440001,0.00294985250737463,0.981747202322424,0.00468230556726132,0.0106206396029405,"Locomotion"
"Locomotion","Meeka",2022-11-05 00:49:58.079997,0,1,0,0,"Locomotion"
"Locomotion","Meeka",2022-11-05 00:49:58.079997,0,1,0,0,"Locomotion"
"Locomotion","Meeka",2022-11-05 00:49:58.079997,0.0157388162337915,0.938043940960603,0.00827355438361539,0.0379436884219897,"Locomotion"
"Locomotion","Meeka",2022-11-05 00:50:41.280004,0.000368731563421829,0.999631268436578,0,0,"Locomotion"
"Locomotion","Meeka",2022-11-05 00:50:41.280004,0,1,0,0,"Locomotion"
"Locomotion","Meeka",2022-11-05 00:50:41.280004,0.00331858407079646,0.989429695181908,0.00102425434283841,0.00622746640445756,"Locomotion"
"Locomotion","Meeka",2022-11-05 00:52:50.880005,0.0194678559722808,0.960305754553542,0.00138010956595027,0.0188462799082268,"Locomotion"
"Locomotion","Meeka",2022-11-05 00:55:43.680003,0,1,0,0,"Locomotion"
"Locomotion","Meeka",2022-11-05 00:55:43.680003,0,1,0,0,"Locomotion"
"Locomotion","Meeka",2022-11-05 00:55:43.680003,0.00262209111766634,0.990429367420518,0.000884955752212389,0.00606358570960341,"Locomotion"
"Locomotion","Meeka",2022-11-05 00:55:52.319998,0.0504292771592057,0.78665819338599,0.0242695603315072,0.138642969123298,"Locomotion"
"Locomotion","Meeka",2022-11-05 00:57:01.440001,0,1,0,0,"Locomotion"
"Locomotion","Meeka",2022-11-05 00:57:01.440001,0.037650626860974,0.914331901363896,0.0120318251700144,0.0359856466051156,"Locomotion"
"Locomotion","Meeka",2022-11-05 01:11:16.799997,0.00196656833824975,0.99803343166175,0,0,"Locomotion"
"Locomotion","Meeka",2022-11-05 01:11:16.799997,0.0114154609729831,0.969554478625275,0.00147492625368732,0.0175551341480545,"Locomotion"
"Locomotion","Meeka",2022-11-05 01:11:25.440002,0.00580605890340404,0.983803905042843,0.00245821042281219,0.00793182563094067,"Locomotion"
"Locomotion","Meeka",2022-11-05 01:11:25.440002,0.00101137800252844,0.988879524277754,0.000327761389708292,0.0097813363300089,"Locomotion"
"Locomotion","Meeka",2022-11-05 01:11:25.440002,0.00817647609683008,0.974353841831718,0.0042608980662078,0.0132087840052442,"Locomotion"
"Locomotion","Meeka",2022-11-05 01:12:43.200001,0.00966076696165192,0.979729128622934,0.00313012127171419,0.00747998314369996,"Locomotion"
"Locomotion","Meeka",2022-11-05 01:12:43.200001,0.000663716814159292,0.993436578171091,0.00294985250737463,0.00294985250737463,"Locomotion"
"Stationary","Chadwick",2023-05-15 16:08:53.721604,0.148929512642773,0.00363021946036079,0.650451875222399,0.196988392674467,"Stationary"
"Stationary","Chadwick",2023-05-15 16:08:55.708799,0.0752895205022511,0.00788730461460798,0.739317233912751,0.17750594097039,"Stationary"
"Stationary","Chadwick",2023-05-15 16:08:57.782405,0.134060525596352,0.0112012454932809,0.773919104864009,0.0808191240463579,"Stationary"
"Stationary","Chadwick",2023-05-15 16:08:59.7696,0.204439473924706,0.0372995586257409,0.507565966267544,0.25069500118201,"Stationary"
"Stationary","Chadwick",2023-05-15 16:09:03.484798,0.202606859505269,0.0303686475862426,0.583021817757748,0.18400267515074,"Stationary"
"Stationary","Chadwick",2023-05-15 16:09:05.558403,0.133365891095328,0.0102238142061151,0.744274984565993,0.112135310132564,"Stationary"
"Stationary","Chadwick",2023-05-15 16:09:07.545599,0.149505433427606,0.00401445730701327,0.654391161892879,0.192088947372501,"Stationary"
"Stationary","Chadwick",2023-05-15 16:09:09.532804,0.122494209184652,0.00747065383444597,0.499107314849513,0.37092782213139,"Stationary"
"Stationary","Chadwick",2023-05-15 16:09:11.519999,0.164941198243672,0.0136099351499915,0.556801467001036,0.2646473996053,"Stationary"
"Stationary","Chadwick",2023-05-15 16:09:13.507204,0.177848954734154,0.00129889775907475,0.663652979109492,0.157199168397278,"Stationary"
"Stationary","Chadwick",2023-05-15 16:09:15.494399,0.201720231753482,0.00509610226403025,0.513263602534339,0.279920063448149,"Stationary"
"TreeMovement","Chadwick",2023-05-15 16:09:17.481604,0.0711964379145187,0.0213597087455005,0.0331152974373798,0.874328555902601,"TreeMovement"
"TreeMovement","Chadwick",2023-05-15 16:09:25.948798,0.0660304183202351,0.00286158828596675,0.0426754827071136,0.888432510686684,"TreeMovement"
"Stationary","Chadwick",2023-05-15 16:09:28.022403,0.194626871588527,0.00152122938588842,0.405930977889724,0.39792092113586,"Stationary"
"TreeMovement","Chadwick",2023-05-15 16:09:30.614403,0.108002269502277,0.00995829468921919,0.0258680203316355,0.856171415476869,"TreeMovement"
"TreeMovement","Chadwick",2023-05-15 16:09:32.7744,0.0853723390089029,0.0538537457084612,0.0332618962044798,0.827512019078156,"TreeMovement"
"TreeMovement","Chadwick",2023-05-15 16:09:34.761605,0.0839797043974379,0.0249674544380527,0.0325941295227669,0.858458711641743,"TreeMovement"
"TreeMovement","Chadwick",2023-05-15 16:09:36.7488,0.0908879274268067,0.00811145889055046,0.0626058134023254,0.838394800280317,"TreeMovement"
"Stationary","Chadwick",2023-05-15 16:09:38.822395,0.222595618204939,0.0144624713208784,0.626486427067267,0.136455483406916,"Stationary"
"Stationary","Chadwick",2023-05-15 16:09:40.8096,0.230611083006806,0.00641475862714801,0.663422031012127,0.0995521273539188,"Stationary"
"TreeMovement","Chadwick",2023-05-15 16:09:42.796795,0.100370818218325,0.00130769414407821,0.0433616652414839,0.854959822396113,"TreeMovement"
"TreeMovement","Chadwick",2023-05-15 16:09:44.956802,0.162899521266876,0.00198601421181844,0.053173762443989,0.781940702077317,"TreeMovement"
"TreeMovement","Chadwick",2023-05-15 16:09:46.943997,0.0578329652668584,0.101586368490492,0.0794757196008663,0.761104946641783,"TreeMovement"
"TreeMovement","Chadwick",2023-05-15 16:09:49.017602,0.0811569638944971,0.0360002839591763,0.0180042342934371,0.86483851785289,"TreeMovement"
"TreeMovement","Chadwick",2023-05-15 16:09:51.004797,0.0627416322910403,0.036172795219824,0.0325726655463914,0.868512906942745,"TreeMovement"
"TreeMovement","Chadwick",2023-05-15 16:09:52.992002,0.0962582691220688,0.249264701335164,0.0335226205314214,0.620954409011346,"TreeMovement"
"Stationary","Chadwick",2023-05-15 16:09:54.979198,0.120035466682982,0.0814802908677599,0.498317485404058,0.3001667570452,"Stationary"
"Stationary","Chadwick",2023-05-15 16:09:57.052803,0.319531233222019,0.0817893430725289,0.520402788017312,0.0782766356881401,"Stationary"
"Stationary","Chadwick",2023-05-15 16:09:59.039998,0.190345990403561,0.0370569368356979,0.683553245306922,0.0890438274538187,"Stationary"
"Stationary","Chadwick",2023-05-15 16:10:01.027203,0.139433036763395,0.00855831511527823,0.631005398991889,0.221003249129438,"Stationary"
"Stationary","Chadwick",2023-05-15 16:10:03.014398,0.152360305222832,0.0173872996881846,0.721333658779844,0.108918736309139,"Stationary"
"Stationary","Chadwick",2023-05-15 16:10:05.001603,0.315220107900192,0.0656623121224891,0.568195841905282,0.0509217380720378,"Stationary"
"Stationary","Chadwick",2023-05-15 16:10:06.988798,0.22581519028524,0.0182329487173455,0.58994169979034,0.166010161207074,"Stationary"
"Stationary","Chadwick",2023-05-15 16:10:09.062404,0.163421899883236,0.000946318598857025,0.618054238650481,0.217577542867427,"Stationary"
"Stationary","Chadwick",2023-05-15 16:10:11.049599,0.151805903334086,0.0193238750760875,0.69657225775898,0.132297963830846,"Stationary"
"TreeMovement","Nicole",2023-05-16 12:35:50.323199,0.0693665268241233,0.0372430584819965,0.0243426383884308,0.869047776305449,"TreeMovement"
"TreeMovement","Nicole",2023-05-16 12:35:54.4704,0.10821236457611,0.0598351828440324,0.0195284094059996,0.812424043173858,"TreeMovement"
"TreeMovement","Nicole",2023-05-16 12:35:56.457595,0.0765694597633006,0.00430881222388841,0.0316418980032806,0.88747983000953,"TreeMovement"
"TreeMovement","Nicole",2023-05-16 12:36:01.0368,0.0443343765079957,0.00624859160610308,0.0221958212139094,0.927221210671992,"TreeMovement"
"TreeMovement","Nicole",2023-05-16 12:36:03.024005,0.100002832789881,0.0111702931413556,0.0203321576261893,0.868494716442574,"TreeMovement"
"TreeMovement","Nicole",2023-05-16 12:36:05.097601,0.0794667296796911,0.000721569025502372,0.0368928440826629,0.882918857212143,"TreeMovement"
"TreeMovement","Nicole",2023-05-16 12:36:07.084796,0.161801919781997,0.0100087900680142,0.0325692865097208,0.795620003640268,"TreeMovement"
"TreeMovement","Nicole",2023-05-16 12:36:09.158401,0.0415496657108135,0.00152108611311793,0.021054940956613,0.935874307219455,"TreeMovement"
"TreeMovement","Nicole",2023-05-16 12:36:11.145596,0.0590227410212061,0.00560571976785519,0.0147612034610664,0.920610335749872,"TreeMovement"
"TreeMovement","Nicole",2023-05-16 12:36:13.132802,0.0909579223422283,0.00471398486855924,0.0352196516273565,0.869108441161856,"TreeMovement"
"TreeMovement","Nicole",2023-05-16 12:36:15.206397,0.0643820691372398,0.0039864086478249,0.0308233993609253,0.90080812285401,"TreeMovement"
"TreeMovement","Nicole",2023-05-16 12:36:17.193602,0.0677896319828259,0.0143153265013758,0.0271100619400236,0.890784979575775,"TreeMovement"
"TreeMovement","Nicole",2023-05-16 12:36:19.267198,0.0296217521027066,0.00167212535365812,0.0132068364243784,0.955499286119256,"TreeMovement"
"TreeMovement","Nicole",2023-05-16 12:36:21.254403,0.139308161406889,0.00645872451573625,0.0291060353310826,0.825127078746291,"TreeMovement"
"TreeMovement","Nicole",2023-05-16 12:36:23.327999,0.0499881544276055,0.000727976241162409,0.00692950650707457,0.942354362824157,"TreeMovement"
"TreeMovement","Nicole",2023-05-16 12:36:25.315204,0.0489461823595414,0.00582890612085335,0.00794248139637047,0.937282430123234,"TreeMovement"
"TreeMovement","Nicole",2023-05-16 12:36:27.302399,0.0888070687187612,0.00701088349404518,0.0427195868039981,0.861462460983195,"TreeMovement"
"TreeMovement","Nicole",2023-05-16 12:36:29.376004,0.0654557470161571,0.00544129883632897,0.045224590423904,0.88387836372361,"TreeMovement"
"TreeMovement","Nicole",2023-05-16 12:36:31.363199,0.142952160165745,0.00850423748653837,0.053475100688453,0.795068501659264,"TreeMovement"
"TreeMovement","Nicole",2023-05-16 12:36:33.436795,0.0719103996800623,0.000415826260428151,0.0271796650926944,0.900494108966814,"TreeMovement"
"TreeMovement","Nicole",2023-05-16 12:36:35.424,0.073767243161781,0.00024358602037965,0.0322092768880886,0.89377989392975,"TreeMovement"
"TreeMovement","Nicole",2023-05-16 12:36:37.411195,0.190970398912152,0.00150965257300935,0.0413296515173406,0.766190296997498,"TreeMovement"
"TreeMovement","Nicole",2023-05-16 12:36:39.484801,0.103712242601995,0.0208699223279191,0.0156916914906572,0.859726143579429,"TreeMovement"
"TreeMovement","Nicole",2023-05-16 12:36:41.471996,0.304098814509007,0.000455419170250832,0.0524396466394816,0.64300611968126,"TreeMovement"
"TreeMovement","Nicole",2023-05-16 12:36:43.545602,0.0421825230778876,0.00276354884776836,0.0131243749687534,0.94192955310559,"TreeMovement"
"TreeMovement","Nicole",2023-05-16 12:36:45.532797,0.055841399568962,0.000992679599023002,0.021893592080589,0.921272328751425,"TreeMovement"
"TreeMovement","Nicole",2023-05-16 12:36:47.606402,0.0663998324008586,0.0408886936834546,0.0173424625488769,0.87536901136681,"TreeMovement"
"TreeMovement","Nicole",2023-05-16 12:36:49.593597,0.106226497220087,0.0133777101988608,0.0389809601141004,0.841414832466951,"TreeMovement"
"TreeMovement","Nicole",2023-05-16 12:36:51.580802,0.0834254506683434,0.00902717819091989,0.0413612651861148,0.866186105954621,"TreeMovement"
"TreeMovement","Nicole",2023-05-16 12:36:53.654398,0.188595592296333,0.00226257282757338,0.0378549573955914,0.771286877480502,"TreeMovement"
"TreeMovement","Nicole",2023-05-16 12:37:00.652801,0.136119778179861,0.000420348670640437,0.0363655427816179,0.82709433036788,"TreeMovement"
"TreeMovement","Nicole",2023-05-16 12:37:02.726397,0.141648502409134,0.000233717488015184,0.0411360520492444,0.816981728053606,"TreeMovement"
"TreeMovement","Nicole",2023-05-16 12:37:04.713602,0.14221166137229,0.0714387746407252,0.0509557488753411,0.735393815111644,"TreeMovement"
"Locomotion","Nicole",2023-05-17 04:35:36.960001,0.0117092756473287,0.974665215151941,0.00446457835838367,0.00916093084234677,"Locomotion"
"Locomotion","Nicole",2023-05-17 04:35:39.552001,0.0199586328482058,0.921107833497214,0.0165402444163506,0.0423932892382296,"Locomotion"
"Locomotion","Nicole",2023-05-17 04:35:41.625596,0.00408765276021913,0.989291567167673,0.00420471039940066,0.00241606967270684,"Locomotion"
"Locomotion","Nicole",2023-05-17 04:35:43.612801,0.0151721459820729,0.954311232851056,0.0155113077679449,0.0150053133989263,"Locomotion"
"Locomotion","Nicole",2023-05-17 04:35:45.599996,0,0.996525729269092,0.00131104555883317,0.00216322517207473,"Locomotion"
"Locomotion","Nicole",2023-05-17 04:35:45.599996,0,0.997050147492625,0,0.00294985250737463,"Locomotion"
"Locomotion","Nicole",2023-05-17 04:35:45.599996,0,0.997050147492625,0.00294985250737463,0,"Locomotion"
"Locomotion","Nicole",2023-05-17 04:35:45.599996,0,1,0,0,"Locomotion"
"Locomotion","Nicole",2023-05-17 04:35:45.599996,0.0186156763590392,0.952387975839303,0.00996745797630753,0.01902888982535,"Locomotion"
"Locomotion","Nicole",2023-05-17 04:35:47.155198,0.00179800533782835,0.992475534953411,0.000327761389708292,0.0053986983190523,"Locomotion"
"Locomotion","Nicole",2023-05-17 04:35:49.142403,0.000294985250737463,0.996132415601442,0.00327761389708292,0.000294985250737463,"Locomotion"
"Locomotion","Nicole",2023-05-17 04:35:51.129598,0.00120803483635342,0.995842112656272,0.00294985250737463,0,"Locomotion"
"Locomotion","Nicole",2023-05-17 04:35:53.203204,0.00110619469026549,0.99476401179941,0.00383480825958702,0.000294985250737463,"Locomotion"
"Locomotion","Nicole",2023-05-17 04:35:54.240002,0,1,0,0,"Locomotion"
"Locomotion","Nicole",2023-05-17 04:35:54.240002,0.00745891276864728,0.973559020461675,0.00987498244135412,0.00910708432832327,"Locomotion"
"Locomotion","Nicole",2023-05-17 04:35:54.240002,0,1,0,0,"Locomotion"
"Locomotion","Nicole",2023-05-17 04:35:54.240002,0.00206489675516224,0.996238938053097,0.000958702064896755,0.000737463126843658,"Locomotion"
"Locomotion","Nicole",2023-05-17 04:35:54.672005,0.0137203258884675,0.977602191319005,0.000860373647984267,0.00781710914454277,"Locomotion"
"Locomotion","Nicole",2023-05-17 04:35:56.6592,0.0079646017699115,0.990569836587536,0,0.00146556164255279,"Locomotion"
"Locomotion","Nicole",2023-05-17 04:35:58.732796,0.00752563562298075,0.984954581635997,0.00550639134709931,0.00201339139392237,"Locomotion"
"Locomotion","Nicole",2023-05-17 04:36:00.720001,0.0137940722011518,0.981216931216931,0.000327761389708292,0.00466123519220864,"Locomotion"
"Locomotion","Nicole",2023-05-17 04:36:02.793597,0.004031465093412,0.992407641522686,0.00103244837758112,0.00252844500632111,"Locomotion"
"Locomotion","Nicole",2023-05-17 04:36:02.879997,0,1,0,0,"Locomotion"
"Locomotion","Nicole",2023-05-17 04:36:02.879997,0,1,0,0,"Locomotion"
"Locomotion","Nicole",2023-05-17 04:36:02.879997,0,1,0,0,"Locomotion"
"Locomotion","Nicole",2023-05-17 04:36:02.879997,0.0106721449641804,0.967081050709369,0.00520672379079459,0.0170400805356558,"Locomotion"
"Locomotion","Nicole",2023-05-17 04:36:04.262398,0.0161012782694199,0.978351360209767,0.00476073418551295,0.000786627335299902,"Locomotion"
"Locomotion","Nicole",2023-05-17 04:36:06.249603,0.0108325139298591,0.975360537528679,0.00712061619141265,0.00668633235004916,"Locomotion"
"Locomotion","Nicole",2023-05-17 04:36:08.323198,0.00324483775811209,0.995083579154376,0.00108161258603736,0.000589970501474926,"Locomotion"
"Locomotion","Nicole",2023-05-17 04:36:10.310403,0.0108631076382689,0.971129737163935,0.00832763917359687,0.00967951602419879,"Locomotion"
"Locomotion","Nicole",2023-05-17 04:36:11.520003,0,1,0,0,"Locomotion"
"Locomotion","Nicole",2023-05-17 04:36:11.520003,0,1,0,0,"Locomotion"
"Locomotion","Nicole",2023-05-17 04:36:11.520003,0.00314650934119961,0.996263520157326,0,0.000589970501474926,"Locomotion"
"Locomotion","Nicole",2023-05-17 04:36:11.520003,0.00210703750526759,0.996365360303413,0.000790139064475348,0.000737463126843658,"Locomotion"
"Locomotion","Nicole",2023-05-17 04:36:11.779205,0.00580137659783678,0.979670599803343,0.0101032448377581,0.00442477876106195,"Locomotion"
"Locomotion","Nicole",2023-05-17 04:36:13.7664,0.0127171419206817,0.961253921430913,0.0207192021351313,0.00530973451327434,"Locomotion"
"Locomotion","Nicole",2023-05-17 04:36:15.839995,0.0309423609898393,0.919188271701212,0.0225628599522405,0.0273065073567081,"Locomotion"
"Locomotion","Nicole",2023-05-17 04:36:17.8272,0.00393313667649951,0.993526712553261,0.00254015077023927,0,"Locomotion"
"Locomotion","Nicole",2023-05-17 04:36:19.900796,0.0012291052114061,0.988323500491642,0.00700589970501475,0.00344149459193707,"Locomotion"
"Locomotion","Nicole",2023-05-17 04:36:20.159998,0,1,0,0,"Locomotion"
"Locomotion","Nicole",2023-05-17 04:36:20.159998,0,1,0,0,"Locomotion"
"Locomotion","Nicole",2023-05-17 04:36:20.159998,0,1,0,0,"Locomotion"
"Locomotion","Nicole",2023-05-17 04:36:20.159998,0.00880858734841036,0.980240670506157,0.00435454417755303,0.00659619796787938,"Locomotion"
"Locomotion","Nicole",2023-05-17 04:36:21.369597,0.00896017699115044,0.985939036381514,0.00451081612586037,0.000589970501474926,"Locomotion"
"Locomotion","Nicole",2023-05-17 04:36:23.356802,0.0161914126515896,0.975628599522405,0.00544083906915765,0.00273914875684787,"Locomotion"
"Locomotion","Nicole",2023-05-17 04:36:25.343997,0.0145198295640774,0.964131198201994,0.0101325092475535,0.0112164629863745,"Locomotion"
"Locomotion","Nicole",2023-05-17 04:36:27.417603,0.00241606967270684,0.983486678840661,0.00294985250737463,0.0111473989792574,"Locomotion"
"Locomotion","Nicole",2023-05-17 04:36:28.800003,0.00376106194690265,0.989536217633563,0.00355621107833497,0.00314650934119961,"Locomotion"
"Locomotion","Nicole",2023-05-17 04:36:28.800003,0,1,0,0,"Locomotion"
"Locomotion","Nicole",2023-05-17 04:36:28.800003,0.000737463126843658,0.984414945919371,0,0.0148475909537856,"Locomotion"
"Locomotion","Nicole",2023-05-17 04:36:28.800003,0.0039858126141312,0.965135552746172,0.0225242309313106,0.00835440370838601,"Locomotion"
"Locomotion","Nicole",2023-05-17 04:36:29.145596,0.0184190195252142,0.960295219366016,0.00904621435594887,0.0122395467528211,"Locomotion"
"Locomotion","Nicole",2023-05-17 04:36:31.132801,0.0100365219834246,0.968060823149319,0.00811209439528024,0.0137905604719764,"Locomotion"
"Locomotion","Nicole",2023-05-17 04:36:33.119996,0.000622746640445756,0.994273540291239,0.00114716486397902,0.00395654820433582,"Locomotion"
"Locomotion","Nicole",2023-05-17 04:36:35.193602,0.00386290209299059,0.995055485320972,0.000491642084562438,0.000589970501474926,"Locomotion"
"Locomotion","Nicole",2023-05-17 04:36:37.180797,0.00791894929063071,0.980457227138643,0.00589970501474926,0.00572411855597696,"Locomotion"
"Locomotion","Nicole",2023-05-17 04:36:37.439999,0,1,0,0,"Locomotion"
"Locomotion","Nicole",2023-05-17 04:36:37.439999,0,1,0,0,"Locomotion"
"Locomotion","Nicole",2023-05-17 04:36:37.439999,0.00117994100294985,0.998230088495575,0,0.000589970501474926,"Locomotion"
"Locomotion","Nicole",2023-05-17 04:36:37.439999,0.0065364985718968,0.980465421173386,0.00343681228636981,0.00956126796834761,"Locomotion"
"Locomotion","Nicole",2023-05-17 04:36:38.735999,0.00919955986327668,0.965386056094021,0.00498080254717423,0.0204335814955284,"Locomotion"
"Locomotion","Nicole",2023-05-17 04:36:40.723204,0.00209299058856581,0.989942407641523,0.000884955752212389,0.00707964601769911,"Locomotion"
"Locomotion","Nicole",2023-05-17 04:36:42.710399,0.00412979351032448,0.98945076555696,0.00108161258603736,0.0053378283466779,"Locomotion"
"Locomotion","Nicole",2023-05-17 04:36:44.784004,0.00682563094067519,0.983390691576532,0.000884955752212389,0.00889872173058014,"Locomotion"
"Locomotion","Nicole",2023-05-17 04:36:46.080004,0,1,0,0,"Locomotion"
"Locomotion","Nicole",2023-05-17 04:36:46.080004,0,1,0,0,"Locomotion"
"Locomotion","Nicole",2023-05-17 04:36:46.080004,0,1,0,0,"Locomotion"
"Locomotion","Nicole",2023-05-17 04:36:46.080004,0,0.999672238610292,0.000327761389708292,0,"Locomotion"
"Locomotion","Nicole",2023-05-17 04:36:46.252795,0.000983284169124877,0.995224048321393,0,0.00379266750948167,"Locomotion"
"Locomotion","Nicole",2023-05-17 04:36:48.24,0.00336423655007726,0.990806293018683,0.00344149459193707,0.00238797583930327,"Locomotion"
"Locomotion","Nicole",2023-05-17 04:36:50.313596,0.000294985250737463,0.999705014749262,0,0,"Locomotion"
"Locomotion","Nicole",2023-05-17 04:36:52.300801,0.00581542351453856,0.984287353092663,0.00897949150161539,0.000917731891183219,"Locomotion"
"Locomotion","Nicole",2023-05-17 04:36:54.287996,0.00949688626679777,0.983587348410357,0.000819403474270731,0.00609636184857424,"Locomotion"
"Locomotion","Nicole",2023-05-17 04:36:54.72,0,0.999410029498525,0,0.000589970501474926,"Locomotion"
"Locomotion","Nicole",2023-05-17 04:36:54.72,0,0.998525073746313,0,0.00147492625368732,"Locomotion"
"Locomotion","Nicole",2023-05-17 04:36:54.72,0,1,0,0,"Locomotion"
"Locomotion","Nicole",2023-05-17 04:36:54.72,0.00823500491642084,0.983136676499508,0.00626843657817109,0.0023598820058997,"Locomotion"
"Locomotion","Nicole",2023-05-17 04:36:55.843198,0.0132532659081332,0.958857751556866,0.00921828908554572,0.0186706934494545,"Locomotion"
"Locomotion","Nicole",2023-05-17 04:36:57.830403,0.0138432364096081,0.952900688298918,0.0134709931170108,0.0197850821744627,"Locomotion"
"Locomotion","Nicole",2023-05-17 04:36:59.817598,0.0152584632673128,0.963707449548157,0.0114798426745329,0.00955424450999672,"Locomotion"
"Locomotion","Nicole",2023-05-17 04:37:01.891204,0.0548882598337362,0.867810228953882,0.0259490443745705,0.051352466837811,"Locomotion"
"Locomotion","Nicole",2023-05-17 04:37:03.360005,0.00117994100294985,0.99882005899705,0,0,"Locomotion"
"Locomotion","Nicole",2023-05-17 04:37:03.360005,0,1,0,0,"Locomotion"
"Locomotion","Nicole",2023-05-17 04:37:03.360005,0,1,0,0,"Locomotion"
"Locomotion","Nicole",2023-05-17 04:37:03.360005,0.014388725008194,0.95709954581636,0.00317928548017044,0.0253324436952756,"Locomotion"
"Locomotion","Nicole",2023-05-17 04:37:05.260799,0.0223624666846661,0.925360360837903,0.015073512197406,0.0372036602800249,"Locomotion"
"Locomotion","Nicole",2023-05-17 04:37:07.248004,0.00330570773048649,0.980533314604111,0.00172074729596853,0.0144402303694339,"Locomotion"
"Locomotion","Nicole",2023-05-17 04:37:09.3216,0.00889872173058014,0.986889544411668,0.00111438872500819,0.00309734513274336,"Locomotion"
"Locomotion","Nicole",2023-05-17 04:37:11.308795,0.00485144157710529,0.983673971063352,0.00154867256637168,0.00992591479317143,"Locomotion"
"Locomotion","Nicole",2023-05-17 04:37:12,0,1,0,0,"Locomotion"
"Locomotion","Nicole",2023-05-17 04:37:12,0,1,0,0,"Locomotion"
"Locomotion","Nicole",2023-05-17 04:37:12,0,1,0,0,"Locomotion"
"Locomotion","Nicole",2023-05-17 04:37:12,0.00954605047525402,0.985390036053753,0.00106522451655195,0.00399868895444117,"Locomotion"
"Locomotion","Nicole",2023-05-17 04:37:12.777596,0.00565388397246804,0.986042047103994,0.00386758439855785,0.0044364845249801,"Locomotion"
"Locomotion","Nicole",2023-05-17 04:37:14.851202,0.00923818888420658,0.972417708479655,0.00855457227138643,0.00978953036475161,"Locomotion"
"Locomotion","Nicole",2023-05-17 04:37:16.838397,0.046652791461001,0.834398257753051,0.0409622877252127,0.0779866630607349,"Locomotion"
"Locomotion","Nicole",2023-05-17 04:37:18.912003,0.0321985045436373,0.89950700725037,0.0152306395669228,0.0530638486390699,"Locomotion"
"Locomotion","Nicole",2023-05-17 04:37:20.639996,0.00213864306784661,0.996386430678466,0.00147492625368732,0,"Locomotion"
"Locomotion","Nicole",2023-05-17 04:37:20.639996,0.00344149459193707,0.992002622091118,0.00221238938053097,0.00234349393641429,"Locomotion"
"Locomotion","Nicole",2023-05-17 04:37:20.639996,0.047527742660486,0.86086529006883,0.0389333707917779,0.0526735964789062,"Locomotion"
"Stationary","Nicole",2023-05-17 09:03:18.34304,0.0091937069813176,0.00602261553588987,0.978497682258744,0.00628599522404832,"Stationary"
"Stationary","Nicole",2023-05-17 09:03:20.373003,0.00282694198623402,0,0.98922484431334,0.00794821370042609,"Stationary"
"Stationary","Nicole",2023-05-17 09:03:22.38301,0.000589970501474926,0,0.999410029498525,0,"Stationary"
"Stationary","Nicole",2023-05-17 09:03:24.412983,0,0,1,0,"Stationary"
"Stationary","Nicole",2023-05-17 09:03:26.440009,0.00713700426089807,0,0.991920681743691,0.00094231399541134,"Stationary"
"Stationary","Nicole",2023-05-17 09:03:28.460044,0.005482979819263,0,0.992968347614365,0.00154867256637168,"Stationary"
"Stationary","Nicole",2023-05-17 09:03:30.483016,0,0,0.997935103244838,0.00206489675516224,"Stationary"
"Stationary","Nicole",2023-05-17 09:03:32.512979,0.00173713536545395,0,0.990036053752868,0.00822681088167814,"Stationary"
"Stationary","Nicole",2023-05-17 09:03:34.540015,0.00196656833824975,0,0.99803343166175,0,"Stationary"
"Stationary","Nicole",2023-05-17 09:03:36.55996,0.00270403146509341,0,0.995452310717797,0.00184365781710914,"Stationary"
"Stationary","Nicole",2023-05-17 09:03:38.579995,0.0151659877323594,0,0.981831483822634,0.00300252844500632,"Stationary"
"Stationary","Nicole",2023-05-17 09:03:40.60002,0.0076019734791208,0.00577679449360865,0.978713719330586,0.007907512696685,"Stationary"
"Stationary","Nicole",2023-05-17 09:03:42.622993,0.0169972512112023,0.00229432972795805,0.970438194943661,0.0102702241171788,"Stationary"
"Stationary","Nicole",2023-05-17 09:03:44.652956,0.000491642084562438,0.00294985250737463,0.994714847590954,0.00184365781710914,"Stationary"
"Stationary","Nicole",2023-05-17 09:03:46.679991,0.0432358337095453,0.00362176335627663,0.93879391414204,0.0143484887921379,"Stationary"
"Stationary","Nicole",2023-05-17 09:03:48.700027,0.00614201432785504,0.00379266750948167,0.98964391066161,0.000421407501053519,"Stationary"
"Stationary","Nicole",2023-05-17 09:03:50.722989,0.0132673128248349,0.00676007866273353,0.973777918246945,0.00619469026548673,"Stationary"
"Stationary","Nicole",2023-05-17 09:03:52.752962,0.00313257510030024,0,0.990258081421538,0.0066093434781618,"Stationary"
"Stationary","Nicole",2023-05-17 09:03:54.779988,0.00206489675516224,0,0.997935103244838,0,"Stationary"
"Stationary","Nicole",2023-05-17 09:03:56.793023,0.0070936929344009,0,0.992316336564124,0.000589970501474926,"Stationary"
"Stationary","Nicole",2023-05-17 09:03:58.819968,0.0105293346443789,0.000655522779416585,0.985949571569041,0.00286557100716393,"Stationary"
"Stationary","Nicole",2023-05-17 09:04:00.840003,0.00344149459193707,0,0.996558505408063,0,"Stationary"
"Stationary","Nicole",2023-05-17 09:04:02.862966,0.00409850719585233,0,0.992283454009118,0.00361803879502995,"Stationary"
"Stationary","Nicole",2023-05-17 09:04:04.893029,0.00689703610057592,0.00233529990167158,0.988443020377717,0.00232464362003575,"Stationary"
"Stationary","Nicole",2023-05-17 09:04:06.919964,0.00210586692887578,0,0.996222549983612,0.00167158308751229,"Stationary"
"Stationary","Nicole",2023-05-17 09:04:08.94,0.00467059980334317,0.00501474926253687,0.990019665683383,0.000294985250737463,"Stationary"
"Stationary","Nicole",2023-05-17 09:04:10.962972,0.00331858407079646,0,0.994469026548673,0.00221238938053097,"Stationary"
"Stationary","Nicole",2023-05-17 09:04:12.97998,0.00294985250737463,0,0.997050147492625,0,"Stationary"
"Stationary","Nicole",2023-05-17 09:04:15.003032,0.00927096502317741,0,0.990729034976823,0,"Stationary"
"Stationary","Nicole",2023-05-17 09:04:17.033005,0.00245821042281219,0,0.997541789577188,0,"Stationary"
"Stationary","Nicole",2023-05-17 09:04:19.060031,0.00294985250737463,0,0.997050147492625,0,"Stationary"
"Stationary","Nicole",2023-05-17 09:04:21.079976,0.00596525729269092,0,0.993666011143887,0.000368731563421829,"Stationary"
"Stationary","Nicole",2023-05-17 09:04:23.103029,0.00863885377159713,0,0.991361146228403,0,"Stationary"
"Stationary","Nicole",2023-05-17 09:04:25.133002,0.031890012642225,0.0106194690265487,0.950681275460037,0.00680924287118977,"Stationary"
"Stationary","Nicole",2023-05-17 09:04:27.160028,0.0216228871096128,0.00589970501474926,0.964681369106148,0.0077960387694901,"Stationary"
"Stationary","Nicole",2023-05-17 09:04:29.179982,0.0068420190101606,0,0.992363159619797,0.000794821370042609,"Stationary"
"Stationary","Nicole",2023-05-17 09:04:31.200008,0.0142084562438545,0.00262209111766634,0.981858407079646,0.00131104555883317,"Stationary"
"Stationary","Nicole",2023-05-17 09:04:33.220043,0.0215409467621857,0.00547829751369574,0.969511167298778,0.00346958842534064,"Stationary"
"Stationary","Nicole",2023-05-17 09:04:35.243015,0.0105948869223206,0.00491642084562439,0.979596853490659,0.00489183874139626,"Stationary"
"Stationary","Nicole",2023-05-17 09:04:37.272978,0.00196656833824975,0,0.99803343166175,0,"Stationary"
"Stationary","Nicole",2023-05-17 09:04:39.300014,0.00294985250737463,0,0.992878213232195,0.00417193426042984,"Stationary"
"Stationary","Nicole",2023-05-17 09:04:41.320039,0.0298169218523201,0.0063913470993117,0.955110736526666,0.00868099452170249,"Stationary"
"Stationary","Nicole",2023-05-17 09:04:43.343012,0.0220009832841691,0,0.976892822025565,0.00110619469026549,"Stationary"
"Stationary","Nicole",2023-05-17 09:04:45.372974,0.0111602753195674,0,0.986184857423796,0.00265486725663717,"Stationary"
"Stationary","Nicole",2023-05-17 09:04:47.382992,0.00716743924708526,0,0.990462143559489,0.00237041719342604,"Stationary"
"Stationary","Nicole",2023-05-17 09:04:49.412954,0.00397410685021305,0.00294985250737463,0.992654633141359,0.000421407501053519,"Stationary"
"Stationary","Nicole",2023-05-17 09:04:51.43999,0.00737463126843658,0.00176991150442478,0.989675516224189,0.00117994100294985,"Stationary"
"Stationary","Nicole",2023-05-17 09:04:53.460016,0.00143278550358196,0,0.998145806995365,0.000421407501053519,"Stationary"
"Stationary","Nicole",2023-05-17 09:04:55.482988,0.0258217446270544,0,0.971449641803624,0.00272861356932153,"Stationary"
"Stationary","Nicole",2023-05-17 09:04:57.513041,0.0118836915297092,0.00452310717797443,0.983593201292316,0,"Stationary"
"Stationary","Nicole",2023-05-17 09:04:59.539987,0,0,1,0,"Stationary"
"Stationary","Nicole",2023-05-17 09:05:01.560022,0.00294985250737463,0,0.997050147492625,0,"Stationary"
"Stationary","Nicole",2023-05-17 09:05:03.579967,0.00747647141452451,0.00700589970501475,0.976963056609074,0.00855457227138643,"Stationary"
"Stationary","Nicole",2023-05-17 09:05:05.599992,0.00596993959825818,0,0.993292597274898,0.000737463126843658,"Stationary"
"Stationary","Nicole",2023-05-17 09:05:07.622964,0.0180643348784942,0.00245821042281219,0.97905604719764,0.000421407501053519,"Stationary"
"Stationary","Nicole",2023-05-17 09:05:09.653018,0.0163377347005666,0.00265486725663717,0.973386945732078,0.0076204523107178,"Stationary"
"Stationary","Nicole",2023-05-17 09:05:11.679963,0.00747295968534907,0.00368731563421829,0.985299901671583,0.00353982300884956,"Stationary"
"Stationary","Nicole",2023-05-17 09:05:13.699998,0.00294985250737463,0,0.997050147492625,0,"Stationary"
"Stationary","Nicole",2023-05-17 09:05:15.722971,0.0192044762841223,0.00206489675516224,0.977030950039799,0.00169967692091586,"Stationary"
"Stationary","Nicole",2023-05-17 09:05:17.753024,0.000688298918387414,0,0.999311701081612,0,"Stationary"
"Stationary","Nicole",2023-05-17 09:05:19.779969,0.00505234542194459,0.000737463126843658,0.992735265197524,0.00147492625368732,"Stationary"
"Stationary","Nicole",2023-05-17 09:05:21.792994,0.00294985250737463,0,0.997050147492625,0,"Stationary"
"Stationary","Nicole",2023-05-17 09:05:23.82003,0.00758430215744115,0.00221238938053097,0.984795245531841,0.00540806293018682,"Stationary"
"Stationary","Nicole",2023-05-17 09:05:25.839975,0.0145104649529428,0.00121154656552887,0.983487849417053,0.000790139064475348,"Stationary"
"Stationary","Nicole",2023-05-17 09:05:27.863028,0.0320653925286929,0,0.961346121536127,0.00658848593518037,"Stationary"
"Stationary","Nicole",2023-05-17 09:05:29.893,0.012372992461488,0,0.987299246148804,0.000327761389708292,"Stationary"
"Stationary","Nicole",2023-05-17 09:05:31.920026,0.0172636606264925,0.00737463126843658,0.966094254811069,0.00926745329400197,"Stationary"
"Stationary","Nicole",2023-05-17 09:05:33.939971,0.00507093692934401,0.00196656833824975,0.991698272229246,0.00126422250316056,"Stationary"
"Stationary","Nicole",2023-05-17 09:05:35.963034,0,0,1,0,"Stationary"
"Stationary","Nicole",2023-05-17 09:05:37.992997,0.00748700660205085,0.00294985250737463,0.986023317881725,0.00353982300884956,"Stationary"
"Stationary","Nicole",2023-05-17 09:05:40.003004,0.00881795195954488,0,0.983020789436719,0.00816125860373648,"Stationary"
"Stationary","Nicole",2023-05-17 09:05:42.032977,0.00598398651495997,0.00245821042281219,0.990820339935384,0.000737463126843658,"Stationary"
"Stationary","Nicole",2023-05-17 09:05:44.060003,0.00786627335299902,0,0.991764995083579,0.000368731563421829,"Stationary"
"Stationary","Nicole",2023-05-17 09:05:46.080038,0.00176171746968207,0,0.99384862106101,0.00438966146930749,"Stationary"
"Stationary","Nicole",2023-05-17 09:05:48.10301,0.00970993117010816,0.00196656833824975,0.984267453294002,0.00405604719764012,"Stationary"
"Stationary","Nicole",2023-05-17 09:05:50.132973,0.0108096568855768,0,0.987360917041867,0.00182942607255602,"Stationary"
"Stationary","Nicole",2023-05-17 09:05:52.160009,0.00405472875896723,0,0.985755943787519,0.0101893274535132,"Stationary"
"Stationary","Nicole",2023-05-17 09:05:54.180034,0.000950508030154048,0,0.999049491969846,0,"Stationary"
"Stationary","Nicole",2023-05-17 09:05:56.199979,0.00221238938053097,0.000368731563421829,0.997050147492625,0.000368731563421829,"Stationary"
"Stationary","Nicole",2023-05-17 09:05:58.220014,0.00334316617502458,0,0.996656833824975,0,"Stationary"
"Stationary","Nicole",2023-05-17 09:06:00.242987,0.0241747436437702,0.004031465093412,0.966713489722339,0.00508030154047853,"Stationary"
"Stationary","Nicole",2023-05-17 09:06:02.27304,0.00196656833824975,0,0.997603951220064,0.000429480441686728,"Stationary"
"Stationary","Nicole",2023-05-17 09:06:04.299985,0.0120850306691015,0.00842815002107038,0.978770426558037,0.000716392751790982,"Stationary"
"Stationary","Nicole",2023-05-17 09:06:06.320021,0.00229432972795805,0.000655522779416585,0.997050147492625,0,"Stationary"
"Stationary","Nicole",2023-05-17 09:06:08.342983,0.00446106662920822,0.00344149459193707,0.987608278316243,0.00448916046261179,"Stationary"
"Stationary","Nicole",2023-05-17 09:06:10.372956,0.00530923109623896,0,0.988949128453895,0.00574164044986581,"Stationary"
"Stationary","Nicole",2023-05-17 09:06:12.399982,0.0064022015349449,0,0.992118402737872,0.00147939572718334,"Stationary"
"Stationary","Nicole",2023-05-17 09:06:14.420017,0.0254916420845624,0.00361708105070937,0.957591187900922,0.0133000889638058,"Stationary"
"Stationary","Nicole",2023-05-17 09:06:16.439962,0.00400337126000843,0.00393313667649951,0.986163787048743,0.00589970501474926,"Stationary"
"Stationary","Nicole",2023-05-17 09:06:18.459997,0.000589970501474926,0,0.999410029498525,0,"Stationary"
"Stationary","Nicole",2023-05-17 09:06:20.482959,0.0181650044481903,0.00599803343166175,0.971728238984876,0.00410872313527181,"Stationary"
"Stationary","Nicole",2023-05-17 09:06:22.513013,0,0,1,0,"Stationary"
"Stationary","Nicole",2023-05-17 09:06:24.539958,0,0,0.999578592498946,0.000421407501053519,"Stationary"
"Stationary","Nicole",2023-05-17 09:06:26.559994,0,0,1,0,"Stationary"
"Stationary","Nicole",2023-05-17 09:06:28.582966,0.00266306129137988,0,0.997132087840052,0.000204850868567683,"Stationary"
"Stationary","Nicole",2023-05-17 09:06:30.613019,0.00280938334035679,0,0.997190616659643,0,"Stationary"
"Stationary","Nicole",2023-05-17 09:06:32.639964,0.0015906067441726,0,0.998351553010585,5.78402452426398e-05,"Stationary"
"Stationary","Nicole",2023-05-17 09:06:34.652999,0.000589970501474926,0,0.99882005899705,0.000589970501474926,"Stationary"
"Stationary","Nicole",2023-05-17 09:06:36.680025,0.0844894371443044,0.0288909959263942,0.849868789028081,0.0367507779012204,"Stationary"
"Stationary","Nicole",2023-05-17 09:06:38.69997,0.278690986637126,0.0879853391956171,0.360706235464872,0.272617438702386,"Stationary"
"Foraging","Nicole",2023-05-19 22:27:52.387204,0.968473035262136,0.000672977527980932,0.0166767485459696,0.0141772386639131,"Foraging"
"Foraging","Nicole",2023-05-19 22:27:54.4608,0.737529467742749,0.00938695722755921,0.0581974779905702,0.194886097039121,"Foraging"
"Foraging","Nicole",2023-05-19 22:28:10.444801,0.666124644522526,0.00242124485254434,0.0891112735012579,0.242342837123672,"Foraging"
"Foraging","Nicole",2023-05-19 22:28:12.431996,0.775669391741698,0.000754917875408005,0.0730930445423565,0.150482645840537,"Foraging"
"Foraging","Nicole",2023-05-19 22:28:14.505601,0.960168697523586,1.74547485643469e-05,0.016758182108284,0.0230556656195654,"Foraging"
"Foraging","Nicole",2023-05-19 22:28:16.492796,0.921165097208515,0.000860269750671384,0.0210891618912081,0.0568854711496054,"Foraging"
"Foraging","Nicole",2023-05-19 22:28:18.566402,0.984021758094825,1.74547485643469e-05,0.00691706333269356,0.00904372382391726,"Foraging"
"Foraging","Nicole",2023-05-19 22:28:20.553597,0.97964353667828,0.00370477038278264,0.00427301401015395,0.0123786789287839,"Foraging"
"Foraging","Nicole",2023-05-19 22:28:22.540802,0.670796652658829,0.00797235376881395,0.0655797051286298,0.255651288443727,"Foraging"
"Foraging","Nicole",2023-05-19 22:28:33.945599,0.98582489595991,1.74547485643469e-05,0.00235046473954629,0.0118071845519798,"Foraging"
"Foraging","Nicole",2023-05-19 22:28:35.932804,0.9838224139036,1.74547485643469e-05,0.00259206110067423,0.0135680702471615,"Foraging"
"Foraging","Nicole",2023-05-19 22:28:38.006399,0.803977107181209,7.41826813984745e-05,0.0574446018049521,0.13850410833244,"Foraging"
"Foraging","Nicole",2023-05-19 22:28:52.780801,0.943020513400874,0.000345216138272639,0.0178577555969808,0.0387765148638725,"Foraging"
"Foraging","Nicole",2023-05-19 22:28:54.767996,0.962241252154725,0.00812954914384458,0.00533140886695248,0.0242977898344777,"Foraging"
"Foraging","Nicole",2023-05-19 22:28:56.841602,0.912551375336494,0.000607425250039273,0.0350231757986311,0.0518180236148362,"Foraging"
"Foraging","Nicole",2023-05-19 22:28:58.828797,0.956344485175901,0.00296730725593898,0.012042070156727,0.0286461374114339,"Foraging"
"Foraging","Nicole",2023-05-19 22:29:00.902403,0.789361718253997,0.00296730725593898,0.0342677745216492,0.173403199968415,"Foraging"
"Foraging","Nicole",2023-05-19 22:29:02.889598,0.640678530352155,0.00181430092401649,0.0623121756271533,0.295194993096676,"Foraging"
"Foraging","Nicole",2023-05-19 22:29:04.963203,0.891489729189147,1.80972546464701e-05,0.0304833699333621,0.0780088036228439,"Foraging"
"Foraging","Nicole",2023-05-19 22:29:09.8016,0.966171050765502,0.00547468188720742,0.011969862416212,0.0163844049310789,"Foraging"
"Foraging","Nicole",2023-05-19 22:29:18.873599,0.962545663675714,0.00117632537646152,0.0251458322226609,0.0111321787251633,"Foraging"
"Foraging","Nicole",2023-05-19 22:29:20.947204,0.96077331639492,0.00562217451257615,0.0093435018634044,0.0242610072290994,"Foraging"
"Foraging","Nicole",2023-05-19 22:29:22.934399,0.937010601514728,0.0075887428508259,0.0127551649064795,0.0426454907279664,"Foraging"
"Foraging","Nicole",2023-05-19 22:29:25.007995,0.660567290592583,0.00118511618278735,0.0710727962341832,0.267174796990446,"Foraging"
"Foraging","Nicole",2023-05-19 22:29:26.9952,0.563178506959568,0.00234758664265622,0.0654584447639127,0.369015461633862,"Foraging"
"Foraging","Nicole",2023-05-19 22:29:28.982395,0.51121054339501,0.00166856167592971,0.0519384849779017,0.435182409951159,"Foraging"
"Foraging","Nicole",2023-05-19 22:30:04.320003,0.991824495260614,1.74547485643469e-05,0.00200216778357972,0.00615588220724171,"Foraging"
"Foraging","Nicole",2023-05-19 22:30:06.307198,0.922272271994256,0.00171361994030476,0.0383115012602932,0.0377026068051458,"Foraging"
"Foraging","Nicole",2023-05-19 22:30:08.380804,0.992408565973312,0.000860269750671384,0.00471556930434901,0.00201559497166738,"Foraging"
"Foraging","Nicole",2023-05-19 22:30:10.367999,0.918514364385924,0.00100073891768922,0.0130966742353201,0.0673882224610663,"Foraging"
"Foraging","Nicole",2023-05-19 22:30:12.441604,0.75767916638658,0.015370501316204,0.0678698408004163,0.159080491496799,"Foraging"
"Foraging","Nicole",2023-05-19 22:30:30.499201,0.965716586163113,0.00255760551880361,0.0102824389086797,0.0214433694094035,"Foraging"
"Foraging","Nicole",2023-05-19 22:30:32.486396,0.916600709256878,0.000186017748985754,0.0197854517812132,0.0634278212129227,"Foraging"
"Foraging","Nicole",2023-05-19 22:30:34.473601,0.977148452770192,0.000607425250039273,0.00893950008964359,0.0133046218901251,"Foraging"
"Foraging","Nicole",2023-05-19 22:30:36.547197,0.916898201845221,0.000438862249617866,0.0229302735538738,0.0597326623512869,"Foraging"
"Foraging","Nicole",2023-05-19 22:30:38.534402,0.997559022273849,1.74547485643469e-05,0.000591688352427108,0.00183183462515966,"Foraging"
"Foraging","Nicole",2023-05-19 22:30:40.607997,0.973196471464292,0.00267232200520152,0.0168806043676142,0.00725060216289255,"Foraging"
"Foraging","Nicole",2023-05-19 22:30:45.187202,0.971460865625314,0.00265125163014884,0.0120531615300987,0.0138347212144379,"Foraging"
"Foraging","Nicole",2023-05-19 22:30:47.174397,0.96371582492461,0.00316396408976395,0.0174803269564291,0.015639884029197,"Foraging"
"Foraging","Nicole",2023-05-19 22:30:49.161602,0.979528958938529,1.74547485643469e-05,0.00749380986814216,0.0129597764447643,"Foraging"
"Foraging","Nicole",2023-05-19 22:30:51.235198,0.953854101153159,0.00296730725593898,0.00762699767777634,0.0355515939131253,"Foraging"
"Foraging","Nicole",2023-05-19 22:30:53.222403,0.806585678207811,0.0083753701861258,0.0892783631093878,0.0957605884966752,"Foraging"
"Foraging","Nicole",2023-05-19 22:31:14.908797,0.967764297616512,1.74547485643469e-05,0.0186610715241875,0.0135571761107364,"Foraging"
"Foraging","Nicole",2023-05-19 22:31:16.982403,0.935794437892489,0.00187164775319983,0.0245853404383426,0.0377485739159684,"Foraging"
"Foraging","Nicole",2023-05-19 22:31:18.969598,0.678903330704915,0.00210756730539149,0.0838382597599064,0.235150842229787,"Foraging"
"Foraging","Nicole",2023-05-19 22:31:20.956803,0.873267392830375,0.00692395935758768,0.0329648267350609,0.0868438210769768,"Foraging"
"Foraging","Nicole",2023-05-19 22:31:23.030399,0.995122008956358,1.74547485643469e-05,0.00209698447131676,0.00276355182376088,"Foraging"
"Foraging","Nicole",2023-05-19 22:31:25.017604,0.51419080607814,0.000758923543721804,0.0756626169600246,0.409387653418113,"Foraging"
"Foraging","Nicole",2023-05-19 22:31:38.409605,0.85234563175142,0.00351981931287581,0.0304927183720288,0.113641830563676,"Foraging"
"Foraging","Nicole",2023-05-19 22:31:40.3968,0.990747768617747,0.000345216138272639,0.00643740913828324,0.00246960610569714,"Foraging"
"Foraging","Nicole",2023-05-19 22:31:42.470396,0.979274306879989,1.74547485643469e-05,0.000869192995713462,0.0198390453757332,"Foraging"
"Foraging","Nicole",2023-05-19 22:31:45.6672,0.969736288958965,1.74547485643469e-05,0.00456943461164821,0.0256768216808227,"Foraging"
"Foraging","Nicole",2023-05-19 22:31:47.654405,0.956715196717226,0.000327761389708292,0.0241566988541582,0.0188003430389072,"Foraging"
"Foraging","Nicole",2023-05-19 22:31:49.6416,0.989000343069128,1.74547485643469e-05,0.00720459946093765,0.00377760272137023,"Foraging"
"Foraging","Nicole",2023-05-19 22:31:51.715196,0.980437618284923,0.00296730725593898,0.00493268931584695,0.011662385143291,"Foraging"
"Foraging","Nicole",2023-05-19 22:31:53.702401,0.999057380369605,1.74547485643469e-05,0.000595241376653312,0.000329923505176812,"Foraging"
"Foraging","Nicole",2023-05-19 22:31:55.775996,0.75688234296908,0.0210364283373133,0.0845427222234868,0.13753850647012,"Foraging"
"Foraging","Nicole",2023-05-19 22:32:11.241604,0.983396087420167,0.00403253177249093,0.00412523782046411,0.0084461429868778,"Foraging"
"Foraging","Nicole",2023-05-19 22:32:13.228799,0.968209406213319,0.00250375900478011,0.0126947152194658,0.0165921195624357,"Foraging"
"Foraging","Nicole",2023-05-19 22:32:15.302404,0.945019210690584,0.00478638296882,0.0104592203135067,0.0397351860270898,"Foraging"
"Foraging","Nicole",2023-05-19 22:32:17.289599,0.92567482149003,0.000860269750671384,0.0319771261335788,0.0414877826257198,"Foraging"
"Foraging","Nicole",2023-05-19 22:32:19.363195,0.986654785376775,0.00296730725593898,0.0044689667990513,0.00590894056823484,"Foraging"
"Foraging","Nicole",2023-05-19 22:32:21.3504,0.888885525691112,0.00178736625298913,0.0231181161948589,0.08620899186104,"Foraging"
"Foraging","Nicole",2023-05-19 22:32:26.015995,0.889739242237961,0.00100073891768922,0.0410564246905816,0.068203594153768,"Foraging"
"Foraging","Nicole",2023-05-19 22:32:28.003201,0.781560663400358,0.00451950460121104,0.0635582823496828,0.150361549648748,"Foraging"
"Foraging","Nicole",2023-05-19 22:32:30.076796,0.702023383810659,0.000641877035389455,0.0789794692588147,0.218355269895137,"Foraging"
"Foraging","Nicole",2023-05-19 22:32:32.064001,0.9331994274007,0.0039154741333094,0.0240984810857526,0.0387866173802378,"Foraging"
"Foraging","Nicole",2023-05-19 22:32:34.051196,0.983455322701099,0.00112364943882983,0.00595793560365432,0.00946309225641729,"Foraging"
"Foraging","Nicole",2023-05-19 22:32:36.124802,0.976385830025151,1.74547485643469e-05,0.00740046756414568,0.0161962476621391,"Foraging"
"Foraging","Nicole",2023-05-19 22:32:44.764797,0.964957025174187,0.000345216138272639,0.024264128556115,0.0104336301314257,"Foraging"
"Foraging","Nicole",2023-05-19 22:32:46.752002,0.807531938848068,0.00485938436925503,0.0725085051077712,0.115100171674906,"Foraging"
"Foraging","Nicole",2023-05-19 22:32:48.825598,0.785720932680508,0.00524560579899918,0.065019994660207,0.144013466860285,"Foraging"
"Foraging","Nicole",2023-05-19 22:32:50.812803,0.581593692603028,0.003858288434703,0.0852016440313825,0.329346374930887,"Foraging"
"Foraging","Nicole",2023-05-19 23:31:53.731204,0.968230309409548,0.00031243999930181,0.0152931953688035,0.0161640552223464,"Foraging"
"Foraging","Nicole",2023-05-19 23:31:55.718399,0.911619472801455,1.74547485643469e-05,0.0354089695325611,0.0529541029174192,"Foraging"
"Foraging","Nicole",2023-05-19 23:31:57.791995,0.866229168094044,0.0011973957515142,0.0566180487620125,0.0759553873924293,"Foraging"
"Foraging","Nicole",2023-05-19 23:31:59.7792,0.768863786104868,0.00436712102184497,0.0523344827025626,0.174434610170724,"Foraging"
"Foraging","Nicole",2023-05-19 23:32:01.852796,0.686101554665739,0.00217174097364703,0.0365770502345205,0.275149654126093,"Foraging"
"Foraging","Nicole",2023-05-19 23:32:03.840001,0.92555684326585,0.00326229250667644,0.031100267298674,0.0400805969287989,"Foraging"
"Foraging","Nicole",2023-05-19 23:32:05.827196,0.981257207749648,0.00031243999930181,0.01391232553314,0.00451802671791084,"Foraging"
"Foraging","Nicole",2023-05-19 23:32:07.900802,0.934123115225337,0.000438862249617866,0.03294528299975,0.032492739525295,"Foraging"
"Foraging","Nicole",2023-05-19 23:32:09.887997,0.917974708594986,0.00717904111369054,0.0347328867534384,0.0401133635378853,"Foraging"
"Foraging","Nicole",2023-05-19 23:32:11.961602,0.918076167372807,1.74547485643469e-05,0.0282179976232466,0.0536883802553822,"Foraging"
"Foraging","Nicole",2023-05-19 23:32:13.948797,0.886198627200712,0.005458293817722,0.0299752421595373,0.0783678368220287,"Foraging"
"Foraging","Nicole",2023-05-19 23:32:16.022403,0.966172889943163,0.00326229250667644,0.0120571022450733,0.0185077153050873,"Foraging"
"Foraging","Nicole",2023-05-19 23:32:18.009598,0.92298987788545,0.00296730725593898,0.0113467277019017,0.0626960871567091,"Foraging"
"Foraging","Nicole",2023-05-19 23:32:19.996803,0.824530524874245,0.00637378845343447,0.0681905735755096,0.100905113096811,"Foraging"
"Foraging","Nicole",2023-05-19 23:32:47.212799,0.930733338524741,0.0011973957515142,0.0159974768121969,0.0520717889115479,"Foraging"
"Foraging","Nicole",2023-05-19 23:32:49.200004,0.569153185972543,0.000560794471098956,0.0466798668113049,0.383606152745053,"Foraging"
"Foraging","Nicole",2023-05-19 23:32:56.716801,0.984110527141602,1.74547485643469e-05,0.00837708549894512,0.00749493261088867,"Foraging"
"Foraging","Nicole",2023-05-19 23:32:58.703996,0.885952496306402,0.0011973957515142,0.016664368785649,0.0961857391564349,"Foraging"
"Foraging","Nicole",2023-05-19 23:33:00.777602,0.944041242553802,0.000672977527980932,0.0172909278473313,0.0379948520708862,"Foraging"
"Foraging","Nicole",2023-05-19 23:33:02.764797,0.750145074258289,0.000931606131017213,0.0429390385876216,0.205984281023072,"Foraging"
"Foraging","Nicole",2023-05-19 23:33:13.305597,0.900448818872838,0.00333603881936081,0.0325105077515712,0.0637046345562305,"Foraging"
"Foraging","Nicole",2023-05-19 23:33:15.292802,0.960699751829064,0.00359005389638473,0.0198008306362543,0.0159093636382974,"Foraging"
"Foraging","Nicole",2023-05-19 23:33:17.366397,0.741295627413477,0.0116846935431006,0.0514784322728271,0.195541246770595,"Foraging"
"Foraging","Nicole",2023-05-19 23:33:19.353602,0.935697135400658,0.0023598820058997,0.0309493831653029,0.0309935994281395,"Foraging"
"Foraging","Nicole",2023-05-19 23:33:21.340797,0.965043818694363,0.00375393459123888,0.013345191794485,0.0178570549199136,"Foraging"
"Foraging","Nicole",2023-05-19 23:33:23.414403,0.951227621073528,0.000509096833126785,0.0133666890856336,0.0348965930077123,"Foraging"
"Foraging","Nicole",2023-05-19 23:33:25.401598,0.524480237631458,0.0014026943522574,0.0770861498680392,0.397030918148245,"Foraging"
"TreeMovement","Nicole",2023-05-20 02:35:25.324796,0.0527871727285069,0.0020292929579419,0.0308743724055532,0.914309161907998,"TreeMovement"
"TreeMovement","Nicole",2023-05-20 02:35:27.398402,0.133317953995892,0.00407378801568565,0.092590604006538,0.770017653981885,"TreeMovement"
"TreeMovement","Nicole",2023-05-20 02:35:29.385597,0.120689557802984,0.00173583940266555,0.0770334603830605,0.80054114241129,"TreeMovement"
"TreeMovement","Nicole",2023-05-20 02:35:31.372802,0.183743273482882,0.0318041307606043,0.0517028734965964,0.732749722259918,"TreeMovement"
"TreeMovement","Nicole",2023-05-20 02:35:33.446398,0.114723583168604,0.000486915091792949,0.0469812457335183,0.837808256006085,"TreeMovement"
"TreeMovement","Nicole",2023-05-20 02:35:35.433603,0.0628500270042132,0.0442007914181566,0.035222452137395,0.857726729440235,"TreeMovement"
"TreeMovement","Nicole",2023-05-20 02:35:37.507198,0.0907004695552768,0.328444669036389,0.0777656004257174,0.503089260982616,"TreeMovement"
"TreeMovement","Nicole",2023-05-20 02:35:39.494403,0.0725568859187749,0.00831120997014913,0.0514048777965949,0.867727026314481,"TreeMovement"
"TreeMovement","Nicole",2023-05-20 02:35:41.481598,0.0891405892335706,0.00636695157137126,0.0603891003025479,0.84410335889251,"TreeMovement"
"TreeMovement","Nicole",2023-05-20 02:35:43.555204,0.0919523772953766,0.00155266507804394,0.0514705117462021,0.855024445880378,"TreeMovement"
"TreeMovement","Nicole",2023-05-20 02:35:45.542399,0.0822678734895937,0.000218639426148346,0.057609018913821,0.859904468170437,"TreeMovement"
"TreeMovement","Nicole",2023-05-20 02:35:47.616005,0.151673544731864,0.0014087880865111,0.0489261110978402,0.797991556083785,"TreeMovement"
"TreeMovement","Nicole",2023-05-20 02:35:49.6032,0.0819137278364857,0.00452188122376542,0.0545274898653213,0.859036901074428,"TreeMovement"
"TreeMovement","Nicole",2023-05-20 02:35:51.676796,0.103357258172062,0.0003470508389313,0.0390995600158479,0.857196130973159,"TreeMovement"
"TreeMovement","Nicole",2023-05-20 02:35:53.664001,0.0937991530049912,0.000206754215357923,0.0559699919078678,0.850024100871783,"TreeMovement"
"TreeMovement","Nicole",2023-05-20 02:35:55.651196,0.076859134145238,0.00373945301775523,0.0555553392556262,0.863846073581381,"TreeMovement"
"TreeMovement","Nicole",2023-05-20 02:35:57.724802,0.0470653002047302,0.00239318375113198,0.0364763326549227,0.914065183389215,"TreeMovement"
"TreeMovement","Nicole",2023-05-20 02:35:59.711997,0.162284781781654,0.0106868795391777,0.082261699828113,0.744766638851055,"TreeMovement"
"TreeMovement","Nicole",2023-05-20 02:36:01.785602,0.0789686510083785,0.00018573756008215,0.0537186378688798,0.86712697356266,"TreeMovement"
"TreeMovement","Nicole",2023-05-20 02:36:03.772797,0.119877229064945,0.00602382001407455,0.153977256499389,0.720121694421592,"TreeMovement"
"TreeMovement","Nicole",2023-05-20 02:36:05.760002,0.0967680199529097,0.00601269491366852,0.0738500472685919,0.82336923786483,"TreeMovement"
"TreeMovement","Nicole",2023-05-20 02:36:07.833598,0.0537924492938198,0.00121156652374007,0.0378211375925996,0.907174846589841,"TreeMovement"
"TreeMovement","Nicole",2023-05-20 02:36:09.820803,0.101445313966521,0.00281040653048939,0.0604401676327736,0.835304111870216,"TreeMovement"
"TreeMovement","Nicole",2023-05-20 02:36:11.894399,0.178225890028167,0.00627337856167634,0.0255959551264043,0.789904776283753,"TreeMovement"
"TreeMovement","Nicole",2023-05-20 02:36:23.299195,0.04730370012931,0.0017804185807053,0.0219202777054479,0.928995603584536,"TreeMovement"
"TreeMovement","Nicole",2023-05-20 02:36:25.2864,0.0898693263736578,0.00194159673948204,0.0367406160896578,0.871448460797202,"TreeMovement"
"TreeMovement","Nicole",2023-05-20 02:36:27.359996,0.115159900401362,0.00375019781741731,0.0580352887284227,0.823054613052798,"TreeMovement"
"TreeMovement","Nicole",2023-05-20 02:36:29.347201,0.114475558279948,0.00059205611197818,0.068988933579625,0.815943452028449,"TreeMovement"
"TreeMovement","Nicole",2023-05-20 02:36:35.222395,0.112221645937206,0.00587358155488061,0.100988956855442,0.780915815652471,"TreeMovement"
"TreeMovement","Nicole",2023-05-20 02:36:37.2096,0.0617526192904424,0.000724565815500421,0.0206773997443233,0.916845415149734,"TreeMovement"
"TreeMovement","Nicole",2023-05-20 02:36:39.196795,0.0439849127910955,0.00113318511800982,0.0243614169779209,0.930520485112974,"TreeMovement"
"TreeMovement","Nicole",2023-05-20 02:36:41.270401,0.0679001461168501,0.000259740982277564,0.013544193391193,0.918295919509679,"TreeMovement"
"TreeMovement","Nicole",2023-05-20 02:36:43.257596,0.0397664569486724,0.000728193669878748,0.0146633926848533,0.944841956696595,"TreeMovement"
"TreeMovement","Nicole",2023-05-20 02:36:45.331202,0.0413128225356598,0.000365601027245988,0.0145218495815776,0.943799726855516,"TreeMovement"
"TreeMovement","Nicole",2023-05-20 02:36:47.318397,0.0366318972888961,0.00549796980018968,0.0174959682291982,0.940374164681716,"TreeMovement"
"TreeMovement","Nicole",2023-05-20 02:36:49.305602,0.0545865900721497,0.00128380885877811,0.0251864819414254,0.918943119127646,"TreeMovement"
"TreeMovement","Nicole",2023-05-20 02:36:51.379198,0.0516687956664801,0.0402015979550171,0.03101445581639,0.877115150562112,"TreeMovement"
"TreeMovement","Nicole",2023-05-24 01:16:46.0704,0.177537191115324,0.0319134376593957,0.0509893619559098,0.739560009269371,"TreeMovement"
"TreeMovement","Nicole",2023-05-24 01:16:48.057605,0.0732407078396533,0.00240352621148573,0.0535790665417153,0.870776699407146,"TreeMovement"
"TreeMovement","Nicole",2023-05-24 01:16:50.1312,0.072424460398866,0.000296138918877441,0.0294174876884267,0.897861912993829,"TreeMovement"
"TreeMovement","Nicole",2023-05-24 01:16:52.118395,0.0890174198422563,0.000247943504903162,0.0364351561315877,0.874299480521252,"TreeMovement"
"TreeMovement","Nicole",2023-05-24 01:16:54.192001,0.0747764368380539,0.0128338381586963,0.0687736718273354,0.843616053175914,"TreeMovement"
"TreeMovement","Nicole",2023-05-24 01:16:56.179196,0.10515645786907,0.00156050985639598,0.0314319608896357,0.861851071384898,"TreeMovement"
"TreeMovement","Nicole",2023-05-24 01:16:58.252802,0.0583885365265645,0.00506985230341213,0.0204103347021657,0.916131276467857,"TreeMovement"
"TreeMovement","Nicole",2023-05-24 01:17:00.239997,0.169934654173907,0.00320745935096804,0.0443309434848413,0.782526942990283,"TreeMovement"
"TreeMovement","Nicole",2023-05-24 01:17:02.227202,0.0614282062981759,0.00113022618677496,0.023659426594656,0.913782140920393,"TreeMovement"
"TreeMovement","Nicole",2023-05-24 01:17:04.300798,0.142519451909754,0.000900964891546387,0.0428921752888821,0.813687407909817,"TreeMovement"
"TreeMovement","Nicole",2023-05-24 01:17:06.288003,0.215909533091606,0.000327025435274409,0.0522336471343447,0.731529794338775,"TreeMovement"
"TreeMovement","Nicole",2023-05-24 01:17:08.361598,0.0983766777801996,0.0053113567638105,0.0935455794695668,0.802766385986423,"TreeMovement"
"TreeMovement","Nicole",2023-05-24 01:17:10.348804,0.134126904582259,0.0128893142486824,0.117641764926453,0.735342016242606,"TreeMovement"
"TreeMovement","Nicole",2023-05-24 01:17:12.335999,0.172828002089837,0.0233826384404794,0.135971484402435,0.667817875067248,"TreeMovement"
"TreeMovement","Nicole",2023-05-24 01:17:14.409604,0.197737871659185,0.0129915954051358,0.187286519608305,0.601984013327375,"TreeMovement"
"TreeMovement","Nicole",2023-05-24 01:17:16.396799,0.196528979195579,0.0173081425293815,0.182523510830692,0.603639367444348,"TreeMovement"
"TreeMovement","Nicole",2023-05-24 01:17:18.470405,0.204675310266261,0.0284324056998033,0.100182763883848,0.666709520150088,"TreeMovement"
"TreeMovement","Nicole",2023-05-24 01:17:20.4576,0.181140150068308,0.0196231975446462,0.10773340381723,0.691503248569816,"TreeMovement"
"TreeMovement","Nicole",2023-05-24 01:17:22.444795,0.145708262620076,0.000972180716033458,0.0407776566711781,0.812541899992712,"TreeMovement"
"TreeMovement","Nicole",2023-05-24 01:17:24.518401,0.0649205035196194,0.000572540829706206,0.0832486353533461,0.851258320297328,"TreeMovement"
"TreeMovement","Nicole",2023-05-24 01:17:26.505596,0.127207458342489,0.0417051611724474,0.0393951346440503,0.791692245841013,"TreeMovement"
"TreeMovement","Nicole",2023-05-24 05:10:19.8912,0.113848751642696,0.00753873844719665,0.0723652285686868,0.80624728134142,"TreeMovement"
"TreeMovement","Nicole",2023-05-24 05:10:21.878405,0.0759361550167437,0.00305105189256219,0.0524555415234025,0.868557251567291,"TreeMovement"
"TreeMovement","Nicole",2023-05-24 05:10:23.952,0.100489706136673,0.000922649997258057,0.0537826060154956,0.844805037850573,"TreeMovement"
"TreeMovement","Nicole",2023-05-24 05:10:25.939195,0.0851423900334661,0.0164474011668785,0.0563371274932152,0.84207308130644,"TreeMovement"
"TreeMovement","Nicole",2023-05-24 05:10:28.012801,0.0627070025338614,0.0282712621356932,0.0223459831671637,0.886675752163282,"TreeMovement"
"TreeMovement","Nicole",2023-05-24 05:10:29.999996,0.0780906851876269,0.00224996893456606,0.0823565388835556,0.837302806994251,"TreeMovement"
"TreeMovement","Nicole",2023-05-24 05:10:31.987201,0.154016882201619,0.0245356353647364,0.0496598877940878,0.771787594639557,"TreeMovement"
"TreeMovement","Nicole",2023-05-24 05:10:34.060797,0.117617811464074,0.036865969624206,0.0413869728639447,0.804129246047775,"TreeMovement"
"TreeMovement","Nicole",2023-05-24 05:10:36.048002,0.158583239141978,0.00328910534118909,0.0330699085574853,0.805057746959347,"TreeMovement"
"Stationary","Ferrel",2023-05-16 14:57:10.137604,0.115729163209271,0.00226238688065597,0.581877940794948,0.300130509115125,"Stationary"
"Stationary","Ferrel",2023-05-16 14:57:12.2112,0.130687484418424,0.00384183171793791,0.538789215035374,0.326681468828263,"Stationary"
"Stationary","Ferrel",2023-05-16 14:57:14.198405,0.122940719958796,8.80552987276009e-05,0.625740451617823,0.251230773124653,"Stationary"
"Stationary","Ferrel",2023-05-16 14:57:16.1856,0.112544667439618,0.0713156640147791,0.416238917608978,0.399900750936625,"Stationary"
"TreeMovement","Ferrel",2023-05-16 14:57:24.220801,0.0921509322114122,0.0583134335346725,0.0353872406474441,0.814148393606471,"TreeMovement"
"TreeMovement","Ferrel",2023-05-16 14:57:26.207996,0.119011072046608,0.00928073187286967,0.0267176658336557,0.844990530246866,"TreeMovement"
"Stationary","Ferrel",2023-05-16 14:57:28.195201,0.118402704610582,0.00385373394222952,0.444210108365107,0.433533453082082,"Stationary"
"TreeMovement","Ferrel",2023-05-16 14:57:30.268796,0.0751854892783321,0.0647506996849187,0.0328101629817841,0.827253648054965,"TreeMovement"
"Stationary","Ferrel",2023-05-16 14:57:33.119998,0.136713979330023,0.00474389038954889,0.405938177673162,0.452603952607265,"TreeMovement"
"Stationary","Ferrel",2023-05-16 14:57:35.107203,0.17469248070535,0.0043826380109566,0.554086305553919,0.266838575729775,"Stationary"
"Stationary","Ferrel",2023-05-16 14:57:37.094398,0.197281971565169,0.00743833626184672,0.557623370291786,0.237656321881198,"Stationary"
"Stationary","Ferrel",2023-05-16 14:57:39.081603,0.145518568588569,8.18312697934425e-05,0.42383877164431,0.430560828497328,"TreeMovement"
"Stationary","Ferrel",2023-05-16 14:57:41.068798,0.191413231786242,0.0294835285985728,0.474808775482619,0.304294464132566,"Stationary"
"Stationary","Ferrel",2023-05-16 14:57:43.056003,0.122020642718087,0,0.607606875658266,0.270372481623647,"Stationary"
"Stationary","Ferrel",2023-05-16 14:57:45.043198,0.141206726126888,0.00334363057820873,0.574577749945773,0.280871893349131,"Stationary"
"Stationary","Ferrel",2023-05-16 14:57:47.116804,0.153195775467295,0.00118590030094455,0.562452485925863,0.283165838305898,"Stationary"
"Stationary","Ferrel",2023-05-16 14:57:49.017598,0.16686713444564,0.00089208268605124,0.609280321772297,0.222960461096012,"Stationary"
"Stationary","Ferrel",2023-05-16 14:57:51.091204,0.37156676067394,0.00469869363674673,0.535095876474381,0.0886386692149328,"Stationary"
"Stationary","Ferrel",2023-05-16 14:57:53.078399,0.384069483913768,0.00331858407079646,0.483357827498134,0.129254104517301,"Stationary"
"Stationary","Ferrel",2023-05-16 14:57:55.065604,0.441304854358747,0.00341691248770895,0.474345527671283,0.0809327054822613,"Stationary"
"Stationary","Ferrel",2023-05-16 14:57:57.052799,0.183279760431441,0.0312764872114859,0.484295737665547,0.301148014691526,"Stationary"
"TreeMovement","Ferrel",2023-05-16 14:57:59.558398,0.0798196680053663,0.0197989524003884,0.0143406780384777,0.886040701555768,"TreeMovement"
"TreeMovement","Ferrel",2023-05-16 14:58:01.545603,0.0761908023854363,0.00968820053817544,0.0448828878424586,0.86923810923393,"TreeMovement"
"TreeMovement","Ferrel",2023-05-16 14:58:03.532798,0.086819834408131,0.00529015675960069,0.0447694722969221,0.863120536535346,"TreeMovement"
"TreeMovement","Ferrel",2023-05-16 14:58:05.520003,0.0594098962139917,0.0271154324545219,0.0205616769493636,0.892912994382123,"TreeMovement"
"TreeMovement","Ferrel",2023-05-16 14:58:07.507198,0.061242356122182,0.00428427981669417,0.0216024079608504,0.912870956100274,"TreeMovement"
"TreeMovement","Ferrel",2023-05-16 14:58:09.494403,0.0388880673500639,0.0198609287087459,0.0511145671662072,0.890136436774983,"TreeMovement"
"TreeMovement","Ferrel",2023-05-16 14:58:11.481598,0.0676341127515482,0.00912145854232565,0.0224027731141121,0.900841655592014,"TreeMovement"
"TreeMovement","Ferrel",2023-05-16 14:58:13.468804,0.0866438092753551,0.00680384975640201,0.0214435289671581,0.885108812001085,"TreeMovement"
"TreeMovement","Ferrel",2023-05-16 14:58:15.455999,0.038341247194391,0.000461439586172999,0.0113834264152957,0.94981388680414,"TreeMovement"
"TreeMovement","Ferrel",2023-05-16 14:58:17.443204,0.0723455286919926,0.00514628784762172,0.0311649357549446,0.89134324770544,"TreeMovement"
"TreeMovement","Ferrel",2023-05-16 14:58:19.430399,0.0381463326020572,0.00277275655958462,0.0120771354750965,0.947003775363261,"TreeMovement"
"TreeMovement","Ferrel",2023-05-16 14:58:21.417604,0.0579186009115934,0.00314099369815549,0.0156566933738409,0.92328371201641,"TreeMovement"
"TreeMovement","Ferrel",2023-05-16 14:58:23.404799,0.0617128759222328,0.00856598214602424,0.0244901317089138,0.905231010222829,"TreeMovement"
"TreeMovement","Ferrel",2023-05-16 14:58:25.392004,0.107833037040171,0.000333176561225122,0.0462692670930702,0.845564519305533,"TreeMovement"
"TreeMovement","Ferrel",2023-05-16 14:58:27.379199,0.0492993003478812,0.00753678588814822,0.0122843677884457,0.930879545975524,"TreeMovement"
"TreeMovement","Ferrel",2023-05-16 14:58:29.366404,0.0996114582984519,0.00117142045295301,0.0323700090876151,0.86684711216098,"TreeMovement"
"Stationary","Ferrel",2023-05-16 14:58:31.353599,0.139679525378785,0.00117722119421436,0.369650627755337,0.489492625671663,"TreeMovement"
"Stationary","Ferrel",2023-05-16 14:58:33.340804,0.100611111485458,0.00419022144685862,0.749604364639655,0.145594302428028,"Stationary"
"Stationary","Ferrel",2023-05-16 14:58:35.4144,0.16044909431783,0.00429801222357183,0.710589775418547,0.12466311804005,"Stationary"
"Stationary","Ferrel",2023-05-16 14:58:37.401605,0.0876828744903873,0.00609763884100167,0.823877555265964,0.0823419314026469,"Stationary"
"Stationary","Ferrel",2023-05-16 14:58:39.3888,0.105585719479638,0.000147492625368732,0.804392380964935,0.0898744069300581,"Stationary"
"Stationary","Ferrel",2023-05-16 14:58:41.376005,0.150521290951149,0.00494100294985251,0.750625900718328,0.0939118053806706,"Stationary"
"Stationary","Ferrel",2023-05-16 14:58:43.103998,0.131874482231429,0.00722578797800037,0.698718389256799,0.162181340533772,"Stationary"
"TreeMovement","Ferrel",2023-05-16 14:58:45.091203,0.105212756380782,9.82823185643125e-05,0.0941917614336529,0.800497199867001,"TreeMovement"
"TreeMovement","Ferrel",2023-05-16 14:58:47.078398,0.114771914720899,0.00554723208115114,0.0548169956643666,0.824863857533583,"TreeMovement"
"TreeMovement","Ferrel",2023-05-16 14:58:49.065603,0.146174734104047,0.00167129926386042,0.0837248704368192,0.768429096195274,"TreeMovement"
"TreeMovement","Ferrel",2023-05-16 14:58:51.052798,0.183035758188839,0.00642916572120112,0.107705131865907,0.702829944224052,"TreeMovement"
"TreeMovement","Ferrel",2023-05-16 14:58:53.040003,0.107191311727397,0.00423271822096313,0.0948418598193144,0.793734110232326,"TreeMovement"
"TreeMovement","Ferrel",2023-05-16 14:58:55.027198,0.0693031233278383,0.000136107841657007,0.0308481155796913,0.899712653250813,"TreeMovement"
"TreeMovement","Ferrel",2023-05-16 14:58:57.014403,0.123996187652453,0.0158346569850995,0.182484124358374,0.677685031004073,"TreeMovement"
"TreeMovement","Ferrel",2023-05-16 14:58:59.001598,0.092340005286356,0.0016210463375013,0.106659910814289,0.799379037561854,"TreeMovement"
"Stationary","Ferrel",2023-05-16 14:59:00.988803,0.132969667009463,0.00150302008709088,0.687440612423046,0.1780867004804,"Stationary"
"Stationary","Ferrel",2023-05-16 14:59:02.975998,0.198658530569101,0.00402561221145292,0.643291095963188,0.154024761256258,"Stationary"
"Stationary","Ferrel",2023-05-16 14:59:04.963203,0.148817243230804,0.00250737463126844,0.651658495943105,0.197016886194822,"Stationary"
"Stationary","Ferrel",2023-05-16 14:59:06.950398,0.155979210271347,0.00648832485115671,0.691390029300194,0.146142435577302,"Stationary"
"TreeMovement","Ferrel",2023-05-16 14:59:08.937603,0.153498377740213,0.00667865485744449,0.165981713290809,0.673841254111533,"TreeMovement"
"TreeMovement","Ferrel",2023-05-16 14:59:11.011199,0.123234657867091,0.0333146041110643,0.139354709294345,0.7040960287275,"TreeMovement"
"TreeMovement","Ferrel",2023-05-16 14:59:12.998404,0.165026645530984,0.00236327287046681,0.0840071910323773,0.748602890566172,"TreeMovement"
"TreeMovement","Ferrel",2023-05-16 14:59:14.985599,0.151125127751467,0.000105913376660882,0.0805963160431681,0.768172642828703,"TreeMovement"
"TreeMovement","Ferrel",2023-05-16 14:59:16.972804,0.156933180743175,0.00516575771281977,0.0913364838602747,0.74656457768373,"TreeMovement"
"TreeMovement","Ferrel",2023-05-16 14:59:18.959999,0.188203471113473,0.00379550806512668,0.176838298332824,0.631162722488577,"TreeMovement"
"TreeMovement","Ferrel",2023-05-16 14:59:20.947204,0.203173391405653,0.00377729277898763,0.1597095987695,0.633339717045859,"TreeMovement"
"TreeMovement","Ferrel",2023-05-16 14:59:23.0208,0.161420853924334,0.000758044274087767,0.0744038630380358,0.763417238763542,"TreeMovement"
"TreeMovement","Ferrel",2023-05-16 14:59:25.007995,0.168522401880785,0.0017438092809878,0.0740437532286681,0.755690035609559,"TreeMovement"
"TreeMovement","Ferrel",2023-05-16 14:59:26.9952,0.0957883464665491,0.000810424725200077,0.089218783877186,0.814182444931065,"TreeMovement"
"TreeMovement","Ferrel",2023-05-16 14:59:28.982395,0.163724040958543,0.00673804714665925,0.133295413412744,0.696242498482055,"TreeMovement"
"TreeMovement","Ferrel",2023-05-16 14:59:30.9696,0.186891864800386,0.0040483672064593,0.211132526231983,0.597927241761172,"TreeMovement"
"TreeMovement","Ferrel",2023-05-16 14:59:32.956795,0.230581295609807,0.00547532439328954,0.156680315916352,0.607263064080552,"TreeMovement"
"TreeMovement","Ferrel",2023-05-16 14:59:34.944,0.261470257045478,0.0261270849766425,0.22298659223438,0.4894160657435,"TreeMovement"
"TreeMovement","Ferrel",2023-05-16 14:59:36.931195,0.239732707718512,0.0100150095725317,0.212873689704542,0.537378593004414,"TreeMovement"
"TreeMovement","Ferrel",2023-05-16 14:59:38.9184,0.132223253008094,0.00450480772107439,0.205872829220203,0.657399110050628,"TreeMovement"
"TreeMovement","Ferrel",2023-05-16 14:59:40.905595,0.128870675537816,0.000550262908116106,0.0860172152573346,0.784561846296733,"TreeMovement"
"TreeMovement","Ferrel",2023-05-16 14:59:42.892801,0.102327893713026,0.00840479929372312,0.124156637678845,0.765110669314406,"TreeMovement"
"TreeMovement","Ferrel",2023-05-16 14:59:44.879996,0.152614590981075,0.00224115542407049,0.120028137245169,0.725116116349686,"TreeMovement"
"TreeMovement","Ferrel",2023-05-16 14:59:46.867201,0.232074364284066,0.0167790420002809,0.208224717372953,0.5429218763427,"TreeMovement"
"TreeMovement","Ferrel",2023-05-16 14:59:48.854396,0.151923138042865,0.00532784401863007,0.304788554403036,0.537960463535469,"TreeMovement"
"TreeMovement","Ferrel",2023-05-16 14:59:50.841601,0.125708418174496,0.00626156157975705,0.129953075496284,0.738076944749463,"TreeMovement"
"TreeMovement","Ferrel",2023-05-16 14:59:52.828796,0.166543771602479,0.00174664095182043,0.269386593039266,0.562322994406435,"TreeMovement"
"TreeMovement","Ferrel",2023-05-16 14:59:54.816001,0.15885905546856,7.76276975624903e-05,0.223788191009885,0.617275125823992,"TreeMovement"
"Stationary","Ferrel",2023-05-16 14:59:56.889596,0.110410920956731,0.000101982293055221,0.616426765491227,0.273060331258987,"Stationary"
"Stationary","Ferrel",2023-05-16 14:59:58.876801,0.145729726292219,0.0015714496992208,0.675618216679764,0.177080607328795,"Stationary"
"Stationary","Ferrel",2023-05-16 15:00:00.863997,0.147782589162954,0.00223301771974338,0.715724665448161,0.134259727669141,"Stationary"
"Stationary","Ferrel",2023-05-16 15:00:02.851202,0.145390758660138,0,0.670465260524764,0.184143980815098,"Stationary"
"Stationary","Anne",2023-05-16 17:01:53.241604,0.260292684223523,0.0180614693498608,0.593240135643267,0.128405710783349,"Stationary"
"Stationary","Anne",2023-05-16 17:01:55.228799,0.259792948697888,0.0113417146602987,0.626576435349588,0.102288901292225,"Stationary"
"Stationary","Anne",2023-05-16 17:01:57.216004,0.311577452985436,0.00765322844968863,0.569035281993991,0.111734036570885,"Stationary"
"TreeMovement","Anne",2023-05-16 17:01:59.203199,0.0804137903287004,0.0320278033717362,0.0546759400603168,0.832882466239246,"TreeMovement"
"TreeMovement","Anne",2023-05-16 17:02:17.7792,0.0603619054398421,0.0411767337672653,0.0121285462670052,0.886332814525888,"TreeMovement"
"TreeMovement","Anne",2023-05-16 17:02:19.852795,0.083652869721372,0.0599756520110502,0.019406067340959,0.836965410926619,"TreeMovement"
"TreeMovement","Anne",2023-05-16 17:02:22.444795,0.0515098479509421,0.0282504362777363,0.0139339154629059,0.906305800308416,"TreeMovement"
"TreeMovement","Anne",2023-05-16 17:02:24.432,0.0517810124903376,0.0139625714554239,0.0352776905800414,0.898978725474197,"TreeMovement"
"Stationary","Anne",2023-05-16 17:02:26.419195,0.114487693625169,0.010791641153873,0.585341823524653,0.289378841696306,"Stationary"
"Stationary","Anne",2023-05-16 17:02:28.4064,0.1296464320551,0.000158078220490889,0.565395909473055,0.304799580251354,"Stationary"
"Stationary","Anne",2023-05-16 17:02:30.393595,0.123227242963981,0.00749983382726746,0.543219639513711,0.32605328369504,"Stationary"
"Stationary","Anne",2023-05-16 17:02:32.3808,0.219135764136186,0.000734831847986803,0.283289141580801,0.496840262435027,"TreeMovement"
"TreeMovement","Anne",2023-05-16 17:02:34.9728,0.0563369455200984,0.0196162648117064,0.0179487288164374,0.906098060851758,"TreeMovement"
"TreeMovement","Anne",2023-05-16 17:02:37.132796,0.0817928082859262,0.00648956202641304,0.0354281302985107,0.87628949938915,"TreeMovement"
"TreeMovement","Anne",2023-05-16 17:02:39.120001,0.0709862328407429,0.000271208326932274,0.0139988392530437,0.914743719579281,"TreeMovement"
"TreeMovement","Anne",2023-05-16 17:02:41.107196,0.0852208697095266,0.00632955571216755,0.0353130872359814,0.873136487342324,"TreeMovement"
"TreeMovement","Anne",2023-05-16 17:02:43.094401,0.107279866751792,0.000656339482381083,0.0559755876087224,0.836088206157104,"TreeMovement"
"TreeMovement","Anne",2023-05-16 17:02:45.081596,0.0564257125398415,0.00130958599941394,0.0251086634391277,0.917156038021617,"TreeMovement"
"Stationary","Anne",2023-05-16 17:02:47.068801,0.136661676151549,0.00474544915916597,0.455761474814804,0.402831399874482,"Stationary"
"Stationary","Anne",2023-05-16 17:02:49.142397,0.156843279083446,0.00172709385864071,0.581966867089956,0.259462759967957,"Stationary"
"Stationary","Anne",2023-05-16 17:02:51.129602,0.184454315366504,0.00647094629395514,0.623122638407096,0.185952099932445,"Stationary"
"TreeMovement","Anne",2023-05-16 17:02:53.116797,0.108368025635082,0.00729541537641126,0.0526954474578892,0.831641111530618,"TreeMovement"
"TreeMovement","Anne",2023-05-16 17:02:55.104002,0.0355036506516215,0.00370365235903981,0.0234591668928992,0.937333530096439,"TreeMovement"
"TreeMovement","Anne",2023-05-16 17:02:57.091197,0.0849306947808609,0.0136914051321995,0.0734692096071264,0.827908690479813,"TreeMovement"
"TreeMovement","Anne",2023-05-16 17:02:59.078402,0.0904738409918878,0.00180058838165093,0.0346934940874011,0.87303207653906,"TreeMovement"
"TreeMovement","Anne",2023-05-16 17:03:01.065597,0.151434477137704,0.0009074520165222,0.0384761664736975,0.809181904372075,"TreeMovement"
"TreeMovement","Anne",2023-05-16 17:03:03.139203,0.119552103977104,0.00191618642663889,0.131953743065475,0.746577966530782,"TreeMovement"
"TreeMovement","Anne",2023-05-16 17:03:05.039998,0.182964554374697,0.0188494554165784,0.128445052626264,0.66974093758246,"TreeMovement"
"TreeMovement","Anne",2023-05-16 17:03:07.113603,0.0962528873868875,0.0465157076918969,0.118059342325529,0.739172062595687,"TreeMovement"
"TreeMovement","Anne",2023-05-16 17:03:09.100798,0.17858398612437,0.0619101719462454,0.0963592090914814,0.663146632837903,"TreeMovement"
"TreeMovement","Anne",2023-05-16 17:03:11.088003,0.0911171970588647,0.00680999528245904,0.0305725573225276,0.871500250336148,"TreeMovement"
"TreeMovement","Anne",2023-05-16 17:03:13.075198,0.0572278929743002,0.0020779582463408,0.0431403382153897,0.897553810563969,"TreeMovement"
"TreeMovement","Anne",2023-05-16 17:03:15.062403,0.191514761177377,0.0651312306179563,0.0975313720761108,0.645822636128556,"TreeMovement"
"Stationary","Anne",2023-05-16 17:03:17.049598,0.184953535885826,0.0145641297717904,0.437509691057825,0.362972643284559,"Stationary"
"Stationary","Anne",2023-05-16 17:03:21.369601,0.170140613388459,0.0017841794390467,0.472011148543144,0.35606405862935,"Stationary"
"Stationary","Anne",2023-05-16 17:03:23.356796,0.132800278112146,0.000368573241582661,0.595936725629559,0.270894423016712,"Stationary"
"Stationary","Anne",2023-05-16 17:03:25.430402,0.209020549464186,0.00180268764339561,0.582819255732033,0.206357507160385,"Stationary"
"Stationary","Anne",2023-05-16 17:03:27.417597,0.129975647858138,0.000749168890761811,0.703616428036462,0.165658755214638,"Stationary"
"Stationary","Anne",2023-05-16 17:03:29.404802,0.144424716561875,0.0113077679449361,0.644174714118828,0.200092801374361,"Stationary"
"Stationary","Anne",2023-05-16 17:03:31.391997,0.329445384267085,0.0193004635482512,0.481907754970087,0.169346397214576,"Stationary"
"Stationary","Holland",2023-05-17 11:22:18.652801,0.255996642556109,0.000532126143022725,0.339716858751338,0.403754372549531,"TreeMovement"
"Stationary","Holland",2023-05-17 11:22:20.639996,0.21364521123865,0.0078049221388765,0.409901186294084,0.36864868032839,"Stationary"
"Stationary","Holland",2023-05-17 11:22:22.627201,0.188789182466306,0.00485661464953644,0.502376269211105,0.303977933673052,"Stationary"
"Stationary","Holland",2023-05-17 11:22:29.1072,0.134298095810902,0.0108803112524324,0.616152431670644,0.238669161266022,"Stationary"
"Stationary","Holland",2023-05-17 11:22:31.094405,0.123474238524162,0.0013022883941407,0.671834583552803,0.203388889528894,"Stationary"
"Stationary","Holland",2023-05-17 11:22:34.031997,0.167741638101856,0.000863443341319447,0.525894158622782,0.305500759934042,"Stationary"
"TreeMovement","Holland",2023-05-17 11:22:36.019202,0.0473598124216259,0.0206107161359802,0.0747836262744899,0.857245845167904,"TreeMovement"
"Stationary","Holland",2023-05-17 11:22:39.820801,0.156830680262532,0.0139116951212589,0.327216527029892,0.502041097586317,"TreeMovement"
"TreeMovement","Holland",2023-05-17 11:22:41.894397,0.120790027942279,0.0419639930701878,0.0418472521214916,0.795398726866042,"TreeMovement"
"TreeMovement","Holland",2023-05-17 11:22:43.881602,0.0784865383466318,0.0680666760312778,0.0233396684228807,0.83010711719921,"TreeMovement"
"TreeMovement","Holland",2023-05-17 11:22:45.955197,0.05890621694939,0.000442468272146456,0.0246534971805839,0.91599781759788,"TreeMovement"
"TreeMovement","Holland",2023-05-17 11:22:47.942403,0.0527175254804357,0.000223683214051099,0.0147049577383313,0.932353833567182,"TreeMovement"
"TreeMovement","Holland",2023-05-17 11:22:50.015998,0.126159867346823,0.00213490866261173,0.033463841404295,0.83824138258627,"TreeMovement"
"TreeMovement","Holland",2023-05-17 11:22:52.003203,0.100087821238684,0.000834345372497519,0.0998451922355584,0.79923264115326,"TreeMovement"
"TreeMovement","Holland",2023-05-17 11:22:53.990398,0.0893002178190002,0.00143618398015826,0.0372193424120211,0.87204425578882,"TreeMovement"
"TreeMovement","Holland",2023-05-17 11:22:55.977603,0.0983005867945468,0.0138742197234525,0.040651115621555,0.847174077860445,"TreeMovement"
"Stationary","Holland",2023-05-17 11:23:07.987204,0.15534973462915,0.000180254145187477,0.51258068279711,0.331889328428552,"Stationary"
"Stationary","Holland",2023-05-17 11:23:10.0608,0.188467019113733,0.00324483775811209,0.591010975632282,0.217277167495873,"Stationary"
"Stationary","Holland",2023-05-17 11:23:12.048005,0.155020004864316,0.000559959904986666,0.438272258052835,0.406147777177863,"Stationary"
"Stationary","Holland",2023-05-17 11:23:14.0352,0.16871004769027,0.00897399082848217,0.43436597262296,0.387949988858288,"Stationary"
"TreeMovement","Holland",2023-05-17 11:23:16.108796,0.0602645964504963,0.0107418745483206,0.0485201672072266,0.880473361793956,"TreeMovement"
"TreeMovement","Holland",2023-05-17 11:23:18.096001,0.0482807556682576,0.00136740818482448,0.0220509458702536,0.928300890276664,"TreeMovement"
"TreeMovement","Holland",2023-05-17 11:23:20.083196,0.0877749779588694,0.000147404271834386,0.0646254922460672,0.847452125523229,"TreeMovement"
"TreeMovement","Holland",2023-05-17 11:23:22.156801,0.0509142308308502,0.000886633708754018,0.0209512281600377,0.927247907300358,"TreeMovement"
"TreeMovement","Holland",2023-05-17 11:23:24.143996,0.0655651480727156,0.000293828547784255,0.0444875578810693,0.88965346549843,"TreeMovement"
"TreeMovement","Holland",2023-05-17 11:23:26.131202,0.0520071684748684,0.00016555826985197,0.0293682415801173,0.918459031675162,"TreeMovement"
"TreeMovement","Holland",2023-05-17 11:23:28.118397,0.0905008089183523,0.00456139687537972,0.0604191216211544,0.844518672585113,"TreeMovement"
"TreeMovement","Holland",2023-05-17 11:23:30.192002,0.0581665952703728,0.00197175802396683,0.0169911077082738,0.922870538997386,"TreeMovement"
"TreeMovement","Holland",2023-05-17 11:23:32.179197,0.205090559350669,8.98539652638175e-05,0.0682486856278324,0.726570901056235,"TreeMovement"
"TreeMovement","Holland",2023-05-17 11:23:34.166402,0.139439532661903,0.000367892866951331,0.0694361893206428,0.790756385150503,"TreeMovement"
"TreeMovement","Holland",2023-05-17 11:23:36.239998,0.12693084298618,0.00100686970864774,0.122996624148062,0.74906566315711,"TreeMovement"
"TreeMovement","Holland",2023-05-17 11:23:38.227203,0.214098032565606,0.00494232157135452,0.0479317165719603,0.733027929291079,"TreeMovement"
"TreeMovement","Holland",2023-05-17 11:23:40.214398,0.131778787104997,0.000843916109079978,0.0828754577590352,0.784501839026888,"TreeMovement"
"TreeMovement","Holland",2023-05-17 11:23:42.201603,0.130213373212005,0.0118765731827245,0.0792919218295307,0.778618131775741,"TreeMovement"
"TreeMovement","Holland",2023-05-17 11:23:44.275199,0.0955259167300213,0.000230955644740968,0.0301527423901739,0.874090385235063,"TreeMovement"
"TreeMovement","Holland",2023-05-17 11:23:46.262404,0.104670701256707,0.000672865271363363,0.0590285373632582,0.835627896108671,"TreeMovement"
"TreeMovement","Holland",2023-05-17 11:23:48.249599,0.220751925775715,0.000647981723006055,0.0483687048768862,0.730231387624393,"TreeMovement"
"Stationary","Holland",2023-05-17 11:23:50.323205,0.140681218749015,0.000371735799174954,0.437029878146849,0.42191716730496,"Stationary"
"Stationary","Holland",2023-05-17 11:23:52.3104,0.163463861332875,0.000158307210749186,0.440567015255211,0.395810816201165,"Stationary"
"Stationary","Holland",2023-05-17 11:23:54.297605,0.515799669364997,0.00378418948875042,0.413142597659513,0.0672735434867389,"Foraging"
"Stationary","Holland",2023-05-17 11:23:56.2848,0.168962916544583,0.00117994100294985,0.510420774025374,0.319436368427093,"Stationary"
"Stationary","Holland",2023-05-17 11:23:58.272005,0.18998247582599,0.000719585232859569,0.440892744344508,0.368405194596642,"Stationary"
"Stationary","Holland",2023-05-17 11:24:00.2592,0.189617024250556,0.00318782252497724,0.379607667943724,0.427587485280743,"TreeMovement"
"Stationary","Holland",2023-05-17 11:24:02.332796,0.602856780833638,0.000607425250039273,0.326412647033286,0.0701231468830364,"Foraging"
"Stationary","Holland",2023-05-17 11:24:04.320001,0.140061702206787,0.00239542239755482,0.624333510523744,0.233209364871914,"Stationary"
"Stationary","Holland",2023-05-17 11:24:06.307196,0.132537064638752,0.000840935244397553,0.631799223724021,0.23482277639283,"Stationary"
"Stationary","Holland",2023-05-17 11:24:08.380801,0.141360117580619,0.00191997580896384,0.57626531379329,0.280454592817126,"Stationary"
"Stationary","Holland",2023-05-17 11:24:10.367996,0.212601483253389,0.00575177035354027,0.578279637032137,0.203367109360934,"Stationary"
"Stationary","Holland",2023-05-17 11:24:12.355201,0.322900583243559,0.00619902828387992,0.520844904983236,0.150055483489326,"Stationary"
"Stationary","Holland",2023-05-17 11:24:14.428797,0.138220738312312,0.00987498244135412,0.633216758210416,0.218687521035917,"Stationary"
"Stationary","Holland",2023-05-17 11:24:16.416002,0.497490472311248,0.0079646017699115,0.368653642466574,0.125891283452267,"Foraging"
"Stationary","Holland",2023-05-17 11:24:18.403197,0.266942555942897,0.00032527077629582,0.369474310270607,0.3632578630102,"Stationary"
"Stationary","Holland",2023-05-17 11:24:20.476803,0.413877440279125,0.00715382869909759,0.340589821252,0.238378909769778,"Foraging"
"Stationary","Holland",2023-05-17 11:24:22.118395,0.484445145128117,0.00383212982208032,0.355087858752651,0.156634866297152,"Foraging"
"Stationary","Holland",2023-05-17 11:24:24.105601,0.232406190976537,0.0149517722526572,0.492133051275233,0.260508985495573,"Stationary"
"TreeMovement","Holland",2023-05-17 11:24:26.784001,0.11169761405105,0.000807767456711574,0.0448440121858658,0.842650606306372,"TreeMovement"
"TreeMovement","Holland",2023-05-17 11:24:28.771196,0.0830775096932437,0.000194314053138515,0.0197266822982201,0.897001493955398,"TreeMovement"
"TreeMovement","Holland",2023-05-17 11:24:30.758401,0.109943921579583,0.00894745488592536,0.0125985218547253,0.868510101679766,"TreeMovement"
"TreeMovement","Holland",2023-05-17 11:24:32.745596,0.256479502044546,0.000434462797469981,0.035690330565971,0.707395704592013,"TreeMovement"
"TreeMovement","Holland",2023-05-17 11:24:34.819202,0.124668857242815,0.000740591444937277,0.046088858915982,0.828501692396266,"TreeMovement"
"TreeMovement","Holland",2023-05-17 11:24:36.806397,0.146633034770667,0.002252330819529,0.0827916987304771,0.768322935679327,"TreeMovement"
"Stationary","Holland",2023-05-17 11:24:40.348804,0.126768685907677,0.0011461401956202,0.605961203981616,0.266123969915086,"Stationary"
"Stationary","Holland",2023-05-17 11:24:42.422399,0.113191758166543,0.000389359902634239,0.591506296438254,0.294912585492569,"Stationary"
"Stationary","Holland",2023-05-17 11:24:44.409604,0.310551423473638,0.0285421641616332,0.522640472441731,0.138265939922999,"Stationary"
"Stationary","Holland",2023-05-17 11:24:46.396799,0.200188078421469,0.00725991478203868,0.54717657947863,0.245375427317862,"Stationary"
"Stationary","Holland",2023-05-17 11:24:48.470405,0.111138474053518,0.00125968610562629,0.666265939906292,0.221335899934564,"Stationary"
"Stationary","Holland",2023-05-17 11:24:50.4576,0.183290575020894,0.00958702064896755,0.5280016000744,0.279120804255738,"Stationary"
"Stationary","Holland",2023-05-17 11:24:52.444795,0.129248755706314,0,0.534626841541399,0.336124402752286,"Stationary"
"Stationary","Holland",2023-05-17 11:24:54.518401,0.109411177297359,5.17517983749935e-05,0.52790285633301,0.362634214571256,"Stationary"
"Stationary","Holland",2023-05-17 11:24:56.505596,0.160871527395411,0.0080022054896967,0.328066885425102,0.50305938168979,"TreeMovement"
"Stationary","Holland",2023-05-17 11:24:58.492801,0.15444886378602,0.00220554116655972,0.424202948015196,0.419142647032225,"Stationary"
"TreeMovement","Holland",2023-05-17 11:25:00.825598,0.161091443353375,0.00066790271172166,0.0612277327295594,0.777012921205344,"TreeMovement"
"Stationary","Holland",2023-05-17 11:25:02.812804,0.225151595496488,0.00502574584513736,0.449720556063456,0.320102102594919,"Stationary"
"Stationary","Holland",2023-05-17 11:25:05.491204,0.162464594298594,0.00202275600505689,0.694670229716921,0.140842419979428,"Stationary"
"Stationary","Holland",2023-05-17 11:25:07.478399,0.116145098311857,0.00132250444583546,0.60166491687418,0.280867480368127,"Stationary"
"Stationary","Holland",2023-05-17 11:25:09.206402,0.185006906976355,0.00842942701349781,0.62497336575423,0.181590300255917,"Stationary"
"Stationary","Holland",2023-05-17 11:25:11.279998,0.145854915659199,0.00065732508085253,0.583053394669625,0.270434364590324,"Stationary"
"Stationary","Holland",2023-05-17 11:25:13.267203,0.102217264986109,0,0.627384892729789,0.270397842284101,"Stationary"
"Stationary","Holland",2023-05-17 11:25:15.254398,0.131473306283582,0.000368731563421829,0.548437725182595,0.319720236970401,"Stationary"
"Stationary","Holland",2023-05-17 11:25:17.328003,0.123782138077123,0,0.635575419324312,0.240642442598565,"Stationary"
"Stationary","Holland",2023-05-17 11:25:19.315198,0.144617944497448,0.00297347173993631,0.324267115171245,0.528141468591371,"TreeMovement"
"Stationary","Holland",2023-05-17 11:25:21.302403,0.140612797400371,4.37686769151024e-05,0.375335003476792,0.484008430445922,"TreeMovement"
"Stationary","Holland",2023-05-17 11:25:23.375999,0.156958366000466,0.00203262225367524,0.46313224588382,0.377876765862039,"Stationary"
"Stationary","Holland",2023-05-17 11:25:25.363204,0.15491444373989,0.000368731563421829,0.625822052563245,0.218894772133443,"Stationary"
"Stationary","Holland",2023-05-17 11:25:27.350399,0.203228142659176,0,0.608643801049619,0.188128056291204,"Stationary"
"Stationary","Holland",2023-05-17 11:25:29.337604,0.136857469952518,0.0102542491923023,0.699111322422586,0.153776958432593,"Stationary"
"TreeMovement","Holland",2023-05-17 11:25:31.584001,0.202765195685292,0.000144411836031793,0.103130162057485,0.693960230421191,"TreeMovement"
"TreeMovement","Holland",2023-05-17 11:25:33.571196,0.12693864944986,0.000938464539541306,0.152756474406808,0.71936641160379,"TreeMovement"
"TreeMovement","Holland",2023-05-17 11:25:35.558401,0.159854343763106,0.00265649454851255,0.0867115937761633,0.750777567912218,"TreeMovement"
"Stationary","Holland",2023-05-17 11:25:37.631997,0.150209015266517,0.00192523720199369,0.266292989379709,0.58157275815178,"TreeMovement"
"TreeMovement","Holland",2023-05-17 11:25:39.705603,0.283698777114667,0.021037403315,0.0573559466927866,0.637907872877546,"TreeMovement"
"TreeMovement","Holland",2023-05-17 11:25:41.779198,0.118770151867385,0.00268283596885702,0.0876385442760442,0.790908467887713,"TreeMovement"
"Stationary","Holland",2023-05-17 11:25:44.025595,0.248665572845611,0.00234200411191562,0.545974420339003,0.203018002703471,"Stationary"
"Stationary","Holland",2023-05-17 11:25:46.0128,0.159684700259043,0.000429743682763513,0.585433198535093,0.2544523575231,"Stationary"
"TreeMovement","Holland",2023-05-17 11:25:48.172797,0.126561553313311,0.000275318993785019,0.0933993792738427,0.779763748419061,"TreeMovement"
"TreeMovement","Holland",2023-05-17 11:25:50.160002,0.169563356537442,0.00033005526094817,0.0721122890665629,0.757994299135047,"TreeMovement"
"Stationary","Holland",2023-05-17 11:25:52.233598,0.157490524015988,0.00662266284605857,0.519621508066041,0.316265305071912,"Stationary"
"Stationary","Holland",2023-05-17 11:25:54.307203,0.085971849054054,0.00296319024275875,0.643444601723529,0.267620358979658,"Stationary"
"Stationary","Holland",2023-05-17 11:25:56.380799,0.133151274626218,0.00297048084658704,0.642800756603439,0.221077487923756,"Stationary"
