"true_class","ID","Time","Foraging","Locomotion","Stationary","TreeMovement","predicted_class"
"TreeMovement","Hardy",2023-05-15 15:08:34.684796,0.00649483531475346,0.0198163667467897,0.00732421663526712,0.96636458130319,"TreeMovement"
"TreeMovement","Hardy",2023-05-15 15:08:36.672001,0.0140469694016761,0.01218735788995,0.0141157235973061,0.959649949111068,"TreeMovement"
"TreeMovement","Hardy",2023-05-15 15:08:44.880003,0.032251131466684,0.0174695207778427,0.0050818553888131,0.94519749236666,"TreeMovement"
"TreeMovement","Hardy",2023-05-15 15:08:46.867198,0.00557829316355919,0.00588146127027437,0.00979016436042357,0.978750081205743,"TreeMovement"
"TreeMovement","Hardy",2023-05-15 15:08:48.854404,0.00666590874639988,0.0108231014097317,0.00938197015959635,0.973129019684272,"TreeMovement"
"TreeMovement","Hardy",2023-05-15 15:08:50.841599,0.0500893263171571,0.000194893782888326,0.0301906710842591,0.919525108815695,"TreeMovement"
"TreeMovement","Hardy",2023-05-15 15:08:52.828804,0.0273046189826545,0.0117504709933086,0.13416054916737,0.826784360856667,"TreeMovement"
"TreeMovement","Hardy",2023-05-15 15:08:54.815999,0.0290998072717036,0.0126643062864072,0.00156131574958314,0.956674570692306,"TreeMovement"
"TreeMovement","Hardy",2023-05-15 15:08:56.803204,0.00523343944217068,0.00655979990904957,0.00846596938002122,0.979740791268758,"TreeMovement"
"TreeMovement","Hardy",2023-05-15 15:08:58.703998,0.0106693518698976,0.00578184889235367,0.00898839299248576,0.974560406245263,"TreeMovement"
"TreeMovement","Hardy",2023-05-15 15:09:00.691203,0.267981116957925,0.00269440654843111,0.0548117109508651,0.67451276554278,"TreeMovement"
"TreeMovement","Hardy",2023-05-15 15:09:02.678398,0.150033023668767,0.00229649840836744,0.0674738517507958,0.78019662617207,"TreeMovement"
"TreeMovement","Hardy",2023-05-15 15:09:04.665603,0.205007146105373,0.00995149310292557,0.0466943848935663,0.738346975898136,"TreeMovement"
"TreeMovement","Hardy",2023-05-15 15:09:06.652798,0.21597046276446,0.000617163645813032,0.0471745815197384,0.736237792069989,"TreeMovement"
"TreeMovement","Hardy",2023-05-15 15:09:08.640003,0.215869767643301,0.00263918664327941,0.0552204465233114,0.726270599190108,"TreeMovement"
"TreeMovement","Hardy",2023-05-15 15:09:10.627198,0.158941293661621,0.0284631542476017,0.0603315359795578,0.752264016111219,"TreeMovement"
"TreeMovement","Hardy",2023-05-15 15:09:12.614403,0.0613206219277161,0.00102319236016371,0.0196653240650512,0.917990861647069,"TreeMovement"
"TreeMovement","Hardy",2023-05-15 15:09:14.601599,0.00622685636328201,0.0130172805820828,0.0133453517832781,0.967410511271357,"TreeMovement"
"TreeMovement","Hardy",2023-05-15 15:09:16.588804,0.0257037831048745,0.00104592996816735,0.0131363823382923,0.960113904588666,"TreeMovement"
"TreeMovement","Hardy",2023-05-15 15:09:18.575999,0.0362242577795102,0.000151584053357587,0.014345265163819,0.949278893003313,"TreeMovement"
"TreeMovement","Hardy",2023-05-15 15:09:20.563204,0.250148335823643,0.000784447476125511,0.0529326100608502,0.696134606639382,"TreeMovement"
"TreeMovement","Hardy",2023-05-15 15:09:22.550399,0.242022347820438,0.000560860997423071,0.0930818120790836,0.664334979103056,"TreeMovement"
"TreeMovement","Hardy",2023-05-15 15:09:24.537604,0.276414062669179,0.00093115918491089,0.0650149418566881,0.657639836289222,"TreeMovement"
"TreeMovement","Hardy",2023-05-15 15:09:26.524799,0.262803438792525,0.00433313843955045,0.0538751380497629,0.678988284718162,"TreeMovement"
"Foraging","Hardy",2023-05-15 15:09:28.512004,0.707571082093593,0.000492648173412157,0.0786677927196345,0.213268477013361,"Foraging"
"Foraging","Hardy",2023-05-16 12:52:44.054403,0.958071850841291,0.00637302670044825,0.01206230104593,0.0234928214123303,"Foraging"
"Foraging","Hardy",2023-05-16 12:52:46.041598,0.958880660040278,0,0.0210230840858399,0.0200962558738821,"Foraging"
"Foraging","Hardy",2023-05-16 12:52:48.028803,0.847652071287815,0.000727603456116417,0.07858929383486,0.0730310314212088,"Foraging"
"Foraging","Hardy",2023-05-16 12:53:06.345602,0.927997574655146,0.00259208731241473,0.0438911626496892,0.0255191753827497,"Foraging"
"Foraging","Hardy",2023-05-16 12:53:08.332797,0.826945148227549,0.00879674743931224,0.063514259728448,0.10074384460469,"Foraging"
"Foraging","Hardy",2023-05-16 12:53:16.281597,0.972033824898763,0.00140323523679595,0.0126810888066004,0.0138818510578401,"Foraging"
"Foraging","Hardy",2023-05-16 12:53:18.268802,0.810415989952143,0.00645802204465233,0.0316767361787826,0.151449251824422,"Foraging"
"Foraging","Hardy",2023-05-16 12:53:26.304003,0.965205504666624,0.000346477836245913,0.0163423850668053,0.0181056324303255,"Foraging"
"Foraging","Hardy",2023-05-16 12:53:28.291198,0.850719482881829,0.00153099893891163,0.0704486887979385,0.0773008293813206,"Foraging"
"Foraging","Hardy",2023-05-16 12:53:30.278403,0.649710907555382,0.0030089434591481,0.261611338487191,0.0856688104982785,"Foraging"
"Foraging","Hardy",2023-05-16 12:53:32.265598,0.827894172675891,0.00633350657225146,0.0777474609671063,0.0880248597847507,"Foraging"
"Foraging","Hardy",2023-05-16 12:53:34.943998,0.785687217133329,0.00451882890491349,0.0667375863487733,0.143056367612984,"Foraging"
"Foraging","Hardy",2023-05-16 12:53:44.102398,0.931226856363282,0.00149851664176357,0.0342883128694861,0.0329863141254683,"Foraging"
"Foraging","Hardy",2023-05-16 12:53:46.003202,0.917598367223197,0.000644232226769744,0.0179540483769679,0.0638033521730657,"Foraging"
"Foraging","Hardy",2023-05-16 12:53:47.990397,0.740855691981204,0.0183427531995063,0.0868614521752312,0.153940102644059,"Foraging"
"Foraging","Hardy",2023-05-16 12:53:49.977602,0.650682669611728,0.00240044175924121,0.0952299746638083,0.251686913965222,"Foraging"
"Foraging","Hardy",2023-05-16 12:53:58.272005,0.84172730028801,0.00819474219883497,0.0373134974772083,0.112764460035947,"Foraging"
"Foraging","Hardy",2023-05-16 12:54:00.172799,0.878121007384309,0.00327421555252387,0.0363725936031529,0.0822321834600143,"Foraging"
"Foraging","Hardy",2023-05-16 12:54:02.160004,0.762842958920722,0.00205450529461444,0.0985935165334893,0.136509019251175,"Foraging"
"Foraging","Hardy",2023-05-16 12:54:08.380801,0.951446003594707,0,0.0225502934234176,0.0260037029818749,"Foraging"
"Foraging","Hardy",2023-05-16 12:54:10.367996,0.889737759587691,0.000288009701379415,0.0649494358907729,0.0450247948201563,"Foraging"
"Foraging","Hardy",2023-05-16 12:56:03.033599,0.997002425344854,0,0.00101940275882977,0.00197817189631651,"Foraging"
"Foraging","Hardy",2023-05-16 12:56:05.020804,0.979103055501418,0.000511596180081855,0.010550250113688,0.00983509820481171,"Foraging"
"Foraging","Hardy",2023-05-16 12:56:07.007999,0.938245739405357,0.0133935338573811,0.012175447714329,0.0361852790229325,"Foraging"
"Foraging","Hardy",2023-05-16 12:56:13.7472,0.808082136902055,0.0240233655990818,0.0218925269061695,0.146001970592694,"Foraging"
"Foraging","Hardy",2023-05-16 12:56:15.734396,0.632445483877953,0.016861560449555,0.0594696723618961,0.291223283310595,"Foraging"
"Foraging","Hardy",2023-05-16 12:56:29.039996,0.973024534961779,0.00305333593191711,0.0136052101604625,0.0103169189458412,"Foraging"
"Foraging","Hardy",2023-05-16 12:56:31.027201,0.965988328027891,0,0.0182880746659737,0.0157235973061348,"Foraging"
"Foraging","Hardy",2023-05-16 12:56:33.014396,0.958739362047684,0.000511596180081855,0.0221908226683124,0.0185582191039217,"Foraging"
"Foraging","Hardy",2023-05-16 12:56:35.001601,0.999696831893285,0,0.000151584053357587,0.000151584053357587,"Foraging"
"Foraging","Hardy",2023-05-16 12:56:36.988796,0.93564932111999,0.00101886138721064,0.0440725221420992,0.0192592953507005,"Foraging"
"Foraging","Hardy",2023-05-16 12:56:38.976002,0.876489313324238,0.00262998332575413,0.0545551008033955,0.0663256025466121,"Foraging"
"Foraging","Hardy",2023-05-16 12:56:40.876796,0.883325212759046,0.0068781264211005,0.0570692306026549,0.0527274302171983,"Foraging"
"Foraging","Hardy",2023-05-16 12:56:42.864001,0.609007882370775,0.020991143160311,0.0601236492778103,0.309877325191104,"Foraging"
"Foraging","Hardy",2023-05-16 12:56:57.379201,0.94916845319301,0.00268791008900149,0.0164317113839624,0.0317119253340263,"Foraging"
"Foraging","Hardy",2023-05-16 12:56:59.279995,0.801383204486888,0.0029899954524784,0.0732849347105828,0.122341865350051,"Foraging"
"Foraging","Hardy",2023-05-16 12:57:09.302401,0.814287879772191,0,0.0909677559063644,0.0947443643214448,"Foraging"
"Foraging","Hardy",2023-05-16 12:57:11.289596,0.680670326338812,0.000545702592087312,0.0781112626951645,0.240672708373936,"Foraging"
"Foraging","Hardy",2023-05-16 12:57:13.276801,0.819921934212521,0,0.0912633448104117,0.0888147209770675,"Foraging"
"Foraging","Hardy",2023-05-16 12:57:15.263996,0.961320080556097,0,0.0236352021481626,0.0150447172957405,"Foraging"
"Foraging","Hardy",2023-05-16 12:57:17.251201,0.980965915242859,0,0.0135494488836917,0.00548463587344897,"Foraging"
"Foraging","Hardy",2023-05-16 12:57:19.238396,0.960094415210377,0.000194893782888326,0.0253340262890058,0.0143766647177288,"Foraging"
"Foraging","Hardy",2023-05-16 12:57:21.225601,0.979922692132787,0.000151584053357587,0.0124591264427554,0.00746659737109942,"Foraging"
"Foraging","Hardy",2023-05-16 12:57:23.212796,0.779259511899348,0.00034106412005457,0.137633448104117,0.0827659758764807,"Foraging"
"Foraging","Hardy",2023-05-16 12:57:38.2464,0.993295112497023,0,0.00387026570519067,0.00283462179778687,"Foraging"
"Foraging","Hardy",2023-05-16 12:57:40.233595,0.837121310552416,0.00162194937092618,0.102614283548799,0.058642456527859,"Foraging"
"Foraging","Hardy",2023-05-16 12:57:42.2208,0.863917581584703,0.00269603066328851,0.0803363000498062,0.0530500877022023,"Foraging"
"Foraging","Hardy",2023-05-16 13:10:07.507202,0.980722298014249,0.00344528898417029,0.00784772299096992,0.00798469001061088,"Foraging"
"Foraging","Hardy",2023-05-16 13:10:09.494397,0.993904155568548,0.00155915026310661,0.00157214318196583,0.00296455098637909,"Foraging"
"Foraging","Hardy",2023-05-16 13:10:11.481602,0.990550899759631,0,0.00702754498798155,0.00242155525238745,"Foraging"
"Foraging","Hardy",2023-05-16 13:10:13.468797,0.910659065809134,0.000409276944065484,0.0614229411637324,0.0275087160830681,"Foraging"
"Foraging","Hardy",2023-05-16 13:10:24.614402,0.847760886983261,0.0101891552437255,0.0577367418090474,0.0843132159639663,"Foraging"
"Foraging","Hardy",2023-05-16 13:10:26.601597,0.916125836419151,0.0076734013296087,0.0494061153338097,0.02679464691743,"Foraging"
"Foraging","Hardy",2023-05-16 13:10:28.588802,0.84569176465493,0.0170071894151021,0.0650106108837351,0.0722904350462332,"Foraging"
"Foraging","Hardy",2023-05-16 13:10:30.575997,0.765398232963035,0.00938792524740683,0.101519088763291,0.123694753026267,"Foraging"
"Foraging","Hardy",2023-05-16 13:10:43.622396,0.995269494792005,0,0.00412416899456463,0.000606336213430347,"Foraging"
"Foraging","Hardy",2023-05-16 13:10:45.609601,0.996271032287403,0,0.00236471123237835,0.00136425648021828,"Foraging"
"Foraging","Hardy",2023-05-16 13:10:47.596796,0.995133069143983,0.000909504320145521,0.00183741527534161,0.00212001126052968,"Foraging"
"Foraging","Hardy",2023-05-16 13:10:49.584001,0.814661967561013,0.0038486108404253,0.100505641092271,0.0809837805062908,"Foraging"
"Foraging","Hardy",2023-05-16 13:11:00.124801,0.824229628185972,0.0119112583641915,0.0878148075965266,0.07604430585331,"Foraging"
"Foraging","Hardy",2023-05-16 13:11:06.345598,0.919489378288833,0.00553173520431365,0.0340668918772602,0.0409119946295935,"Foraging"
"Foraging","Hardy",2023-05-16 13:11:08.332803,0.766537278849694,0.00695445981939843,0.0681397388423309,0.158368522488577,"Foraging"
"Foraging","Hardy",2023-05-16 13:11:10.319998,0.825284761471665,0.00327205006604734,0.0737851620866628,0.0976580263756253,"Foraging"
"Foraging","Hardy",2023-05-16 13:11:23.7984,0.877378786894476,0.00022737608003638,0.0730310314212088,0.049362805604279,"Foraging"
"Foraging","Hardy",2023-05-16 13:11:25.699204,0.928918447779294,0,0.0388093072608761,0.0322722449598302,"Foraging"
"Foraging","Hardy",2023-05-16 13:11:27.686399,0.958261330907988,0.000136425648021828,0.021757725373005,0.0198445180709846,"Foraging"
"Foraging","Hardy",2023-05-16 13:11:30.105598,0.983604019142901,0,0.0116443621559583,0.00475161870114121,"Foraging"
"Foraging","Hardy",2023-05-16 13:11:32.006402,0.9551522336993,0,0.0282850429849066,0.0165627233157929,"Foraging"
"Foraging","Hardy",2023-05-16 13:11:33.993597,0.955562052014985,0,0.0327778860521016,0.0116600619329132,"Foraging"
"Foraging","Hardy",2023-05-16 13:11:35.980802,0.977913120682561,0,0.0211189068624266,0.000967972455012019,"Foraging"
"Foraging","Hardy",2023-05-16 13:11:37.967997,0.889542865804803,0.000545702592087312,0.0611419692934018,0.0487694623097079,"Foraging"
"Foraging","Hardy",2023-05-16 13:11:45.052801,0.972920050239286,0,0.0234760388921371,0.00360391086857663,"Foraging"
"Foraging","Hardy",2023-05-16 13:11:47.039996,0.949990796682475,0.000409276944065484,0.0248624916087399,0.0247374347647199,"Foraging"
"Foraging","Hardy",2023-05-16 13:11:49.027201,0.800554905909613,0.00157214318196583,0.116901621949371,0.0809713289590507,"Foraging"
"Foraging","Hardy",2023-05-16 13:11:57.062402,0.993586911799736,0.00136425648021828,0.00362773121981853,0.00142110050022738,"Foraging"
"Foraging","Hardy",2023-05-16 13:11:59.049597,0.989705277290543,0,0.00811191234110743,0.00218281036834925,"Foraging"
"Foraging","Hardy",2023-05-16 13:12:01.036802,0.979667706100175,0.00034106412005457,0.0136154962212261,0.00637573355854393,"Foraging"
"Foraging","Hardy",2023-05-16 13:12:06.048,0.981260962775287,0,0.0178620152017151,0.000877022022997466,"Foraging"
"Foraging","Hardy",2023-05-16 13:12:08.035205,0.938959267199376,0,0.034816150198142,0.0262245826024816,"Foraging"
"Foraging","Hardy",2023-05-16 13:12:10.0224,0.990528703523247,0.000909504320145521,0.00629561055891206,0.00226618159769592,"Foraging"
"Foraging","Hardy",2023-05-16 13:12:14.687995,0.963326945148227,0.000272851296043656,0.0295648454925399,0.0068353580631889,"Foraging"
"Foraging","Hardy",2023-05-16 13:12:16.6752,0.952026895342039,0.00136425648021828,0.0420218064488187,0.0045870417289244,"Foraging"
"Foraging","Hardy",2023-05-16 13:12:18.662395,0.934544923016955,0.000422269862924706,0.0366421966694818,0.0283906104506377,"Foraging"
"Foraging","Hardy",2023-05-16 13:12:20.908802,0.852171441564348,0.000898135516143702,0.0942522575196518,0.0526781653998571,"Foraging"
"Foraging","Hardy",2023-05-16 13:12:45.619199,0.987930119751402,0.000409276944065484,0.00400939821130817,0.00765120509322419,"Foraging"
"Foraging","Hardy",2023-05-16 13:12:47.606404,0.700170532060027,0.00459786916130709,0.166557309599602,0.128674289179064,"Foraging"
"Foraging","Hardy",2023-05-16 13:13:14.303997,0.74899359016003,0.0241478810714827,0.0938359427445376,0.13302258602395,"Foraging"
"Foraging","Hardy",2023-05-16 13:13:16.291202,0.77643246930423,0.0200242534485372,0.118087767166894,0.0854555100803395,"Foraging"
"Foraging","Hardy",2023-05-16 13:13:18.278397,0.850136967019641,0.00250655059659152,0.0788902964550986,0.0684661859286689,"Foraging"
"Foraging","Hardy",2023-05-16 13:13:20.265602,0.969323718573378,0.00168258299226921,0.0194217068364408,0.00957199159791247,"Foraging"
"Foraging","Hardy",2023-05-16 13:13:22.252797,0.963972260118236,0.0104636306546266,0.0168648086792698,0.00869930054786808,"Foraging"
"Foraging","Hardy",2023-05-16 13:13:24.240002,0.936190692739124,0.0256859178414431,0.0209656986942117,0.0171576907252214,"Foraging"
"Foraging","Hardy",2023-05-16 13:13:26.227197,0.948898850126681,0.00313345893154897,0.0332905649754217,0.0146771259663483,"Foraging"
"Foraging","Hardy",2023-05-16 13:13:28.128001,0.967388315034973,0.000545702592087312,0.0221561748846878,0.00990980748825224,"Foraging"
"Foraging","Hardy",2023-05-16 13:13:30.115196,0.934318629680158,0.00188126637649148,0.0395905065072868,0.024209597436064,"Foraging"
"Foraging","Hardy",2023-05-16 13:13:36.336003,0.973572403040343,0.00187747677515754,0.0107981983152515,0.0137519218692479,"Foraging"
"Foraging","Hardy",2023-05-16 13:13:42.4704,0.985246540635354,0,0.0063816886463544,0.00837177071829186,"Foraging"
"Foraging","Hardy",2023-05-16 13:13:44.457605,0.958319799042855,0.000594967409428528,0.0289991121505446,0.0120861213971719,"Foraging"
"Foraging","Hardy",2023-05-16 13:13:46.4448,0.945762684337036,0.00122349985924338,0.0218535481495918,0.0311602676541285,"Foraging"
"TreeMovement","Hardy",2023-05-16 13:13:48.432005,0.039268390393902,0.00615647805279456,0.0374120271118907,0.917163104441413,"TreeMovement"
"TreeMovement","Hardy",2023-05-17 00:46:50.678398,0.0255516576798978,0.0169568418545226,0.0170970571038784,0.940394443361701,"TreeMovement"
"TreeMovement","Hardy",2023-05-17 00:46:52.579202,0.0335796574200394,0.00786504688278222,0.0128711102449165,0.945684185452262,"TreeMovement"
"TreeMovement","Hardy",2023-05-17 00:46:54.566397,0.00453994239805972,0.000670759436107322,0.00907934342450031,0.985709954741332,"TreeMovement"
"TreeMovement","Hardy",2023-05-17 00:46:56.553602,0.00861917754823621,0.0108393425583057,0.00860185365642392,0.971939626237034,"TreeMovement"
"TreeMovement","Hardy",2023-05-17 00:46:58.540797,0.0122306676194807,0.00414636523094913,0.00621927716061413,0.977403689988956,"TreeMovement"
"Stationary","Hardy",2023-05-17 00:47:00.528003,0.0889722601182356,0.125134260161545,0.524882522358648,0.261010957361571,"Stationary"
"Stationary","Hardy",2023-05-17 06:44:27.920029,0.00231923601637108,0,0.996452933151432,0.00122783083219645,"Stationary"
"Stationary","Hardy",2023-05-17 06:44:29.899972,0.000136425648021828,0,0.997044110959527,0.00281946339245111,"Stationary"
"Stationary","Hardy",2023-05-17 06:44:31.876968,0,0,1,0,"Stationary"
"Stationary","Hardy",2023-05-17 06:44:33.846983,0,0,1,0,"Stationary"
"Stationary","Hardy",2023-05-17 06:44:35.837035,0,0,0.999488403819918,0.000511596180081855,"Stationary"
"Stationary","Hardy",2023-05-17 06:44:37.80704,0.00258559085298512,0,0.987848372636913,0.009566036510102,"Stationary"
"Stationary","Hardy",2023-05-17 06:44:39.779983,0.00109627752874683,0,0.99242133870374,0.00648238376751337,"Stationary"
"Stationary","Hardy",2023-05-17 06:44:41.760006,0.00131228480478139,0,0.991974165746335,0.00671354944888369,"Stationary"
"Stationary","Hardy",2023-05-17 06:44:43.74004,0.000170532060027285,0,0.999829467939973,0,"Stationary"
"Stationary","Hardy",2023-05-17 06:44:45.719983,0,0.000194893782888326,0.995827648931332,0.00397745728577925,"Stationary"
"Stationary","Hardy",2023-05-17 06:44:47.696989,0,0,0.998635743519782,0.00136425648021828,"Stationary"
"Stationary","Hardy",2023-05-17 06:44:49.68004,0.00136425648021828,0.00129929188592217,0.996550380042877,0.000786071590982914,"Stationary"
"Stationary","Hardy",2023-05-17 06:44:51.656955,0.00150068212824011,0.000151584053357587,0.996369561922086,0.00197817189631651,"Stationary"
"Stationary","Hardy",2023-05-17 06:44:53.626961,0.00159163256025466,0.000682128240109141,0.995606769310726,0.00211946988891054,"Stationary"
"Stationary","Hardy",2023-05-17 06:44:55.599994,0.0021709001927283,0.00738214339851448,0.98639316572468,0.00405379068407718,"Stationary"
"Stationary","Hardy",2023-05-17 06:44:57.580027,0.000397908140063665,0.00129929188592217,0.995836310877239,0.00246648909677559,"Stationary"
"Stationary","Hardy",2023-05-17 06:44:59.55996,0.000272851296043656,0,0.999454297407913,0.000272851296043656,"Stationary"
"Stationary","Hardy",2023-05-17 06:45:01.539994,0.000891639056714091,0.00136425648021828,0.99698618419628,0.000757920266787934,"Stationary"
"Stationary","Hardy",2023-05-17 06:45:03.517,0.00166309361398038,0,0.99586662768791,0.00247027869810953,"Stationary"
"Stationary","Hardy",2023-05-17 06:45:05.49996,0.000170532060027285,0,0.999071547673185,0.000757920266787934,"Stationary"
"Stationary","Hardy",2023-05-17 06:45:07.476966,0.00022737608003638,0.00286493860845839,0.993379566469607,0.00352811884189783,"Stationary"
"Stationary","Hardy",2023-05-17 06:45:09.446971,0.00508131401719396,0.0281567379111717,0.960669893241517,0.00609205483011759,"Stationary"
"Stationary","Hardy",2023-05-17 06:45:11.420004,0.00022737608003638,0,0.99850581433119,0.00126680958877412,"Stationary"
"Stationary","Hardy",2023-05-17 06:45:13.400038,0,0,0.999386084583902,0.000613915416098226,"Stationary"
"Stationary","Hardy",2023-05-17 06:45:15.379981,0,0.00121267242686069,0.997877823252994,0.000909504320145521,"Stationary"
"Stationary","Hardy",2023-05-17 06:45:17.360004,0,0.00045475216007276,0.997885402455662,0.00165984538426558,"Stationary"
"Stationary","Hardy",2023-05-17 06:45:19.33701,0.00280159812901968,0.00093115918491089,0.994105545810866,0.00216169687520301,"Stationary"
"Stationary","Hardy",2023-05-17 06:45:21.319981,0.00181900864029104,0.000288009701379415,0.993360618462938,0.00453236319539185,"Stationary"
"Stationary","Hardy",2023-05-17 06:45:23.296987,0.000682128240109141,0,0.996130817038048,0.00318705472184326,"Stationary"
"Stationary","Hardy",2023-05-17 06:45:25.266992,0.00136425648021828,0,0.998635743519782,0,"Stationary"
"Stationary","Hardy",2023-05-17 06:45:27.240015,0,0.000682128240109141,0.997003508088092,0.00231436367179887,"Stationary"
"Stationary","Hardy",2023-05-17 06:45:29.219958,0.00153478854024557,0,0.996706836440806,0.00175837501894801,"Stationary"
"Stationary","Hardy",2023-05-17 06:45:31.199992,0.000170532060027285,0,0.996945039953225,0.00288442798674722,"Stationary"
"Stationary","Hardy",2023-05-17 06:45:33.180015,0.000591177808094588,0.000812057428701358,0.993540895212109,0.00505586955109465,"Stationary"
"Stationary","Hardy",2023-05-17 06:45:35.157021,0,0,0.999805106217112,0.000194893782888326,"Stationary"
"Stationary","Hardy",2023-05-17 06:45:37.139992,0.000606336213430347,0,0.998170163927326,0.00122349985924338,"Stationary"
"Stationary","Hardy",2023-05-17 06:45:39.116998,0,0.000584681348664978,0.995346910933541,0.0040684077177938,"Stationary"
"Stationary","Hardy",2023-05-17 06:45:41.087003,0.00306957708049113,0.0022753849152212,0.986438099569068,0.00821693843521947,"Stationary"
"Stationary","Hardy",2023-05-17 06:45:43.060036,0.00127330604820373,0,0.995346369561922,0.00338032438987419,"Stationary"
"Stationary","Hardy",2023-05-17 06:45:45.046969,0.00226726434093419,0.00136425648021828,0.994170510405162,0.00219796877368501,"Stationary"
"Stationary","Hardy",2023-05-17 06:45:47.020002,0.00127330604820373,0.000967972455012018,0.989752376621408,0.00800634487537625,"Stationary"
"Stationary","Hardy",2023-05-17 06:45:49.000036,0.00153478854024557,0.000757920266787934,0.99731750362719,0.000389787565776652,"Stationary"
"Stationary","Hardy",2023-05-17 06:45:50.977032,0.00259695965698694,0.00323523679594621,0.985463630654626,0.00870417289244029,"Stationary"
"Stationary","Hardy",2023-05-17 06:45:52.960002,0.000272851296043656,0,0.997505359579029,0.00222178912492691,"Stationary"
"Stationary","Hardy",2023-05-17 06:45:54.937008,0.00108003638017281,0.000194893782888326,0.989509842136036,0.00921522770090301,"Stationary"
"Stationary","Hardy",2023-05-17 06:45:56.907014,0.00416856146733364,0,0.989931029255722,0.00590040927694406,"Stationary"
"Stationary","Hardy",2023-05-17 06:45:58.879956,0.00180763983628922,0.00304683947248749,0.982632798458174,0.0125127222330497,"Stationary"
"Stationary","Hardy",2023-05-17 06:46:00.86699,0.000272851296043656,0.00204638472032742,0.993258299226921,0.00442246475670759,"Stationary"
"Stationary","Hardy",2023-05-17 06:46:02.840013,0.000136425648021828,0.00121267242686069,0.995035622252539,0.00361527967257844,"Stationary"
"Stationary","Hardy",2023-05-17 06:46:04.819956,0.000773078672123693,0.0041837198726694,0.98720630589662,0.00783689555858724,"Stationary"
"Stationary","Hardy",2023-05-17 06:46:06.796962,0,0,0.99910565408519,0.000894345914809762,"Stationary"
"Stationary","Hardy",2023-05-17 06:46:08.780013,0.000818553888130969,0,0.999010914051842,0.000170532060027285,"Stationary"
"Stationary","Hardy",2023-05-17 06:46:10.757019,0.00109140518417462,0.00259208731241473,0.991730007146105,0.00458650035730527,"Stationary"
"Stationary","Hardy",2023-05-17 06:46:12.727025,0.00022737608003638,0,0.997447974187401,0.00232464973256242,"Stationary"
"Stationary","Hardy",2023-05-17 06:46:14.699967,0,0.00409276944065484,0.995395634379263,0.000511596180081855,"Stationary"
"Stationary","Hardy",2023-05-17 06:46:16.687001,0,0.000136425648021828,0.994655038004288,0.00520853634769051,"Stationary"
"Stationary","Hardy",2023-05-17 06:46:18.660024,0.000467745078931982,0,0.989221291063037,0.0103109638580307,"Stationary"
"Stationary","Hardy",2023-05-17 06:46:20.639967,0.000322116113384872,0,0.994675610125815,0.00500227376080036,"Stationary"
"Stationary","Hardy",2023-05-17 06:46:22.62,0.00022737608003638,0,0.992216158860088,0.0075564650598757,"Stationary"
"Stationary","Hardy",2023-05-17 06:46:24.600024,0.00904631975573312,0.0696420450854284,0.877070205071569,0.0442414300872691,"Stationary"
"Stationary","Hardy",2023-05-17 06:46:39.76349,0.00180763983628922,0.00022737608003638,0.997107451438966,0.000857532644708634,"Stationary"
"Stationary","Hardy",2023-05-17 06:46:41.739973,0,0,1,0,"Stationary"
"Stationary","Hardy",2023-05-17 06:46:43.720007,0.00289904502046385,0.000985296346824314,0.993874380129496,0.00224127850321575,"Stationary"
"Stationary","Hardy",2023-05-17 06:46:45.693462,0.000477489768076398,0.00257692890707898,0.989851988999329,0.00709359232551593,"Stationary"
"Stationary","Hardy",2023-05-17 06:46:47.679973,0.000649645942961086,0.00145087593927976,0.995240260724572,0.00265921739318738,"Stationary"
"Stationary","Hardy",2023-05-17 06:46:49.653519,0.00367212369258754,0.00148552372290435,0.993737954481474,0.00110439810303385,"Stationary"
"Stationary","Hardy",2023-05-17 06:46:51.623535,0,0,1,0,"Stationary"
"Stationary","Hardy",2023-05-17 06:46:53.600018,0.000389787565776652,0.00682128240109141,0.987450464496849,0.00533846553628273,"Stationary"
"Stationary","Hardy",2023-05-17 06:46:55.583501,0.00279293618311354,0.00536607548885857,0.983846553628273,0.0079944346997553,"Stationary"
"Stationary","Hardy",2023-05-17 06:46:57.559984,0.000818553888130969,0,0.998112778535698,0.00106866757617099,"Stationary"
"Stationary","Hardy",2023-05-17 06:46:59.540017,0,0.000682128240109141,0.999317871759891,0,"Stationary"
"Stationary","Hardy",2023-05-17 06:47:01.51996,0.00401156369778471,0.00445819528357045,0.985474458087009,0.00605578293163559,"Stationary"
"Stationary","Hardy",2023-05-17 06:47:03.499984,0.00133989475735724,0.000606336213430347,0.997858875246324,0.000194893782888326,"Stationary"
"Stationary","Hardy",2023-05-17 06:47:05.47354,0.000818553888130969,0,0.999181446111869,0,"Stationary"
"Stationary","Hardy",2023-05-17 06:47:07.443545,0.00287468329760281,0.0677418307022673,0.909019251174776,0.0203642348253535,"Stationary"
"Stationary","Hardy",2023-05-17 06:47:09.420028,0.000170532060027285,0.00136425648021828,0.994874834881656,0.00359037657809827,"Stationary"
"Stationary","Hardy",2023-05-17 06:47:11.403512,0,0,0.998389419433076,0.00161058056692436,"Stationary"
"Stationary","Hardy",2023-05-17 06:47:13.380005,0,0.000584681348664978,0.997653154031053,0.00176216462028195,"Stationary"
"Stationary","Hardy",2023-05-17 06:47:15.360028,0.00163710777626194,0,0.996335996881699,0.00202689534203859,"Stationary"
"Stationary","Hardy",2023-05-17 06:47:17.339971,0.000136425648021828,0,0.999454297407913,0.000409276944065484,"Stationary"
"Stationary","Hardy",2023-05-17 06:47:19.320005,0.00109627752874683,0,0.998319041122588,0.000584681348664978,"Stationary"
"Stationary","Hardy",2023-05-17 06:47:21.29346,0.0033077805929102,0.026822798241625,0.958918014681998,0.0109514064834665,"Stationary"
"Stationary","Hardy",2023-05-17 06:47:23.263466,0.00366508586153879,0.0115723597306135,0.979093852183893,0.00566870222395461,"Stationary"
"Stationary","Hardy",2023-05-17 06:47:25.240039,0,0,0.998696377141125,0.00130362285887525,"Stationary"
"Stationary","Hardy",2023-05-17 06:47:27.223522,0,0,0.998863119599818,0.0011368804001819,"Stationary"
"Stationary","Hardy",2023-05-17 06:47:29.200016,0.0121878992615691,0.0089131423374261,0.937056887329739,0.0418420710712662,"Stationary"
"Stationary","Hardy",2023-05-17 06:47:31.180039,0,0,0.993694103380324,0.00630589661967561,"Stationary"
"Stationary","Hardy",2023-05-17 06:47:33.159982,0.00231923601637108,0,0.997066848567531,0.000613915416098226,"Stationary"
"Stationary","Hardy",2023-05-17 06:47:35.140016,0,0.00136425648021828,0.997726239199636,0.000909504320145521,"Stationary"
"Stationary","Hardy",2023-05-17 06:47:37.113471,0.00150068212824011,0,0.994063318824574,0.00443599904718595,"Stationary"
"Stationary","Hardy",2023-05-17 06:47:39.083486,0.00122783083219645,0.000136425648021828,0.998465211459754,0.000170532060027285,"Stationary"
"Stationary","Hardy",2023-05-17 06:47:41.073528,0,0,0.998952445916975,0.00104755408302475,"Stationary"
"Stationary","Hardy",2023-05-17 06:47:43.043543,0,0,1,0,"Stationary"
"Stationary","Hardy",2023-05-17 06:47:45.020026,0.00206912232833106,0.00034106412005457,0.993110504774898,0.00447930877671669,"Stationary"
"Stationary","Hardy",2023-05-17 06:47:46.999969,0.00498440849736893,0.000136425648021828,0.988371337620996,0.00650782823361268,"Stationary"
"Stationary","Hardy",2023-05-17 06:47:48.979993,0.00193594491002404,0.0253372745187206,0.968135949240997,0.00459083133025834,"Stationary"
"Stationary","Hardy",2023-05-17 06:47:50.960026,0.00167121418826739,0,0.996619675610126,0.00170911020160679,"Stationary"
"Stationary","Hardy",2023-05-17 06:47:52.933492,0.0050867277333853,0.00415610992009355,0.987723857164512,0.00303330518200914,"Stationary"
"Stationary","Hardy",2023-05-17 06:47:54.903497,0,0,0.997805820827649,0.00219417917235107,"Stationary"
"TreeMovement","Hardy",2023-05-17 06:47:56.893458,0.0843770978150242,0.00252225037354642,0.0889327399900388,0.824167911821391,"TreeMovement"
"TreeMovement","Hardy",2023-05-19 02:14:47.731197,0.0122506983693887,0,0.00569685354814959,0.982052448082462,"TreeMovement"
"TreeMovement","Hardy",2023-05-19 02:14:49.632001,0.0575689166071158,0.00167121418826739,0.039445960284978,0.901313908919639,"TreeMovement"
"TreeMovement","Hardy",2023-05-19 02:14:51.619196,0.0362491608739903,0.000136425648021828,0.0228150241451742,0.940799389332813,"TreeMovement"
"TreeMovement","Hardy",2023-05-19 02:14:53.606402,0.0920412958271075,0.00961421858420494,0.0192094891617402,0.879134996426947,"TreeMovement"
"TreeMovement","Hardy",2023-05-19 02:15:04.665595,0.0169590073409992,0.00034106412005457,0.0124759089629485,0.970224019575998,"TreeMovement"
"TreeMovement","Hardy",2023-05-19 02:15:06.6528,0.0362908464886637,0.0141541609822647,0.0366957924597761,0.912859200069296,"TreeMovement"
"TreeMovement","Hardy",2023-05-19 02:15:08.639995,0.00446956408757227,0.00052621321379848,0.00469206782303644,0.990312154875593,"TreeMovement"
"TreeMovement","Hardy",2023-05-19 02:15:10.6272,0.00789373957859633,0.00166742458693345,0.011683340912536,0.978755494921934,"TreeMovement"
"TreeMovement","Hardy",2023-05-19 02:15:12.614395,0.00228891920569956,0.000272851296043656,0.00263756252842201,0.994800666969835,"TreeMovement"
"TreeMovement","Hardy",2023-05-19 02:15:14.601601,0.0111446761514974,0.00452803222243877,0.00381017345546677,0.980517118170597,"TreeMovement"
"TreeMovement","Hardy",2023-05-19 02:15:16.588796,0.00599298382381602,0,0.000649645942961086,0.993357370233223,"TreeMovement"
"TreeMovement","Hardy",2023-05-19 02:15:18.4896,0.0310925962017367,0.0229828493471058,0.010183200155915,0.935741354295242,"TreeMovement"
"TreeMovement","Hardy",2023-05-19 02:15:20.476795,0.00275666428463154,0,0.00161328742502003,0.995630048290348,"TreeMovement"
"Locomotion","Hardy",2023-05-19 02:15:22.464,0.0641617401849326,0.470679854479308,0.116397063600338,0.348761341735421,"Locomotion"
"Locomotion","Hardy",2023-05-19 02:15:30.239999,0.0034864332272245,0.979596786418069,0.00828082028627731,0.00863596006842937,"Locomotion"
"Locomotion","Hardy",2023-05-19 02:15:30.239999,0.00754617899911215,0.96664609454514,0.0185100370298187,0.00729768942592954,"Locomotion"
"Locomotion","Hardy",2023-05-19 02:15:30.239999,0.00674494900279348,0.791940600705949,0.0375738972260118,0.163740553065246,"Locomotion"
"Locomotion","Hardy",2023-05-19 02:15:31.795201,0.00164847658026376,0.89705493839191,0.0267497130730419,0.0745468719547847,"Locomotion"
"Locomotion","Hardy",2023-05-19 02:15:33.695995,0.00349184694341584,0.96455748283852,0.00684077177938024,0.0251098984386843,"Locomotion"
"Locomotion","Hardy",2023-05-19 02:15:35.6832,0.00060417072695381,0.955683319257671,0.0166000779575132,0.0271124320578618,"Locomotion"
"Locomotion","Hardy",2023-05-19 02:15:37.670395,0.00108274323826848,0.969539725849412,0.00637789904502047,0.022999631867299,"Locomotion"
"Locomotion","Hardy",2023-05-19 02:15:38.880004,0.00045475216007276,0.998711535546461,0.000151584053357587,0.00068212824010914,"Locomotion"
"Locomotion","Hardy",2023-05-19 02:15:38.880004,0.00197221680850603,0.992392646007926,0.00153478854024557,0.00410034864332272,"Locomotion"
"Locomotion","Hardy",2023-05-19 02:15:38.880004,0,0.999610212434223,0,0.000389787565776652,"Locomotion"
"Locomotion","Hardy",2023-05-19 02:15:38.880004,0.00270198575109898,0.962405530652461,0.0232681521903896,0.0116243314060504,"Locomotion"
"Locomotion","Hardy",2023-05-19 02:15:38.966405,0.021188743801295,0.673341778730592,0.0878451244071981,0.217624353060915,"Locomotion"
"Locomotion","Hardy",2023-05-19 02:15:40.867199,0.00493947465298079,0.961374759089629,0.0105583706879751,0.0231273955694147,"Locomotion"
"Locomotion","Hardy",2023-05-19 02:15:42.854404,0.00686459213062215,0.907821195781633,0.0176162324866281,0.0676979796011174,"Locomotion"
"Locomotion","Hardy",2023-05-19 02:15:44.841599,0.00956278828038719,0.851470906689188,0.0339726932155309,0.104993611814894,"Locomotion"
"Locomotion","Hardy",2023-05-19 02:15:46.828804,0.00383128694861301,0.962137010329371,0.0127233157928929,0.0213083869291236,"Locomotion"
"Locomotion","Hardy",2023-05-19 02:15:47.52,0.0028080945884493,0.977243443989692,0.01231241473397,0.00763604668788843,"Locomotion"
"Locomotion","Hardy",2023-05-19 02:15:47.52,0,0.997834513523463,0,0.00216548647653695,"Locomotion"
"Locomotion","Hardy",2023-05-19 02:15:47.52,0.00194893782888326,0.992746703046839,0.000389787565776652,0.00491457155850062,"Locomotion"
"Locomotion","Hardy",2023-05-19 02:15:47.52,0.0186708244007016,0.873485783581281,0.0442804088438468,0.0635629831741701,"Locomotion"
"Locomotion","Hardy",2023-05-19 02:15:48.124804,0.00655763442257303,0.921821065852444,0.0160213516966587,0.0555999480283246,"Locomotion"
"Locomotion","Hardy",2023-05-19 02:15:50.025599,0.00500389787565777,0.937697871326793,0.00977284046861127,0.0475253903289374,"Locomotion"
"Locomotion","Hardy",2023-05-19 02:15:52.012804,0,0.996793997271487,0.00102319236016371,0.00218281036834925,"Locomotion"
"Locomotion","Hardy",2023-05-19 02:15:53.999999,0,0.983193118083978,0.00408140063665302,0.0127254812793694,"Locomotion"
"Locomotion","Hardy",2023-05-19 02:15:55.987204,0.011348773251911,0.90239502804305,0.0399656770393469,0.0462905216656922,"Locomotion"
"Locomotion","Hardy",2023-05-19 02:15:56.159995,0.000511596180081855,0.990154615734425,0.00369486130059118,0.00563892678490223,"Locomotion"
"Locomotion","Hardy",2023-05-19 02:15:56.159995,0,1,0,0,"Locomotion"
"Locomotion","Hardy",2023-05-19 02:15:56.159995,0.000954979536152797,0.998109530305983,0.000740596374975638,0.000194893782888326,"Locomotion"
"Locomotion","Hardy",2023-05-19 02:15:56.159995,0.00136425648021828,0.970284111825722,0.00702537950150501,0.0213262521925551,"Locomotion"
"Locomotion","Hardy",2023-05-19 02:15:57.283204,0.00308635960068429,0.978025725979341,0.00783960241668291,0.0110483120032915,"Locomotion"
"Locomotion","Hardy",2023-05-19 02:15:59.183998,0.00882219190541155,0.858942376404859,0.0303368414214253,0.101898590268304,"Locomotion"
"Locomotion","Hardy",2023-05-19 02:16:01.171203,0,0.993264254314732,0,0.0067357456852682,"Locomotion"
"Locomotion","Hardy",2023-05-19 02:16:03.158398,0.0011368804001819,0.992558847095,0.00276640897377596,0.00353786353104225,"Locomotion"
"Locomotion","Hardy",2023-05-19 02:16:04.800001,0.000545702592087312,0.991234652114597,0.0039449749886312,0.00427467030468395,"Locomotion"
"Locomotion","Hardy",2023-05-19 02:16:04.800001,0,1,0,0,"Locomotion"
"Locomotion","Hardy",2023-05-19 02:16:04.800001,0.00645531518655666,0.973493362783949,0.0110613049221508,0.00899001710734317,"Locomotion"
"Locomotion","Hardy",2023-05-19 02:16:04.800001,0.00136425648021828,0.99125197600641,0.00119913813638234,0.00618462937698954,"Locomotion"
"Locomotion","Hardy",2023-05-19 02:16:04.800001,0.000272851296043656,0.986213430347128,0.00283732865588254,0.0106763897009463,"Locomotion"
"Locomotion","Hardy",2023-05-19 02:16:06.441603,0,0.973973018038502,0.00515060958444315,0.0208763723770545,"Locomotion"
"Locomotion","Hardy",2023-05-19 02:16:08.428798,0,0.997817189631651,0.000818553888130969,0.00136425648021828,"Locomotion"
"Locomotion","Hardy",2023-05-19 02:16:10.416003,0.00142651421641872,0.989929946512484,0.00471372268780181,0.00392981658329544,"Locomotion"
"Locomotion","Hardy",2023-05-19 02:16:12.316797,0.000136425648021828,0.974370384806947,0.00839342558305723,0.0170997639619741,"Locomotion"
"Locomotion","Hardy",2023-05-19 02:16:13.439996,0,1,0,0,"Locomotion"
"Locomotion","Hardy",2023-05-19 02:16:13.439996,0.000606336213430347,0.994443361701206,0.00245566166439291,0.00249464042097057,"Locomotion"
"Locomotion","Hardy",2023-05-19 02:16:13.439996,0.00155915026310661,0.995240802096191,0.00186827345763226,0.00133177418307023,"Locomotion"
"Locomotion","Hardy",2023-05-19 02:16:13.439996,0.0149007124450508,0.917005023928626,0.0336771043114836,0.0344171593148401,"Locomotion"
"Locomotion","Hardy",2023-05-19 02:16:13.612797,0.00034106412005457,0.992128456657788,0.000993958292730462,0.0065365209294268,"Locomotion"
"Locomotion","Hardy",2023-05-19 02:16:15.600002,0,0.993517616232487,0.000606336213430347,0.00587604755408302,"Locomotion"
"Locomotion","Hardy",2023-05-19 02:16:17.587197,0.00150068212824011,0.986689837371966,0.0014135212975595,0.0103959592022348,"Locomotion"
"Locomotion","Hardy",2023-05-19 02:16:22.080001,0,0.997752766408974,0.000594967409428528,0.0016522661815977,"Locomotion"
"Locomotion","Hardy",2023-05-19 02:16:22.080001,0,0.99939366378657,0,0.000606336213430347,"Locomotion"
"Locomotion","Hardy",2023-05-19 02:16:22.080001,0,1,0,0,"Locomotion"
"Locomotion","Hardy",2023-05-19 02:16:23.376001,0.000954979536152797,0.95776597587648,0.0116064661426189,0.0296725784447476,"Locomotion"
"Locomotion","Hardy",2023-05-19 02:16:25.363196,0.000909504320145521,0.99197741397605,0.00129604365620737,0.00581703804759739,"Locomotion"
"Locomotion","Hardy",2023-05-19 02:16:27.264001,0,0.998914549903636,0.000744385976309578,0.00034106412005457,"Locomotion"
"Locomotion","Hardy",2023-05-19 02:16:29.251196,0.00150068212824011,0.973718573377509,0.00466120964074579,0.0201195348535048,"Locomotion"
"Locomotion","Hardy",2023-05-19 02:16:30.719997,0.000545702592087312,0.996983477338184,0.00140973169622556,0.00106108837350311,"Locomotion"
"Locomotion","Hardy",2023-05-19 02:16:30.719997,0.000909504320145521,0.995588904047294,0.000750341064120055,0.0027512505684402,"Locomotion"
"Locomotion","Hardy",2023-05-19 02:16:30.719997,0,0.999829467939973,0,0.000170532060027285,"Locomotion"
"Locomotion","Hardy",2023-05-19 02:16:30.719997,0.00508402087528963,0.973421901730224,0.0145488208926135,0.00694525650187315,"Locomotion"
"Locomotion","Hardy",2023-05-19 02:16:30.719997,0,0.99485372138851,0.00148931332423829,0.00365696528725178,"Locomotion"
"Locomotion","Hardy",2023-05-19 02:16:32.5344,0.000473700166742459,0.996850841291496,0.00201227830832196,0.000663180233439442,"Locomotion"
"Locomotion","Hardy",2023-05-19 02:16:34.521595,0.00335650403863228,0.974770999805106,0.00731501331774183,0.0145574828385197,"Locomotion"
"Locomotion","Hardy",2023-05-19 02:16:36.4224,0.000757920266787934,0.991657463349141,0.00123432729162606,0.00635028909244462,"Locomotion"
"Locomotion","Hardy",2023-05-19 02:16:38.409605,0.000818553888130969,0.978338638775201,0.00632863422767925,0.0145141731089889,"Locomotion"
"Locomotion","Hardy",2023-05-19 02:16:39.360002,0,0.998666060330453,0.000272851296043656,0.00106108837350311,"Locomotion"
"Locomotion","Hardy",2023-05-19 02:16:39.360002,0.0080372030576669,0.971385261699041,0.0118381731956084,0.00873936204768401,"Locomotion"
"Locomotion","Hardy",2023-05-19 02:16:39.360002,0.00155915026310661,0.937105610775461,0.0181765521124321,0.0431586868490006,"Locomotion"
"Locomotion","Hardy",2023-05-19 02:16:40.656002,0.00244212737391455,0.963395699343858,0.00923579982243011,0.0249263734597977,"Locomotion"
"Locomotion","Hardy",2023-05-19 02:16:45.494399,0,0.998226466575716,0.000272851296043656,0.00150068212824011,"Locomotion"
"Locomotion","Hardy",2023-05-19 02:16:47.481604,0,0.99721085341822,0.00122783083219645,0.00156131574958314,"Locomotion"
"Locomotion","Hardy",2023-05-19 02:16:47.999998,0.000909504320145521,0.98101572143182,0.00690086402910414,0.0111739102189307,"Locomotion"
"Locomotion","Hardy",2023-05-19 02:16:47.999998,0.00162952857359406,0.998199939366379,0,0.000170532060027285,"Locomotion"
"Locomotion","Hardy",2023-05-19 02:16:47.999998,0,1,0,0,"Locomotion"
"Locomotion","Hardy",2023-05-19 02:16:47.999998,0,0.991725134801533,0.00136425648021828,0.00691060871824855,"Locomotion"
"Locomotion","Hardy",2023-05-19 02:16:48.691203,0.00034106412005457,0.997000801229996,0,0.00265813464994911,"Locomotion"
"Locomotion","Hardy",2023-05-19 02:16:50.678398,0.00034106412005457,0.990347344030836,0.00203880551765954,0.00727278633144936,"Locomotion"
"Locomotion","Hardy",2023-05-19 02:16:52.665603,0.00494164013945733,0.978581173260573,0.00207832564585634,0.0143988609541133,"Locomotion"
"Locomotion","Hardy",2023-05-19 02:16:54.652798,0.00519933303016523,0.964108144394639,0.00679475519175383,0.0238977673834427,"Locomotion"
"Locomotion","Hardy",2023-05-19 02:16:56.640003,0,0.971034994261461,0.00522369475302627,0.0237413109855129,"Locomotion"
"Locomotion","Hardy",2023-05-19 02:16:56.640003,0.000909504320145521,0.978882717252431,0.00724192814915871,0.012965850278265,"Locomotion"
"Locomotion","Hardy",2023-05-19 02:16:56.640003,0.000606336213430347,0.995558587236623,0.00151584053357587,0.00231923601637108,"Locomotion"
"Locomotion","Hardy",2023-05-19 02:16:56.640003,0.00365696528725178,0.973864743714676,0.0128202213127179,0.00965806968535482,"Locomotion"
"Locomotion","Hardy",2023-05-19 02:16:56.640003,0.000663180233439442,0.973167457069231,0.00370568873297386,0.0224636739643561,"Locomotion"
"Locomotion","Hardy",2023-05-19 02:16:57.849602,0.00272851296043656,0.989514714480608,0.00138591134498365,0.00637086121397172,"Locomotion"
"Locomotion","Hardy",2023-05-19 02:16:59.836797,0,0.996470257043245,0.00045475216007276,0.00307499079668247,"Locomotion"
"Locomotion","Hardy",2023-05-19 02:17:01.824002,0,0.996740942852812,0.000985296346824314,0.0022737608003638,"Locomotion"
"Locomotion","Hardy",2023-05-19 02:17:03.811197,0.00136425648021828,0.992041837198727,0.0011368804001819,0.00545702592087312,"Locomotion"
"Locomotion","Hardy",2023-05-19 02:17:05.279998,0.000844539725849412,0.993043916065744,0.00529948677970506,0.000812057428701358,"Locomotion"
"Locomotion","Hardy",2023-05-19 02:17:05.279998,0,1,0,0,"Locomotion"
"Locomotion","Hardy",2023-05-19 02:17:05.279998,0.00136425648021828,0.989901795188289,0.00573529093310812,0.00299865739838455,"Locomotion"
"Locomotion","Hardy",2023-05-19 02:17:05.279998,0,0.998313627406397,0.000322116113384872,0.00136425648021828,"Locomotion"
"Locomotion","Hardy",2023-05-19 02:17:05.279998,0,0.995285735940579,0.000443383356070941,0.00427088070335001,"Locomotion"
"Locomotion","Hardy",2023-05-19 02:17:07.008002,0.000740596374975638,0.99307802247775,0.000365425842915611,0.00581595530435912,"Locomotion"
"Locomotion","Hardy",2023-05-19 02:17:08.995197,0.00045475216007276,0.994949002793478,0.00102319236016371,0.00357305268628597,"Locomotion"
"Locomotion","Hardy",2023-05-19 02:17:10.982402,0.00338790359254206,0.956554386192858,0.00646668399055848,0.0335910262240412,"Locomotion"
"Locomotion","Hardy",2023-05-19 02:17:13.315199,0.00234522185408952,0.981715173563741,0.00391790640767448,0.0120216981744949,"Locomotion"
"Locomotion","Hardy",2023-05-19 02:17:13.920004,0,0.996771259663483,0.00272851296043656,0.000500227376080036,"Locomotion"
"Locomotion","Hardy",2023-05-19 02:17:13.920004,0,1,0,0,"Locomotion"
"TreeMovement","Hardy",2023-05-19 02:17:13.920004,0.0249675177028519,0.100559236882566,0.0554061369886745,0.819067108425908,"TreeMovement"
"TreeMovement","Hardy",2023-05-19 02:25:01.344002,0.00526754585417614,0.00546243963706447,0.0197107992810585,0.969559215227701,"TreeMovement"
"TreeMovement","Hardy",2023-05-19 02:49:13.900799,0.00224127850321575,0.00637086121397172,0.00413337231208991,0.987254487970723,"TreeMovement"
"TreeMovement","Hardy",2023-05-19 02:49:15.888004,0.046878451244072,0.0165887091535113,0.0163337231208991,0.920199116481518,"TreeMovement"
"TreeMovement","Hardy",2023-05-19 02:49:17.875199,0.00733287858117326,0.00815197384092337,0.0215574178739254,0.962957729703978,"TreeMovement"
"TreeMovement","Hardy",2023-05-19 02:49:28.329598,0.0277371749063427,0.0123541003486433,0.00591069533770762,0.953998029407306,"TreeMovement"
"TreeMovement","Hardy",2023-05-19 02:49:30.230402,0.0134660776543451,0.00321358193118084,0.00451179107386474,0.978808549340609,"TreeMovement"
"TreeMovement","Hardy",2023-05-19 02:49:32.217597,0.034392797591979,0.00376686372593603,0.00674440763117434,0.95509593105091,"TreeMovement"
"TreeMovement","Hardy",2023-05-19 02:49:34.204803,0.0136696333831395,0,0.00923796530890665,0.977092401307953,"TreeMovement"
"TreeMovement","Hardy",2023-05-19 05:42:21.599998,0.0630308148725612,0.000625284220100045,0.0309328915740921,0.905411009333247,"TreeMovement"
"TreeMovement","Hardy",2023-05-19 05:42:23.587203,0.0515602330063449,0.000716234652114598,0.0499317871759891,0.897791745165551,"TreeMovement"
"TreeMovement","Hardy",2023-05-19 05:42:25.487997,0.00676931072565452,0.00132202949392581,0.0188765456159726,0.973032114164447,"TreeMovement"
"TreeMovement","Hardy",2023-05-19 05:42:27.475202,0.0258499534420407,0.0034485372138851,0.0099298382381602,0.960771671105914,"TreeMovement"
"TreeMovement","Hardy",2023-05-19 05:42:29.462397,0.00305062907382143,0.000833712293466727,0.00140756620974902,0.994708092422963,"TreeMovement"
"TreeMovement","Hardy",2023-05-19 05:42:31.449602,0.0230483553130211,0.00225860239502804,0.0106904653630438,0.964002576928907,"TreeMovement"
"TreeMovement","Hardy",2023-05-19 05:42:33.436797,0.0274551202927738,0,0.0310195110331536,0.941525368674072,"TreeMovement"
"TreeMovement","Hardy",2023-05-19 05:42:35.424002,0.0130129496091297,0.000511596180081855,0.0144172675891639,0.972058186621624,"TreeMovement"
"TreeMovement","Hardy",2023-05-19 05:42:37.411197,0.0271995928885424,0.0206370861213972,0.0399050434180038,0.912258277572057,"TreeMovement"
"TreeMovement","Hardy",2023-05-19 05:42:39.398402,0.00352432924056389,0.00136425648021828,0.00158351198596765,0.99352790229325,"TreeMovement"
"TreeMovement","Hardy",2023-05-19 05:42:43.286402,0.0192143615063124,0.0112507849888477,0.0232973862578228,0.946237467247017,"TreeMovement"
"TreeMovement","Hardy",2023-05-19 05:42:45.187196,0.144646376058382,0.00703566556226856,0.0554250849953442,0.792892873384006,"TreeMovement"
"TreeMovement","Hardy",2023-05-19 05:42:47.174401,0.00395309556291821,0.00884655362827259,0.0293380107841226,0.957862340024687,"TreeMovement"
"TreeMovement","Hardy",2023-05-19 05:43:18.364797,0.00853418220403214,0.00945126572684554,0.00687433681976656,0.975140215249356,"TreeMovement"
"TreeMovement","Hardy",2023-05-19 05:43:20.956797,0.00865436670347994,0.0145726412438554,0.0132219190541155,0.963551072998549,"TreeMovement"
"TreeMovement","Hardy",2023-05-19 05:43:22.944002,0.0304407847722991,0.00338032438987419,0.0139998700708114,0.952179020767015,"TreeMovement"
"TreeMovement","Hardy",2023-05-19 05:43:24.931197,0.00714718811581022,0.00272851296043656,0.0022737608003638,0.987850538123389,"TreeMovement"
"TreeMovement","Hardy",2023-05-19 05:43:26.918402,0.00544186751553736,0.000579809004092769,0.00295372355399641,0.991024599926373,"TreeMovement"
"TreeMovement","Hardy",2023-05-19 05:43:28.819196,0.0170867710431148,0.00052621321379848,0.0162573897226012,0.966129626020485,"TreeMovement"
"TreeMovement","Hardy",2023-05-19 05:43:30.806401,0.0561272439853613,0.00351675003789601,0.0346781004352628,0.90567790554148,"TreeMovement"
"TreeMovement","Hardy",2023-05-19 21:03:04.636798,0.0806508369605232,0.00126680958877412,0.0975708655449447,0.820511487905758,"TreeMovement"
"TreeMovement","Hardy",2023-05-19 21:03:06.624003,0.113486649775872,0.00510784122653154,0.0592038588969012,0.822201650100695,"TreeMovement"
"TreeMovement","Hardy",2023-05-19 21:03:08.611198,0.116640139457329,0.000136425648021828,0.0560584897897313,0.827164945104917,"TreeMovement"
"TreeMovement","Hardy",2023-05-19 21:03:10.598403,0.066535113363217,0.00440135126356136,0.0447476125511596,0.884315922822062,"TreeMovement"
"TreeMovement","Hardy",2023-05-19 21:03:12.585598,0.077649472704043,0.00292340674332489,0.037735767340133,0.881691353212499,"TreeMovement"
"TreeMovement","Hardy",2023-05-19 21:03:14.572803,0.0655812165703025,0.00449554992529072,0.0129328266094978,0.916990406894909,"TreeMovement"
"TreeMovement","Hardy",2023-05-19 21:03:16.559998,0.0318976157993893,0.000740596374975638,0.0328385196734446,0.93452326815219,"TreeMovement"
"TreeMovement","Hardy",2023-05-19 21:03:21.398405,0.0341838281469932,0.00824563113103359,0.0112491608739903,0.946321379847983,"TreeMovement"
"TreeMovement","Hardy",2023-05-19 21:03:23.3856,0.0995365858940211,0.00354706684856753,0.0437601507178588,0.853156196539553,"TreeMovement"
"TreeMovement","Hardy",2023-05-19 21:03:25.372805,0.0895369107169926,0.0232746486498192,0.0484668355746118,0.838721605058576,"TreeMovement"
"TreeMovement","Hardy",2023-05-19 21:03:27.273599,0.101434634790706,0.0105654085190238,0.102999198770004,0.785000757920267,"TreeMovement"
"TreeMovement","Hardy",2023-05-19 21:03:29.260804,0.142660083587778,0.00398666060330453,0.0998213473656857,0.753531908443232,"TreeMovement"
"TreeMovement","Hardy",2023-05-19 21:03:31.247999,0.143253968253968,0.00079581628012733,0.137102903917365,0.718847311548539,"TreeMovement"
"TreeMovement","Hardy",2023-05-19 21:03:47.404802,0.0625619870503909,0.00145520691223283,0.032755148444098,0.903227657593278,"TreeMovement"
"TreeMovement","Hardy",2023-05-19 21:03:49.391997,0.0719721085341822,0.0196339245111414,0.0561846293769895,0.852209337577687,"TreeMovement"
"TreeMovement","Hardy",2023-05-19 21:03:51.379202,0.00726737261525802,0.00108003638017281,0.00297754390523831,0.988675047099331,"TreeMovement"
"TreeMovement","Hardy",2023-05-19 21:03:53.279996,0.040127547153468,0.00453019770891531,0.0166228155655168,0.9387194395721,"TreeMovement"
"TreeMovement","Hardy",2023-05-19 21:03:55.267201,0.0494104463067628,0.002314905043418,0.0316875636111652,0.916587085038654,"TreeMovement"
"TreeMovement","Hardy",2023-05-19 21:03:57.254396,0.0437850538123389,0.00770371814028021,0.0774183070226727,0.871092921024708,"TreeMovement"
"TreeMovement","Hardy",2023-05-19 21:03:59.241601,0.0248343402845449,0.00034106412005457,0.0191840446956409,0.95564055089976,"TreeMovement"
"TreeMovement","Hardy",2023-05-19 21:04:01.228796,0.0502890924446177,0.0370216981744949,0.0373871240174105,0.875302085363477,"TreeMovement"
"TreeMovement","Hardy",2023-05-19 21:04:03.216001,0.0258537430433747,0.0148925918707638,0.0252836787284263,0.933969986357435,"TreeMovement"
"TreeMovement","Hardy",2023-05-19 21:04:05.203196,0.0187639403191927,0.00867060785205396,0.0148633578033305,0.957702094025423,"TreeMovement"
"TreeMovement","Hardy",2023-05-19 21:04:07.190401,0.0148552372290435,0.00344474761255116,0.0206408757227311,0.961059139435674,"TreeMovement"
"TreeMovement","Hardy",2023-05-19 21:04:09.177596,0.120604603824249,0.00163710777626194,0.0333149266982828,0.844443361701206,"TreeMovement"
"TreeMovement","Hardy",2023-05-19 21:04:11.078401,0.0447676433010676,0.00137887351393491,0.0166184845925637,0.937234998592434,"TreeMovement"
"TreeMovement","Hardy",2023-05-19 21:04:13.065596,0.0269424413694536,0.0274610753805842,0.0704903744126118,0.875106108837351,"TreeMovement"
"Stationary","Chadwick",2023-05-15 16:08:53.721604,0.00771562831590117,0.00808971610472293,0.862460209185994,0.121734446393382,"Stationary"
"Stationary","Chadwick",2023-05-15 16:08:55.708799,0.010150717858767,0.0119789298165833,0.933062647523766,0.0448077048008835,"Stationary"
"Stationary","Chadwick",2023-05-15 16:08:57.782405,0.0198775417397518,0.0138179692067823,0.924094826652808,0.0422096624006583,"Stationary"
"Stationary","Chadwick",2023-05-15 16:08:59.7696,0.0396359817232941,0.0462824010914052,0.642741830702267,0.271339786483033,"Stationary"
"Stationary","Chadwick",2023-05-15 16:09:03.484798,0.0526002078867017,0.0922654236774292,0.576134173542086,0.279000194893783,"Stationary"
"Stationary","Chadwick",2023-05-15 16:09:05.558403,0.00265705190671084,0.0083706879750536,0.923806816951428,0.0651654431668074,"Stationary"
"Stationary","Chadwick",2023-05-15 16:09:07.545599,0.0159596353320773,0.00775623118733623,0.805963749756383,0.170320383724204,"Stationary"
"Stationary","Chadwick",2023-05-15 16:09:09.532804,0.0110391086857663,0.0660229758115161,0.433319799042855,0.489618116459863,"TreeMovement"
"Stationary","Chadwick",2023-05-15 16:09:11.519999,0.0405969163472574,0.0779726715606661,0.424447800948483,0.456982611143593,"TreeMovement"
"Stationary","Chadwick",2023-05-15 16:09:13.507204,0.0121938543493796,0.00184066350505641,0.944967950800147,0.0409975313454167,"Stationary"
"Stationary","Chadwick",2023-05-15 16:09:15.494399,0.0247802031226315,0.00504287663223543,0.780549600467745,0.189627319777388,"Stationary"
"TreeMovement","Chadwick",2023-05-15 16:09:17.481604,0.00836635700210052,0.022959570367483,0.0608609974230711,0.907813075207346,"TreeMovement"
"TreeMovement","Chadwick",2023-05-15 16:09:25.948798,0.00646181164598627,0.0050266354836614,0.0163727018774768,0.972138850992876,"TreeMovement"
"Stationary","Chadwick",2023-05-15 16:09:28.022403,0.159372225470452,0.00503638017280582,0.639170943502458,0.196420450854284,"Stationary"
"TreeMovement","Chadwick",2023-05-15 16:09:30.614403,0.0131509993720089,0.00159163256025466,0.0101447627709565,0.97511260529678,"TreeMovement"
"TreeMovement","Chadwick",2023-05-15 16:09:32.7744,0.0141492886376925,0.00676876935403538,0.0165085861538795,0.962573355854393,"TreeMovement"
"TreeMovement","Chadwick",2023-05-15 16:09:34.761605,0.0125208428073367,0.0119188375668594,0.0203853483184997,0.955174971307304,"TreeMovement"
"TreeMovement","Chadwick",2023-05-15 16:09:36.7488,0.0152634314298707,0.00716342926438424,0.0413001580805128,0.936272981225232,"TreeMovement"
"Stationary","Chadwick",2023-05-15 16:09:38.822395,0.0302431841313151,0.0134834015461573,0.868303774442929,0.087969639879599,"Stationary"
"Stationary","Chadwick",2023-05-15 16:09:40.8096,0.0236021784793954,0.00768531150522965,0.916706728166483,0.0520057818488924,"Stationary"
"TreeMovement","Chadwick",2023-05-15 16:09:42.796795,0.0173103575218173,0.00779412720067563,0.0653922778752247,0.909503237402282,"TreeMovement"
"TreeMovement","Chadwick",2023-05-15 16:09:44.956802,0.0694276619242513,0.038594924099699,0.0617499296216895,0.83022748435436,"TreeMovement"
"TreeMovement","Chadwick",2023-05-15 16:09:46.943997,0.0202916910283895,0.0559940665670543,0.0944325342688235,0.829281708135733,"TreeMovement"
"TreeMovement","Chadwick",2023-05-15 16:09:49.017602,0.00535254119838022,0.0105957253296953,0.00881461270274367,0.975237120769181,"TreeMovement"
"TreeMovement","Chadwick",2023-05-15 16:09:51.004797,0.00944152103770112,0.0151963013490981,0.0144318846228805,0.96093029299032,"TreeMovement"
"TreeMovement","Chadwick",2023-05-15 16:09:52.992002,0.0197324541458239,0.203869724333572,0.0443794798501483,0.732018341670457,"TreeMovement"
"Stationary","Chadwick",2023-05-15 16:09:54.979198,0.0177423720738864,0.255001732389181,0.344564628943892,0.38269126659304,"TreeMovement"
"Stationary","Chadwick",2023-05-15 16:09:57.052803,0.0407344247385175,0.182390805344421,0.556812620455185,0.220062149461877,"Stationary"
"Stationary","Chadwick",2023-05-15 16:09:59.039998,0.00751098984386842,0.0262711405617272,0.933545009636415,0.0326728599579896,"Stationary"
"Stationary","Chadwick",2023-05-15 16:10:01.027203,0.0135462006539769,0.0071358193118084,0.914848740769614,0.0644692392646008,"Stationary"
"Stationary","Chadwick",2023-05-15 16:10:03.014398,0.0154837696788584,0.0119794711882024,0.922334827519002,0.0502019316139371,"Stationary"
"Stationary","Chadwick",2023-05-15 16:10:05.001603,0.091131791506962,0.151909417700686,0.650523506355702,0.106435284436649,"Stationary"
"Stationary","Chadwick",2023-05-15 16:10:06.988798,0.0463895926719938,0.0500736265402023,0.763672881612854,0.13986389917495,"Stationary"
"Stationary","Chadwick",2023-05-15 16:10:09.062404,0.0140734966110137,0.00155915026310661,0.956480759652656,0.0278865934732238,"Stationary"
"Stationary","Chadwick",2023-05-15 16:10:11.049599,0.0597901643604236,0.0447606054700188,0.730781307520734,0.164667922648823,"Stationary"
"TreeMovement","Nicole",2023-05-16 12:35:50.323199,0.010352649472704,0.0235956820199658,0.0103883799995669,0.955663288507763,"TreeMovement"
"TreeMovement","Nicole",2023-05-16 12:35:54.4704,0.0104869096342493,0.0171988349682756,0.00680937222547045,0.965504883172004,"TreeMovement"
"TreeMovement","Nicole",2023-05-16 12:35:56.457595,0.139241863184564,0.00162194937092618,0.0796476753502675,0.779488512094242,"TreeMovement"
"TreeMovement","Nicole",2023-05-16 12:36:01.0368,0.00838584638038936,0.00316810671517356,0.0183600770913186,0.970085969813118,"TreeMovement"
"TreeMovement","Nicole",2023-05-16 12:36:03.024005,0.0135873448970311,0.000784447476125511,0.0129100890014942,0.972718118625349,"TreeMovement"
"TreeMovement","Nicole",2023-05-16 12:36:05.097601,0.0876772992052665,0.00513869940882219,0.159606639381537,0.747577362004374,"TreeMovement"
"TreeMovement","Nicole",2023-05-16 12:36:07.084796,0.0961616752203383,0.00381612854327725,0.0718405552307326,0.828181641005652,"TreeMovement"
"TreeMovement","Nicole",2023-05-16 12:36:09.158401,0.0195002057212153,0.000303168106715174,0.0166363498559951,0.963560276316074,"TreeMovement"
"TreeMovement","Nicole",2023-05-16 12:36:11.145596,0.0125332943545768,0.0112865155157106,0.0234668355746118,0.952713354555101,"TreeMovement"
"TreeMovement","Nicole",2023-05-16 12:36:13.132802,0.0819587907923515,0.00186448385629832,0.0684169211113277,0.847759804240023,"TreeMovement"
"TreeMovement","Nicole",2023-05-16 12:36:15.206397,0.0317081357326923,0.00499469455813248,0.0625598215639143,0.900737348145261,"TreeMovement"
"TreeMovement","Nicole",2023-05-16 12:36:17.193602,0.0324709283440525,0.000901925117477641,0.0334627211503064,0.933164425388163,"TreeMovement"
"TreeMovement","Nicole",2023-05-16 12:36:19.267198,0.040260724571775,0.00159163256025466,0.0254731587951233,0.932674484072847,"TreeMovement"
"TreeMovement","Nicole",2023-05-16 12:36:21.254403,0.0642581043331385,0.00147902726347474,0.0431868381731956,0.891076030230191,"TreeMovement"
"TreeMovement","Nicole",2023-05-16 12:36:23.327999,0.00171668940427467,0,0.00454535611425107,0.993737954481474,"TreeMovement"
"TreeMovement","Nicole",2023-05-16 12:36:25.315204,0.00555555555555555,0.00249464042097057,0.00200090950432015,0.989948894519154,"TreeMovement"
"TreeMovement","Nicole",2023-05-16 12:36:27.302399,0.0914003118300526,0.0011368804001819,0.069535394876459,0.837927412893307,"TreeMovement"
"TreeMovement","Nicole",2023-05-16 12:36:29.376004,0.0514303038177527,0.00827757205656251,0.0615999696831893,0.878692154442495,"TreeMovement"
"TreeMovement","Nicole",2023-05-16 12:36:31.363199,0.0866681825072003,0.0383670066480435,0.0813627406396848,0.793602070205071,"TreeMovement"
"TreeMovement","Nicole",2023-05-16 12:36:33.436795,0.120065939063211,0.000682128240109141,0.0850890014941857,0.794162931202495,"TreeMovement"
"TreeMovement","Nicole",2023-05-16 12:36:35.424,0.0348193984278568,0,0.0259176248944325,0.939262976677711,"TreeMovement"
"TreeMovement","Nicole",2023-05-16 12:36:37.411195,0.326329067324975,0.000303168106715174,0.129042421880075,0.544325342688235,"TreeMovement"
"TreeMovement","Nicole",2023-05-16 12:36:39.484801,0.0269337794235475,0.00652948309837805,0.0284837263691288,0.938053011108945,"TreeMovement"
"TreeMovement","Nicole",2023-05-16 12:36:41.471996,0.272739232118495,0.00442679572966067,0.105487342731545,0.617346629420299,"TreeMovement"
"TreeMovement","Nicole",2023-05-16 12:36:43.545602,0.0055214491435501,0,0.00298566447952533,0.991492886376925,"TreeMovement"
"TreeMovement","Nicole",2023-05-16 12:36:45.532797,0.0210144221399337,0.00241668290781524,0.0187953398731025,0.957773555079149,"TreeMovement"
"TreeMovement","Nicole",2023-05-16 12:36:47.606402,0.00413824465666212,0.0110428982871002,0.00541912990753373,0.979399727148704,"TreeMovement"
"TreeMovement","Nicole",2023-05-16 12:36:49.593597,0.00808971610472293,0.00633350657225145,0.012784490785855,0.972792286537171,"TreeMovement"
"TreeMovement","Nicole",2023-05-16 12:36:51.580802,0.0967187466164274,0.00310097663440092,0.0636647610385673,0.836515515710604,"TreeMovement"
"TreeMovement","Nicole",2023-05-16 12:36:53.654398,0.218622100954979,0.00620628424175491,0.123829013187813,0.651342601615453,"TreeMovement"
"TreeMovement","Nicole",2023-05-16 12:37:00.652801,0.0561922085796574,0.00880107841226532,0.0704963295004223,0.864510383507655,"TreeMovement"
"TreeMovement","Nicole",2023-05-16 12:37:02.726397,0.224277810260075,0.00443654041880508,0.13555512245826,0.635730526862859,"TreeMovement"
"TreeMovement","Nicole",2023-05-16 12:37:04.713602,0.059622339158492,0.0634855670326339,0.0922432274410447,0.78464886636783,"TreeMovement"
"Locomotion","Nicole",2023-05-17 04:35:36.960001,0,0.999545247839927,0.00045475216007276,0,"Locomotion"
"Locomotion","Nicole",2023-05-17 04:35:39.552001,0.00335379718053661,0.975821260746227,0.00298025076333398,0.0178446913099028,"Locomotion"
"Locomotion","Nicole",2023-05-17 04:35:41.625596,0.00231923601637108,0.98972584941207,0.00309231468849477,0.00486259988306373,"Locomotion"
"Locomotion","Nicole",2023-05-17 04:35:43.612801,0.0029331514324693,0.976259771757725,0.00298025076333398,0.0178268260464713,"Locomotion"
"Locomotion","Nicole",2023-05-17 04:35:45.599996,0,0.998759176248945,0.000151584053357587,0.00108923969769809,"Locomotion"
"Locomotion","Nicole",2023-05-17 04:35:45.599996,0.000909504320145521,0.99733645163386,0.00136425648021828,0.000389787565776652,"Locomotion"
"Locomotion","Nicole",2023-05-17 04:35:45.599996,0,0.999863574351978,0,0.000136425648021828,"Locomotion"
"Locomotion","Nicole",2023-05-17 04:35:45.599996,0.000545702592087312,0.994980943719006,0.00100424435349401,0.0034691093354122,"Locomotion"
"Locomotion","Nicole",2023-05-17 04:35:45.599996,0.000151584053357587,0.996793997271487,0.00102319236016371,0.00203122631499166,"Locomotion"
"Locomotion","Nicole",2023-05-17 04:35:47.155198,0.000272851296043656,0.991985534550337,0.0055025011368804,0.00223911301673921,"Locomotion"
"Locomotion","Nicole",2023-05-17 04:35:49.142403,0,0.997584399835423,0.00145520691223283,0.000960393252344139,"Locomotion"
"Locomotion","Nicole",2023-05-17 04:35:51.129598,0,0.998188570562377,0,0.00181142943762316,"Locomotion"
"Locomotion","Nicole",2023-05-17 04:35:53.203204,0.00228675371922302,0.983172545962451,0.00636761298425691,0.0081730873340696,"Locomotion"
"Locomotion","Nicole",2023-05-17 04:35:54.240002,0.000909504320145521,0.997282855843565,0.00163710777626194,0.000170532060027285,"Locomotion"
"Locomotion","Nicole",2023-05-17 04:35:54.240002,0,0.995528270425951,0.00219796877368501,0.0022737608003638,"Locomotion"
"Locomotion","Nicole",2023-05-17 04:35:54.240002,0,0.986701747547587,0.00022737608003638,0.0130708763723771,"Locomotion"
"Locomotion","Nicole",2023-05-17 04:35:54.240002,0.00584681348664978,0.974814850906256,0.00511921003053336,0.0142191255765608,"Locomotion"
"Locomotion","Nicole",2023-05-17 04:35:54.672005,0.00118235561618918,0.993412048766756,0.000443383356070941,0.00496221226098443,"Locomotion"
"Locomotion","Nicole",2023-05-17 04:35:56.6592,0.00181900864029104,0.997109075553823,0.000682128240109141,0.000389787565776652,"Locomotion"
"Locomotion","Nicole",2023-05-17 04:35:58.732796,0.00045475216007276,0.994984733320341,0.000272851296043656,0.00428766322354317,"Locomotion"
"Locomotion","Nicole",2023-05-17 04:36:00.720001,0.000272851296043656,0.990490807509907,0.00118235561618918,0.00805398557786007,"Locomotion"
"Locomotion","Nicole",2023-05-17 04:36:02.793597,0.00034106412005457,0.990071785876697,0.00287630741246021,0.00671084259078802,"Locomotion"
"Locomotion","Nicole",2023-05-17 04:36:02.879997,0,0.997135061391542,0.00150068212824011,0.00136425648021828,"Locomotion"
"Locomotion","Nicole",2023-05-17 04:36:02.879997,0.000682128240109141,0.995796249377423,0.000668593949630784,0.00285302843283744,"Locomotion"
"Locomotion","Nicole",2023-05-17 04:36:02.879997,0.000545702592087312,0.995500660473375,0.00193648628164317,0.00201715065289417,"Locomotion"
"Locomotion","Nicole",2023-05-17 04:36:02.879997,0.00136425648021828,0.985763009160008,0.000727603456116417,0.0121451309036575,"Locomotion"
"Locomotion","Nicole",2023-05-17 04:36:04.262398,0.00118235561618918,0.993018471599645,0.00219796877368501,0.00360120401048095,"Locomotion"
"Locomotion","Nicole",2023-05-17 04:36:06.249603,0.00310368349249659,0.98057775179194,0.00735182658784296,0.00896673812772039,"Locomotion"
"Locomotion","Nicole",2023-05-17 04:36:08.323198,0.000272851296043656,0.999532254921068,0,0.000194893782888326,"Locomotion"
"Locomotion","Nicole",2023-05-17 04:36:10.310403,0.004424088871565,0.970372355399641,0.00757974403949847,0.017623811689296,"Locomotion"
"Locomotion","Nicole",2023-05-17 04:36:11.520003,0.00145520691223283,0.992380194460686,0.00342146863292839,0.00274312999415319,"Locomotion"
"Locomotion","Nicole",2023-05-17 04:36:11.520003,0,1,0,0,"Locomotion"
"Locomotion","Nicole",2023-05-17 04:36:11.520003,0,0.99939366378657,0,0.000606336213430347,"Locomotion"
"Locomotion","Nicole",2023-05-17 04:36:11.520003,0.00104592996816735,0.98459256371944,0.00193269668030923,0.0124288096320838,"Locomotion"
"Locomotion","Nicole",2023-05-17 04:36:11.779205,0.000833712293466727,0.994050325905715,0.0022737608003638,0.00284220100045475,"Locomotion"
"Locomotion","Nicole",2023-05-17 04:36:13.7664,0.00296725784447476,0.993197665605578,0.0034106412005457,0.000424435349401243,"Locomotion"
"Locomotion","Nicole",2023-05-17 04:36:15.839995,0.000397908140063665,0.995733450269603,0,0.00386864159033327,"Locomotion"
"Locomotion","Nicole",2023-05-17 04:36:17.8272,0.000909504320145521,0.998484159466424,0.00045475216007276,0.000151584053357587,"Locomotion"
"Locomotion","Nicole",2023-05-17 04:36:19.900796,0.00159163256025466,0.977370666320189,0.00955358496286191,0.0114841161566946,"Locomotion"
"Locomotion","Nicole",2023-05-17 04:36:20.159998,0,0.99939366378657,0.000606336213430347,0,"Locomotion"
"Locomotion","Nicole",2023-05-17 04:36:20.159998,0.000877022022997466,0.998018579873969,0.000346477836245913,0.000757920266787934,"Locomotion"
"Locomotion","Nicole",2023-05-17 04:36:20.159998,0.00034106412005457,0.986159293185214,0,0.0134996426947314,"Locomotion"
"Locomotion","Nicole",2023-05-17 04:36:20.159998,0.00136425648021828,0.998018579873968,0,0.000617163645813032,"Locomotion"
"Locomotion","Nicole",2023-05-17 04:36:21.369597,0.00034106412005457,0.995320925095823,0.00177353342428377,0.00256447735983889,"Locomotion"
"Locomotion","Nicole",2023-05-17 04:36:23.356802,0.00177353342428377,0.996013339396695,0.00122783083219645,0.000985296346824314,"Locomotion"
"Locomotion","Nicole",2023-05-17 04:36:25.343997,0.000909504320145521,0.987695705840317,0.0085320167175556,0.00286277312198185,"Locomotion"
"Locomotion","Nicole",2023-05-17 04:36:27.417603,0.000682128240109141,0.991594664241322,0.00303547066848568,0.00468773685008337,"Locomotion"
"Locomotion","Nicole",2023-05-17 04:36:28.800003,0.00527837328655882,0.973965980207454,0.00529028346217978,0.0154653630438078,"Locomotion"
"Locomotion","Nicole",2023-05-17 04:36:28.800003,0.000877022022997466,0.983284609887611,0.00532601398904264,0.0105123541003486,"Locomotion"
"Locomotion","Nicole",2023-05-17 04:36:28.800003,0,0.993178717598909,0.00022737608003638,0.00659390632105503,"Locomotion"
"Locomotion","Nicole",2023-05-17 04:36:28.800003,0.00272851296043656,0.989199636198272,0,0.0080718508412915,"Locomotion"
"Locomotion","Nicole",2023-05-17 04:36:29.145596,0.000530544186751554,0.986239416184846,0.00250113688040018,0.0107289027480023,"Locomotion"
"Locomotion","Nicole",2023-05-17 04:36:31.132801,0.00312642110050023,0.990869226271682,0.00198954070031833,0.00401481192749951,"Locomotion"
"Locomotion","Nicole",2023-05-17 04:36:33.119996,0.000409276944065484,0.998567530695771,0,0.00102319236016371,"Locomotion"
"Locomotion","Nicole",2023-05-17 04:36:35.193602,0.000409276944065484,0.998104657961411,0,0.00148606509452348,"Locomotion"
"Locomotion","Nicole",2023-05-17 04:36:37.180797,0.00309881114792438,0.976098984386843,0.00732638212174365,0.0134758223434895,"Locomotion"
"Locomotion","Nicole",2023-05-17 04:36:37.439999,0.000909504320145521,0.996907685311505,0,0.00218281036834925,"Locomotion"
"Locomotion","Nicole",2023-05-17 04:36:37.439999,0,1,0,0,"Locomotion"
"Locomotion","Nicole",2023-05-17 04:36:37.439999,0,0.995875289633816,0.0004585417614067,0.00366616860477706,"Locomotion"
"Locomotion","Nicole",2023-05-17 04:36:37.439999,0.00100045475216007,0.964268390393902,0.00216007276034561,0.0325710820935923,"Locomotion"
"Locomotion","Nicole",2023-05-17 04:36:38.735999,0.00151584053357587,0.984203858896901,0.000833712293466727,0.0134465882760562,"Locomotion"
"Locomotion","Nicole",2023-05-17 04:36:40.723204,0.00272851296043656,0.994452023647112,0,0.00281946339245111,"Locomotion"
"Locomotion","Nicole",2023-05-17 04:36:42.710399,0.001318781264211,0.998135516143702,0.000409276944065484,0.000136425648021828,"Locomotion"
"Locomotion","Nicole",2023-05-17 04:36:44.784004,0.00181251218086143,0.985185365642392,0.00241181056324303,0.010590311613504,"Locomotion"
"Locomotion","Nicole",2023-05-17 04:36:46.080004,0.00110439810303385,0.997111782411919,0.000389787565776652,0.00139403191927066,"Locomotion"
"Locomotion","Nicole",2023-05-17 04:36:46.080004,0,0.998635743519782,0.00136425648021828,0,"Locomotion"
"Locomotion","Nicole",2023-05-17 04:36:46.080004,0,1,0,0,"Locomotion"
"Locomotion","Nicole",2023-05-17 04:36:46.080004,0.00106108837350311,0.99286526343143,0.0012142965417181,0.00485935165334892,"Locomotion"
"Locomotion","Nicole",2023-05-17 04:36:46.252795,0.00163710777626194,0.997756556010308,0.00045475216007276,0.000151584053357587,"Locomotion"
"Locomotion","Nicole",2023-05-17 04:36:48.24,0.00045475216007276,0.997796617510124,0,0.00174863032980359,"Locomotion"
"Locomotion","Nicole",2023-05-17 04:36:50.313596,0.00136425648021828,0.998226466575716,0.000409276944065484,0,"Locomotion"
"Locomotion","Nicole",2023-05-17 04:36:52.300801,0.0020918599363347,0.997150219796877,0.000151584053357587,0.000606336213430347,"Locomotion"
"Locomotion","Nicole",2023-05-17 04:36:54.287996,0.00045475216007276,0.990812923623292,0.00186827345763226,0.00686405075900301,"Locomotion"
"Locomotion","Nicole",2023-05-17 04:36:54.72,0.0122295848762424,0.97573139305745,0.00519391931397388,0.00684510275233331,"Locomotion"
"Locomotion","Nicole",2023-05-17 04:36:54.72,0.010235713202971,0.976184521102666,0.00873557244635007,0.00484419324801317,"Locomotion"
"Locomotion","Nicole",2023-05-17 04:36:54.72,0.00115961800818554,0.996820524480824,0,0.00201985751098984,"Locomotion"
"Locomotion","Nicole",2023-05-17 04:36:54.72,0.00243075856991273,0.977546612096407,0.00288117975703242,0.0171414495766474,"Locomotion"
"Locomotion","Nicole",2023-05-17 04:36:55.843198,0.0120725871066935,0.948981679984408,0.00588416812837004,0.0330615647805279,"Locomotion"
"Locomotion","Nicole",2023-05-17 04:36:57.830403,0.0173525845081097,0.948263279845817,0.00714827085904849,0.0272358647870244,"Locomotion"
"Locomotion","Nicole",2023-05-17 04:36:59.817598,0.00183795664696074,0.993379566469608,0.00318326512050932,0.00159921176292254,"Locomotion"
"Locomotion","Nicole",2023-05-17 04:37:01.891204,0.00638601961930748,0.906005435371056,0.0311451092487927,0.0564634357608437,"Locomotion"
"Locomotion","Nicole",2023-05-17 04:37:03.360005,0.00181900864029104,0.988917040213084,0.00698369388683168,0.00228025725979341,"Locomotion"
"Locomotion","Nicole",2023-05-17 04:37:03.360005,0,0.997953615279673,0,0.00204638472032742,"Locomotion"
"Locomotion","Nicole",2023-05-17 04:37:03.360005,0,1,0,0,"Locomotion"
"Locomotion","Nicole",2023-05-17 04:37:03.360005,0.00515602330063449,0.953903830745577,0.0108193118083978,0.0301208341453908,"Locomotion"
"Locomotion","Nicole",2023-05-17 04:37:05.260799,0.000511596180081855,0.989561813811473,0.00272851296043656,0.00719807704800884,"Locomotion"
"Locomotion","Nicole",2023-05-17 04:37:07.248004,0,0.997794452023647,0.00163710777626194,0.00056844020009095,"Locomotion"
"Locomotion","Nicole",2023-05-17 04:37:09.3216,0.00222828558435653,0.994649082916477,0.00118235561618918,0.00194027588297711,"Locomotion"
"Locomotion","Nicole",2023-05-17 04:37:11.308795,0.00169557591112844,0.987879772190823,0.00472346737694623,0.00570118452110267,"Locomotion"
"Locomotion","Nicole",2023-05-17 04:37:12,0,0.999772623919964,0,0.00022737608003638,"Locomotion"
"Locomotion","Nicole",2023-05-17 04:37:12,0,0.999863574351978,0.000136425648021828,0,"Locomotion"
"Locomotion","Nicole",2023-05-17 04:37:12,0,1,0,0,"Locomotion"
"Locomotion","Nicole",2023-05-17 04:37:12,0.00136425648021828,0.977770739946729,0.00159163256025466,0.019273371012798,"Locomotion"
"Locomotion","Nicole",2023-05-17 04:37:12.777596,0.00092087312414734,0.996517356374109,0.000833712293466727,0.00172805820827649,"Locomotion"
"Locomotion","Nicole",2023-05-17 04:37:14.851202,0.0022737608003638,0.991094436865242,0.00151584053357587,0.00511596180081855,"Locomotion"
"Locomotion","Nicole",2023-05-17 04:37:16.838397,0.00140973169622556,0.990417722341324,0.00045475216007276,0.0077177938023777,"Locomotion"
"Locomotion","Nicole",2023-05-17 04:37:18.912003,0.016385694796336,0.912214967842526,0.01015504883172,0.0612442885294181,"Locomotion"
"Locomotion","Nicole",2023-05-17 04:37:20.639996,0.00238095238095238,0.985572987721692,0.00212921457805496,0.00991684531930098,"Locomotion"
"Locomotion","Nicole",2023-05-17 04:37:20.639996,0.0109297516187011,0.972695922388965,0.00817254596245047,0.00820178002988371,"Locomotion"
"Locomotion","Nicole",2023-05-17 04:37:20.639996,0.0155081314017194,0.799617250265272,0.0687877606704346,0.116086857662574,"Locomotion"
"Stationary","Nicole",2023-05-17 09:03:18.34304,0.00797656943632387,0.0040083154680699,0.982421663526711,0.00559345156889495,"Stationary"
"Stationary","Nicole",2023-05-17 09:03:20.373003,0.00352541198380216,0.00344312349769376,0.988915957469845,0.00411550704865848,"Stationary"
"Stationary","Nicole",2023-05-17 09:03:22.38301,0.00534063102275926,0,0.990085320167176,0.00457404881006518,"Stationary"
"Stationary","Nicole",2023-05-17 09:03:24.412983,0.000170532060027285,0.000151584053357587,0.999179821997012,0.000498061889603499,"Stationary"
"Stationary","Nicole",2023-05-17 09:03:26.440009,0.00309231468849477,0.00136425648021828,0.99537289677126,0.000170532060027285,"Stationary"
"Stationary","Nicole",2023-05-17 09:03:28.460044,0,0,1,0,"Stationary"
"Stationary","Nicole",2023-05-17 09:03:30.483016,0,0,1,0,"Stationary"
"Stationary","Nicole",2023-05-17 09:03:32.512979,0.00022737608003638,0,0.997328331059573,0.00244429286039109,"Stationary"
"Stationary","Nicole",2023-05-17 09:03:34.540015,0.00272851296043656,0.00272851296043656,0.991778730591827,0.00276424348729942,"Stationary"
"Stationary","Nicole",2023-05-17 09:03:36.55996,0.000757920266787934,0.00151584053357587,0.996621841096602,0.00110439810303385,"Stationary"
"Stationary","Nicole",2023-05-17 09:03:38.579995,0.00153478854024557,0.00409276944065484,0.991847484787457,0.00252495723164209,"Stationary"
"Stationary","Nicole",2023-05-17 09:03:40.60002,0.00159163256025466,0.00527512505684402,0.992962710322874,0.000170532060027285,"Stationary"
"Stationary","Nicole",2023-05-17 09:03:42.622993,0.000151584053357587,0.00134530847354858,0.994910565408519,0.00359254206457481,"Stationary"
"Stationary","Nicole",2023-05-17 09:03:44.652956,0.00258071850841291,0.00303168106715174,0.992417007730787,0.00197059269364863,"Stationary"
"Stationary","Nicole",2023-05-17 09:03:46.679991,0.00136425648021828,0.000511596180081855,0.9981241473397,0,"Stationary"
"Stationary","Nicole",2023-05-17 09:03:48.700027,0,0.000682128240109141,0.997114489270014,0.00220338248987635,"Stationary"
"Stationary","Nicole",2023-05-17 09:03:50.722989,0.000363801728058208,0.00150068212824011,0.992714762121311,0.00542075402239113,"Stationary"
"Stationary","Nicole",2023-05-17 09:03:52.752962,0,0.000151584053357587,0.999848415946642,0,"Stationary"
"Stationary","Nicole",2023-05-17 09:03:54.779988,0.00045475216007276,0.00361094869962537,0.994736785118777,0.00119751402152494,"Stationary"
"Stationary","Nicole",2023-05-17 09:03:56.793023,0.00147794452023647,0.000511596180081855,0.997815565516794,0.000194893782888326,"Stationary"
"Stationary","Nicole",2023-05-17 09:03:58.819968,0.00120996556876502,0,0.993996188743801,0.00479384568743368,"Stationary"
"Stationary","Nicole",2023-05-17 09:04:00.840003,0.00121375517009896,0.00453885965482145,0.991988782780052,0.00225860239502804,"Stationary"
"Stationary","Nicole",2023-05-17 09:04:02.862966,0,0.00136425648021828,0.99685463089283,0.00178111262695164,"Stationary"
"Stationary","Nicole",2023-05-17 09:04:04.893029,0.00136425648021828,0,0.998635743519782,0,"Stationary"
"Stationary","Nicole",2023-05-17 09:04:06.919964,0.00125056844020009,0.00636653024101864,0.989586716905953,0.00279618441282834,"Stationary"
"Stationary","Nicole",2023-05-17 09:04:08.94,0.00249464042097057,0.00193432079516663,0.995229974663808,0.00034106412005457,"Stationary"
"Stationary","Nicole",2023-05-17 09:04:10.962972,0.000833712293466727,0.000909504320145521,0.996983477338184,0.00127330604820373,"Stationary"
"Stationary","Nicole",2023-05-17 09:04:12.97998,0,0.000151584053357587,0.999302713354555,0.000545702592087312,"Stationary"
"Stationary","Nicole",2023-05-17 09:04:15.003032,0,0.000365425842915611,0.998706121830269,0.000928452326815219,"Stationary"
"Stationary","Nicole",2023-05-17 09:04:17.033005,0,0,1,0,"Stationary"
"Stationary","Nicole",2023-05-17 09:04:19.060031,0.000322116113384872,0.00445873665518959,0.994423330951298,0.00079581628012733,"Stationary"
"Stationary","Nicole",2023-05-17 09:04:21.079976,0.000170532060027285,0.000288009701379415,0.998859329998484,0.000682128240109141,"Stationary"
"Stationary","Nicole",2023-05-17 09:04:23.103029,0.00144383810823101,0,0.997800948483077,0.000755213408692263,"Stationary"
"Stationary","Nicole",2023-05-17 09:04:25.133002,0.00401968427207172,0.00239502804304987,0.991266051668507,0.00231923601637108,"Stationary"
"Stationary","Nicole",2023-05-17 09:04:27.160028,0.00901546157344247,0.00930942636263237,0.978475064423223,0.00320004764070248,"Stationary"
"Stationary","Nicole",2023-05-17 09:04:29.179982,0.00254011563697785,0,0.994710799281059,0.00274908508196366,"Stationary"
"Stationary","Nicole",2023-05-17 09:04:31.200008,0.00756783386387752,0.016760865328396,0.972446350072544,0.00322495073518266,"Stationary"
"Stationary","Nicole",2023-05-17 09:04:33.220043,0.00177353342428377,0.000346477836245913,0.996652157907274,0.00122783083219645,"Stationary"
"Stationary","Nicole",2023-05-17 09:04:35.243015,0.000170532060027285,0,0.998908594815825,0.00092087312414734,"Stationary"
"Stationary","Nicole",2023-05-17 09:04:37.272978,0,0.000389787565776652,0.999303254726174,0.000306957708049113,"Stationary"
"Stationary","Nicole",2023-05-17 09:04:39.300014,0,0,0.999045020463847,0.000954979536152797,"Stationary"
"Stationary","Nicole",2023-05-17 09:04:41.320039,0.00100424435349401,0,0.996925009203318,0.00207074644318846,"Stationary"
"Stationary","Nicole",2023-05-17 09:04:43.343012,0.000511596180081855,0.00169557591112844,0.991705104051625,0.00608772385716451,"Stationary"
"Stationary","Nicole",2023-05-17 09:04:45.372974,0,0.00286493860845839,0.996964529331514,0.000170532060027285,"Stationary"
"Stationary","Nicole",2023-05-17 09:04:47.382992,0.00172805820827649,0,0.992841984451807,0.00542995733991641,"Stationary"
"Stationary","Nicole",2023-05-17 09:04:49.412954,0.00409276944065484,0.00247082006972866,0.99287771497867,0.000558695510946534,"Stationary"
"Stationary","Nicole",2023-05-17 09:04:51.43999,0,0,0.999590723055935,0.000409276944065484,"Stationary"
"Stationary","Nicole",2023-05-17 09:04:53.460016,0.000833712293466727,0.000909504320145521,0.996142185842049,0.00211459754433834,"Stationary"
"Stationary","Nicole",2023-05-17 09:04:55.482988,0.000818553888130969,0.000136425648021828,0.996930422919509,0.00211459754433834,"Stationary"
"Stationary","Nicole",2023-05-17 09:04:57.513041,0.000549492193421252,0.00315294830983781,0.996297559496741,0,"Stationary"
"Stationary","Nicole",2023-05-17 09:04:59.539987,0.000549492193421252,0.00447172957404881,0.99464745880162,0.000331319430910154,"Stationary"
"Stationary","Nicole",2023-05-17 09:05:01.560022,0,0,0.999805106217112,0.000194893782888326,"Stationary"
"Stationary","Nicole",2023-05-17 09:05:03.579967,0.000443383356070941,0.00307499079668247,0.994060070594859,0.00242155525238745,"Stationary"
"Stationary","Nicole",2023-05-17 09:05:05.599992,0.000594967409428528,0.000151584053357587,0.997699711990299,0.00155373654691526,"Stationary"
"Stationary","Nicole",2023-05-17 09:05:07.622964,0.0022548127936941,0.00116503172437688,0.995461140345178,0.00111901513675047,"Stationary"
"Stationary","Nicole",2023-05-17 09:05:09.653018,0.00341551354511791,0.000584681348664978,0.993646462677841,0.00235334242837653,"Stationary"
"Stationary","Nicole",2023-05-17 09:05:11.679963,0.00136425648021828,0.000591177808094588,0.994842352584508,0.00320221312717902,"Stationary"
"Stationary","Nicole",2023-05-17 09:05:13.699998,0.000954979536152797,0.000170532060027285,0.99887448840382,0,"Stationary"
"Stationary","Nicole",2023-05-17 09:05:15.722971,0.00764362589055631,0.0115940145953789,0.977429675826675,0.00333268368739037,"Stationary"
"Stationary","Nicole",2023-05-17 09:05:17.753024,0.00210322874033652,0,0.994645293315143,0.00325147794452024,"Stationary"
"Stationary","Nicole",2023-05-17 09:05:19.779969,0.00045475216007276,0,0.986946447519435,0.012598800320492,"Stationary"
"Stationary","Nicole",2023-05-17 09:05:21.792994,0.00295588904047294,0.00129929188592217,0.995110331535979,0.000634487537625328,"Stationary"
"Stationary","Nicole",2023-05-17 09:05:23.82003,0.00159163256025466,0,0.997010004547522,0.00139836289222374,"Stationary"
"Stationary","Nicole",2023-05-17 09:05:25.839975,0.00250113688040018,0.00136425648021828,0.993841897832348,0.0022927088070335,"Stationary"
"Stationary","Nicole",2023-05-17 09:05:27.863028,0.00136425648021828,0.000784447476125511,0.995686892310357,0.00216440373329869,"Stationary"
"Stationary","Nicole",2023-05-17 09:05:29.893,0,0.00150068212824011,0.99849931787176,0,"Stationary"
"Stationary","Nicole",2023-05-17 09:05:31.920026,0.00385402455661664,0.0050629073821434,0.990287251781113,0.00079581628012733,"Stationary"
"Stationary","Nicole",2023-05-17 09:05:33.939971,0,0,0.999350354057039,0.000649645942961086,"Stationary"
"Stationary","Nicole",2023-05-17 09:05:35.963034,0.0023306048203729,0,0.997328331059573,0.00034106412005457,"Stationary"
"Stationary","Nicole",2023-05-17 09:05:37.992997,0.0043277247233591,0.00425734641287165,0.98833777258061,0.00307715628315901,"Stationary"
"Stationary","Nicole",2023-05-17 09:05:40.003004,0.00255798090040928,0.00304250849953442,0.989658719331298,0.00474079126875853,"Stationary"
"Stationary","Nicole",2023-05-17 09:05:42.032977,0,0,1,0,"Stationary"
"Stationary","Nicole",2023-05-17 09:05:44.060003,0.000272851296043656,0.000606336213430347,0.999120812490526,0,"Stationary"
"Stationary","Nicole",2023-05-17 09:05:46.080038,0.00208049113233288,0.000511596180081855,0.990358712834838,0.00704919985274692,"Stationary"
"Stationary","Nicole",2023-05-17 09:05:48.10301,0.000970137941488555,0.00601734554667706,0.992378028974209,0.000634487537625328,"Stationary"
"Stationary","Nicole",2023-05-17 09:05:50.132973,0.00937547370016674,0.00208969444985816,0.986408865501635,0.00212596634834015,"Stationary"
"Stationary","Nicole",2023-05-17 09:05:52.160009,0.00272851296043656,0.000151584053357587,0.994289070789753,0.00283083219645293,"Stationary"
"Stationary","Nicole",2023-05-17 09:05:54.180034,0.00174429935685052,0,0.993557677732302,0.00469802291084692,"Stationary"
"Stationary","Nicole",2023-05-17 09:05:56.199979,0,0.00136425648021828,0.997271487039563,0.00136425648021828,"Stationary"
"Stationary","Nicole",2023-05-17 09:05:58.220014,0.00100424435349401,0.00219796877368501,0.995062149461877,0.00173563741094437,"Stationary"
"Stationary","Nicole",2023-05-17 09:06:00.242987,0.00345611641655298,0,0.993610732150978,0.0029331514324693,"Stationary"
"Stationary","Nicole",2023-05-17 09:06:02.27304,0.000852660300136426,0,0.999147339699864,0,"Stationary"
"Stationary","Nicole",2023-05-17 09:06:04.299985,0.00547326706944715,0.00824725524589099,0.979312566318023,0.00696691136663852,"Stationary"
"Stationary","Nicole",2023-05-17 09:06:06.320021,0.00045475216007276,0,0.999047185950324,0.000498061889603499,"Stationary"
"Stationary","Nicole",2023-05-17 09:06:08.342983,0.00045475216007276,0.000966348340154616,0.99637335152342,0.00220554797635289,"Stationary"
"Stationary","Nicole",2023-05-17 09:06:10.372956,0,0,1,0,"Stationary"
"Stationary","Nicole",2023-05-17 09:06:12.399982,0.00136425648021828,0.00197438229498257,0.993747699170618,0.00291366205418047,"Stationary"
"Stationary","Nicole",2023-05-17 09:06:14.420017,0.0175707572706208,0.017651963013491,0.955409385218389,0.00936789449749886,"Stationary"
"Stationary","Nicole",2023-05-17 09:06:16.439962,0.00022737608003638,0.000389787565776652,0.996512484029537,0.00287035232464973,"Stationary"
"Stationary","Nicole",2023-05-17 09:06:18.459997,0.000682128240109141,0.000682128240109141,0.998635743519782,0,"Stationary"
"Stationary","Nicole",2023-05-17 09:06:20.482959,0.000625284220100045,0,0.995980315727928,0.00339440005197167,"Stationary"
"Stationary","Nicole",2023-05-17 09:06:22.513013,0.000322116113384872,0,0.998162043353039,0.00151584053357587,"Stationary"
"Stationary","Nicole",2023-05-17 09:06:24.539958,0.00140973169622556,0,0.994204075445549,0.0043861928582256,"Stationary"
"Stationary","Nicole",2023-05-17 09:06:26.559994,0,0,1,0,"Stationary"
"Stationary","Nicole",2023-05-17 09:06:28.582966,0.00236850083371229,0.00363801728058208,0.992606487797484,0.00138699408822192,"Stationary"
"Stationary","Nicole",2023-05-17 09:06:30.613019,0.00181900864029104,0.00465308906645878,0.993073150133177,0.00045475216007276,"Stationary"
"Stationary","Nicole",2023-05-17 09:06:32.639964,0.000151584053357587,0.00181900864029104,0.997366227072912,0.000663180233439442,"Stationary"
"Stationary","Nicole",2023-05-17 09:06:34.652999,0.000970137941488555,0,0.997024080209619,0.00200578184889235,"Stationary"
"Stationary","Nicole",2023-05-17 09:06:36.680025,0.00237770415123758,0.00847787955564218,0.979443036878235,0.00970137941488555,"Stationary"
"Stationary","Nicole",2023-05-17 09:06:38.69997,0.122708915307824,0.0634812360596808,0.52624407198077,0.287565776651725,"Stationary"
"Foraging","Nicole",2023-05-19 22:27:52.387204,0.991575716234652,0,0.00389949977262392,0.00452478399272396,"Foraging"
"Foraging","Nicole",2023-05-19 22:27:54.4608,0.892418631845644,0.000303168106715174,0.0640561727192014,0.0432220273284393,"Foraging"
"Foraging","Nicole",2023-05-19 22:28:10.444801,0.906188418978324,0,0.0702207713462829,0.0235908096753936,"Foraging"
"Foraging","Nicole",2023-05-19 22:28:12.431996,0.936586435392711,0.00269603066328851,0.0354842027761537,0.0252333311678468,"Foraging"
"Foraging","Nicole",2023-05-19 22:28:14.505601,0.979009939582927,0.00155915026310661,0.00940200090950432,0.0100289092444618,"Foraging"
"Foraging","Nicole",2023-05-19 22:28:16.492796,0.984588232746486,0.00272851296043656,0.00847138309621256,0.00421187119686438,"Foraging"
"Foraging","Nicole",2023-05-19 22:28:18.566402,0.990447497780376,0.00272851296043656,0.00470451937027653,0.00211946988891054,"Foraging"
"Foraging","Nicole",2023-05-19 22:28:20.553597,0.973880984863249,0.00361636241581671,0.0121564997076593,0.0103461530132744,"Foraging"
"Foraging","Nicole",2023-05-19 22:28:22.540802,0.903024643236103,0.00286493860845839,0.0540175187855952,0.0400928993698434,"Foraging"
"Foraging","Nicole",2023-05-19 22:28:33.945599,0.990418805084562,0.000974468914441629,0.0053649927456203,0.00324173325537582,"Foraging"
"Foraging","Nicole",2023-05-19 22:28:35.932804,0.993649169535936,0,0.00454698022910847,0.00180385023495528,"Foraging"
"Foraging","Nicole",2023-05-19 22:28:38.006399,0.979030511704454,0.00102319236016371,0.0160754888585721,0.00387080707680981,"Foraging"
"Foraging","Nicole",2023-05-19 22:28:52.780801,0.992777019857511,0,0.00631347582234349,0.000909504320145521,"Foraging"
"Foraging","Nicole",2023-05-19 22:28:54.767996,0.987133220728036,0.00334567660624959,0.00525509430693605,0.0042660083587778,"Foraging"
"Foraging","Nicole",2023-05-19 22:28:56.841602,0.974215011152255,0.000892180428333225,0.0138515342471686,0.0110412741722428,"Foraging"
"Foraging","Nicole",2023-05-19 22:28:58.828797,0.971326793564174,0.000682128240109141,0.0162633448104117,0.011727733385305,"Foraging"
"Foraging","Nicole",2023-05-19 22:29:00.902403,0.955956711925334,0,0.0275265813464995,0.0165167067281665,"Foraging"
"Foraging","Nicole",2023-05-19 22:29:02.889598,0.934256913315576,0.000545702592087312,0.0441223283310596,0.0210750557612768,"Foraging"
"Foraging","Nicole",2023-05-19 22:29:04.963203,0.956495918057992,0.000517009896273198,0.0267951882890491,0.0161918837566859,"Foraging"
"Foraging","Nicole",2023-05-19 22:29:09.8016,0.977104311483575,0.00292340674332489,0.0119838021611555,0.00798847961194482,"Foraging"
"Foraging","Nicole",2023-05-19 22:29:18.873599,0.993330301652266,0.000740596374975638,0.00423785703458282,0.00169124493817536,"Foraging"
"Foraging","Nicole",2023-05-19 22:29:20.947204,0.952355507914853,0.00214383161177158,0.0212450464496849,0.0242556140236904,"Foraging"
"Foraging","Nicole",2023-05-19 22:29:22.934399,0.980217739665216,0.000682128240109141,0.0137746594772516,0.0053254726174235,"Foraging"
"Foraging","Nicole",2023-05-19 22:29:25.007995,0.740094523484701,0.00187585266030014,0.132296606682691,0.125733017172308,"Foraging"
"Foraging","Nicole",2023-05-19 22:29:26.9952,0.807550509972065,0,0.0588969011888521,0.133552588839083,"Foraging"
"Foraging","Nicole",2023-05-19 22:29:28.982395,0.783131401719397,0.000541371619134238,0.117275168366574,0.099052058294896,"Foraging"
"Foraging","Nicole",2023-05-19 22:30:04.320003,0.998635743519782,0,0.00136425648021828,0,"Foraging"
"Foraging","Nicole",2023-05-19 22:30:06.307198,0.989491976872604,0.00288009701379415,0.00363368630762901,0.00399423980597241,"Foraging"
"Foraging","Nicole",2023-05-19 22:30:08.380804,0.999556616643929,0,0.000443383356070941,0,"Foraging"
"Foraging","Nicole",2023-05-19 22:30:10.367999,0.98772493990775,0.00110439810303385,0.00777138959267199,0.00339927239654388,"Foraging"
"Foraging","Nicole",2023-05-19 22:30:12.441604,0.941896749604799,0.00115961800818554,0.0270214816258472,0.0299221507611685,"Foraging"
"Foraging","Nicole",2023-05-19 22:30:30.499201,0.979372117196128,0.00407328006236601,0.0047640702483813,0.0117905324931246,"Foraging"
"Foraging","Nicole",2023-05-19 22:30:32.486396,0.983840598540462,0.00110439810303385,0.00839667381277204,0.006658329543732,"Foraging"
"Foraging","Nicole",2023-05-19 22:30:34.473601,0.987416358084844,0,0.00876047554083025,0.00382316637432599,"Foraging"
"Foraging","Nicole",2023-05-19 22:30:36.547197,0.973242707724291,0.00174321661361225,0.0199078585504234,0.00510621711167414,"Foraging"
"Foraging","Nicole",2023-05-19 22:30:38.534402,0.997266073323372,0.000194893782888326,0.000909504320145521,0.00162952857359406,"Foraging"
"Foraging","Nicole",2023-05-19 22:30:40.607997,0.993468892786765,0,0.00509863790900626,0.0014324693042292,"Foraging"
"Foraging","Nicole",2023-05-19 22:30:45.187202,0.998090040927694,0,0.00150068212824011,0.000409276944065484,"Foraging"
"Foraging","Nicole",2023-05-19 22:30:47.174397,0.987965308906646,0.00151584053357587,0.00368078563849369,0.00683806492128457,"Foraging"
"Foraging","Nicole",2023-05-19 22:30:49.161602,0.9963728101518,0,0.00146170337166244,0.00216548647653695,"Foraging"
"Foraging","Nicole",2023-05-19 22:30:51.235198,0.97069771974274,0.00231923601637108,0.019918685982806,0.00706435825808268,"Foraging"
"Foraging","Nicole",2023-05-19 22:30:53.222403,0.875759544381645,0.00809783667900994,0.0448239459494575,0.0713186729898872,"Foraging"
"Foraging","Nicole",2023-05-19 22:31:14.908797,0.904476601918621,0.0135651486606466,0.00927586132224604,0.0726823880984863,"Foraging"
"Foraging","Nicole",2023-05-19 22:31:16.982403,0.955539314406982,0.00095281404967626,0.0328049546330583,0.0107029169102839,"Foraging"
"Foraging","Nicole",2023-05-19 22:31:18.969598,0.937859200069296,0,0.0420245133069144,0.02011628662379,"Foraging"
"Foraging","Nicole",2023-05-19 22:31:20.956803,0.951090322440937,0.00224127850321575,0.0271795621386344,0.0194888369172135,"Foraging"
"Foraging","Nicole",2023-05-19 22:31:23.030399,0.991779271963447,0.00367374780744494,0.00098475497520518,0.00356222525390329,"Foraging"
"Foraging","Nicole",2023-05-19 22:31:25.017604,0.775019489378288,0.000272851296043656,0.15021871413413,0.0744889451915373,"Foraging"
"Foraging","Nicole",2023-05-19 22:31:38.409605,0.904543731999393,0,0.0630568007102796,0.0323994672903268,"Foraging"
"Foraging","Nicole",2023-05-19 22:31:40.3968,0.997726239199636,0,0.0022737608003638,0,"Foraging"
"Foraging","Nicole",2023-05-19 22:31:42.470396,0.996789124926915,0.000272851296043656,0.00115149743389853,0.00178652634314299,"Foraging"
"Foraging","Nicole",2023-05-19 22:31:45.6672,0.980255094306936,0.000303168106715174,0.0168166266051669,0.00262511098118192,"Foraging"
"Foraging","Nicole",2023-05-19 22:31:47.654405,0.987948526386452,0,0.00730905822993136,0.00474241538361593,"Foraging"
"Foraging","Nicole",2023-05-19 22:31:49.6416,0.993609108036121,0,0.00557233807574872,0.000818553888130969,"Foraging"
"Foraging","Nicole",2023-05-19 22:31:51.715196,0.990487559280192,0.00155915026310661,0.00406191125836419,0.00389137919833691,"Foraging"
"Foraging","Nicole",2023-05-19 22:31:53.702401,0.993526278178393,0.000170532060027285,0.00434613135840967,0.00195705840317027,"Foraging"
"Foraging","Nicole",2023-05-19 22:31:55.775996,0.934032785465255,0.000467745078931982,0.0432025379501505,0.0222969315056628,"Foraging"
"Foraging","Nicole",2023-05-19 22:32:11.241604,0.989678208709587,0.00318326512050932,0.003750622577362,0.00338790359254206,"Foraging"
"Foraging","Nicole",2023-05-19 22:32:13.228799,0.994058446480002,0.00114987331904112,0.00444520236471123,0.000346477836245913,"Foraging"
"Foraging","Nicole",2023-05-19 22:32:15.302404,0.997872409536802,0,0.00060417072695381,0.00152341973624375,"Foraging"
"Foraging","Nicole",2023-05-19 22:32:17.289599,0.988434136728816,0,0.00491781978821542,0.00664804348296845,"Foraging"
"Foraging","Nicole",2023-05-19 22:32:19.363195,0.97511856038459,0.00155915026310661,0.0227635938413565,0.000558695510946534,"Foraging"
"Foraging","Nicole",2023-05-19 22:32:21.3504,0.884232551592715,0.00892451114142792,0.0213338313952229,0.0855091058706339,"Foraging"
"Foraging","Nicole",2023-05-19 22:32:26.015995,0.990097230342797,0,0.00668377400983131,0.00321899564737218,"Foraging"
"Foraging","Nicole",2023-05-19 22:32:28.003201,0.989265142164187,0.000331319430910154,0.00340143788302042,0.00700210052188224,"Foraging"
"Foraging","Nicole",2023-05-19 22:32:30.076796,0.959086922627168,0.00142651421641872,0.0254731587951233,0.0140134043612898,"Foraging"
"Foraging","Nicole",2023-05-19 22:32:32.064001,0.993529526408108,0,0.00298025076333398,0.00349022282855844,"Foraging"
"Foraging","Nicole",2023-05-19 22:32:34.051196,0.991281210073843,0.000877022022997466,0.00416585460923796,0.00367591329392148,"Foraging"
"Foraging","Nicole",2023-05-19 22:32:36.124802,0.995246757184001,0,0.00321845427575305,0.00153478854024557,"Foraging"
"Foraging","Nicole",2023-05-19 22:32:44.764797,0.98953853483185,0.000682128240109141,0.00599839754000736,0.00378093938803352,"Foraging"
"Foraging","Nicole",2023-05-19 22:32:46.752002,0.9471112410403,0.00218281036834925,0.0320849303796098,0.0186210182117413,"Foraging"
"Foraging","Nicole",2023-05-19 22:32:48.825598,0.956659953658589,0.00122783083219645,0.0305598865285086,0.0115523289807055,"Foraging"
"Foraging","Nicole",2023-05-19 22:32:50.812803,0.702988371337621,0.00603629355334676,0.131655081314017,0.159320253795015,"Foraging"
"Foraging","Nicole",2023-05-19 23:31:53.731204,0.991036510101995,0,0.004666081985318,0.00429740791268758,"Foraging"
"Foraging","Nicole",2023-05-19 23:31:55.718399,0.96721453474523,0,0.0154523701249486,0.0173330951298209,"Foraging"
"Foraging","Nicole",2023-05-19 23:31:57.791995,0.942953507005348,0,0.0304738084410663,0.0265726845535849,"Foraging"
"Foraging","Nicole",2023-05-19 23:31:59.7792,0.946503280712012,0.00111089456246346,0.0221615886008792,0.0302242361246454,"Foraging"
"Foraging","Nicole",2023-05-19 23:32:01.852796,0.889949435890773,0.00255798090040928,0.070289525541913,0.0372030576669049,"Foraging"
"Foraging","Nicole",2023-05-19 23:32:03.840001,0.969402758829771,0.00022737608003638,0.0191087940405812,0.0112610710496113,"Foraging"
"Foraging","Nicole",2023-05-19 23:32:05.827196,0.994029753784187,0,0.00395634379263302,0.00201390242317937,"Foraging"
"Foraging","Nicole",2023-05-19 23:32:07.900802,0.981073106823448,0.000682128240109141,0.0118668658914225,0.00637789904502046,"Foraging"
"Foraging","Nicole",2023-05-19 23:32:09.887997,0.957653370579701,0.00255798090040928,0.0250319409255289,0.0147567075943611,"Foraging"
"Foraging","Nicole",2023-05-19 23:32:11.961602,0.948045107083306,0,0.0243877086987592,0.0275671842179346,"Foraging"
"Foraging","Nicole",2023-05-19 23:32:13.948797,0.95473970852552,0.00136425648021828,0.0322089044803915,0.0116871305138699,"Foraging"
"Foraging","Nicole",2023-05-19 23:32:16.022403,0.925825591719179,0.00045475216007276,0.0406802875766041,0.0330393685441434,"Foraging"
"Foraging","Nicole",2023-05-19 23:32:18.009598,0.930308148725611,0,0.0491511293011975,0.0205407219731913,"Foraging"
"Foraging","Nicole",2023-05-19 23:32:19.996803,0.910076549946945,0.000985296346824314,0.0684320795166634,0.0205060741895667,"Foraging"
"Foraging","Nicole",2023-05-19 23:32:47.212799,0.9680964291128,0,0.0284875159704628,0.00341605491673704,"Foraging"
"Foraging","Nicole",2023-05-19 23:32:49.200004,0.811867948634661,0.000954979536152797,0.118735247623379,0.0684418242058079,"Foraging"
"Foraging","Nicole",2023-05-19 23:32:56.716801,0.982154225946859,0,0.013421685181576,0.004424088871565,"Foraging"
"Foraging","Nicole",2023-05-19 23:32:58.703996,0.94948677970506,0,0.0308327378245523,0.019680482470387,"Foraging"
"Foraging","Nicole",2023-05-19 23:33:00.777602,0.953598497152385,0,0.0227040429632517,0.023697459884363,"Foraging"
"Foraging","Nicole",2023-05-19 23:33:02.764797,0.910145845514195,0.000439593754737002,0.0549470538556487,0.0344675068754196,"Foraging"
"Foraging","Nicole",2023-05-19 23:33:13.305597,0.930273500941986,0.00324010914051842,0.0217019640962342,0.0447844258212608,"Foraging"
"Foraging","Nicole",2023-05-19 23:33:15.292802,0.985540505424544,0,0.00421457805496005,0.0102449165204963,"Foraging"
"Foraging","Nicole",2023-05-19 23:33:17.366397,0.910310963858031,0.00565570930509539,0.0442620022087962,0.0397713246280777,"Foraging"
"Foraging","Nicole",2023-05-19 23:33:19.353602,0.975563567855519,0.00159163256025466,0.0109611511726109,0.0118836484116157,"Foraging"
"Foraging","Nicole",2023-05-19 23:33:21.340797,0.953574676801143,0.00279347755473267,0.0124677883886615,0.0311640572554624,"Foraging"
"Foraging","Nicole",2023-05-19 23:33:23.414403,0.890197384092336,0.00045475216007276,0.024423439225622,0.0849244245219689,"Foraging"
"Foraging","Nicole",2023-05-19 23:33:25.401598,0.667854977370666,0.00272472335910262,0.12583804326642,0.203582256003811,"Foraging"
"TreeMovement","Nicole",2023-05-20 02:35:25.324796,0.0319257671235843,0.00194893782888326,0.0564596461595098,0.909665648888023,"TreeMovement"
"TreeMovement","Nicole",2023-05-20 02:35:27.398402,0.0511639489811386,0.00655384482123909,0.060110656358951,0.882171549838671,"TreeMovement"
"TreeMovement","Nicole",2023-05-20 02:35:29.385597,0.171503280712012,0.00257151519088763,0.229963836375842,0.595961367721259,"TreeMovement"
"TreeMovement","Nicole",2023-05-20 02:35:31.372802,0.0683801078412265,0.0432404339634899,0.0582878581173261,0.830091600077958,"TreeMovement"
"TreeMovement","Nicole",2023-05-20 02:35:33.446398,0.051209965568765,0.00753805842482514,0.0576896424781827,0.883562333528227,"TreeMovement"
"TreeMovement","Nicole",2023-05-20 02:35:35.433603,0.0145596483249962,0.0151697741397605,0.0533586695251088,0.916911908010134,"TreeMovement"
"TreeMovement","Nicole",2023-05-20 02:35:37.507198,0.0415172480997856,0.230784555750449,0.0521692760778709,0.675528920071894,"TreeMovement"
"TreeMovement","Nicole",2023-05-20 02:35:39.494403,0.015208211524719,0.0176059464258646,0.0428961216137205,0.924289720435696,"TreeMovement"
"TreeMovement","Nicole",2023-05-20 02:35:41.481598,0.0238522921674354,0.00416856146733364,0.0347582234348946,0.937220922930337,"TreeMovement"
"TreeMovement","Nicole",2023-05-20 02:35:43.555204,0.0219011888520756,0.0105426709110202,0.0367834946620758,0.930772645574829,"TreeMovement"
"TreeMovement","Nicole",2023-05-20 02:35:45.542399,0.0276467658459473,0.00210485285519392,0.030670326338812,0.939578054960047,"TreeMovement"
"TreeMovement","Nicole",2023-05-20 02:35:47.616005,0.0662308625132636,0.00362664847658026,0.0625533251044847,0.867589163905671,"TreeMovement"
"TreeMovement","Nicole",2023-05-20 02:35:49.6032,0.0351631694060071,0.0087139175815847,0.0372885943827281,0.91883431862968,"TreeMovement"
"TreeMovement","Nicole",2023-05-20 02:35:51.676796,0.0373947032200784,0.00688949522510232,0.0422941163732432,0.913421685181576,"TreeMovement"
"TreeMovement","Nicole",2023-05-20 02:35:53.664001,0.0248922670477923,0.0048068386062929,0.0645542346088049,0.90574665973711,"TreeMovement"
"TreeMovement","Nicole",2023-05-20 02:35:55.651196,0.013820676064878,0.0237867862015202,0.0591594664241322,0.903233071309469,"TreeMovement"
"TreeMovement","Nicole",2023-05-20 02:35:57.724802,0.0122377054505295,0.00649483531475346,0.0155617271920137,0.965705732042703,"TreeMovement"
"TreeMovement","Nicole",2023-05-20 02:35:59.711997,0.0736427813508305,0.0336045605145196,0.0633301933779424,0.829422464756707,"TreeMovement"
"TreeMovement","Nicole",2023-05-20 02:36:01.785602,0.0177337101279803,0.00403213581931181,0.0512857575954438,0.926948396457265,"TreeMovement"
"TreeMovement","Nicole",2023-05-20 02:36:03.772797,0.0465449663266853,0.0697979601117392,0.158062647523766,0.72559442603781,"TreeMovement"
"TreeMovement","Nicole",2023-05-20 02:36:05.760002,0.0494066567054289,0.0025314536910717,0.0809843218779099,0.86707756772559,"TreeMovement"
"TreeMovement","Nicole",2023-05-20 02:36:07.833598,0.00969975530002815,0.002512505684402,0.041663959808571,0.946123779206999,"TreeMovement"
"TreeMovement","Nicole",2023-05-20 02:36:09.820803,0.022253621776132,0.0035860456051452,0.0283803243898742,0.945780008228849,"TreeMovement"
"TreeMovement","Nicole",2023-05-20 02:36:11.894399,0.0828163234370601,0.0196490829164772,0.0318483509820481,0.865686242664415,"TreeMovement"
"TreeMovement","Nicole",2023-05-20 02:36:23.299195,0.00269007557547803,0.00220879620606769,0.00753047922215726,0.987570648996297,"TreeMovement"
"TreeMovement","Nicole",2023-05-20 02:36:25.2864,0.0532996600186232,0.000682128240109141,0.0602644058987852,0.885753805842482,"TreeMovement"
"TreeMovement","Nicole",2023-05-20 02:36:27.359996,0.0183205569631218,0.00514952684120488,0.0328498884774465,0.943680027718227,"TreeMovement"
"TreeMovement","Nicole",2023-05-20 02:36:29.347201,0.106253924944239,0.00605470018839732,0.220678230364451,0.667013144502912,"TreeMovement"
"TreeMovement","Nicole",2023-05-20 02:36:35.222395,0.0784739816799844,0.0172697546503822,0.187761753177851,0.716494510491782,"TreeMovement"
"TreeMovement","Nicole",2023-05-20 02:36:37.2096,0.00918274540375495,0.00127493016306113,0.0093922562203599,0.980150068212824,"TreeMovement"
"TreeMovement","Nicole",2023-05-20 02:36:39.196795,0,0.0215097771714416,0.0170542887459668,0.961435934082592,"TreeMovement"
"TreeMovement","Nicole",2023-05-20 02:36:41.270401,0.0154724008748565,0.0027323025617705,0.0123876653890296,0.969407631174343,"TreeMovement"
"TreeMovement","Nicole",2023-05-20 02:36:43.257596,0.0048463587344897,0.00175404404599493,0.00806318889538535,0.98533640832413,"TreeMovement"
"TreeMovement","Nicole",2023-05-20 02:36:45.331202,0.00442896121613721,0.00120834145390762,0.00778817211286516,0.98657452521709,"TreeMovement"
"TreeMovement","Nicole",2023-05-20 02:36:47.318397,0.00350538123389419,0.0107413542952424,0.00969704844193248,0.976056216028931,"TreeMovement"
"TreeMovement","Nicole",2023-05-20 02:36:49.305602,0.00402509798826306,0.0114814092985989,0.010437103445289,0.974056389267849,"TreeMovement"
"TreeMovement","Nicole",2023-05-20 02:36:51.379198,0.00439972714870396,0.0195868251802767,0.0148265445332294,0.96118690313779,"TreeMovement"
"TreeMovement","Nicole",2023-05-24 01:16:46.0704,0.0316702397193529,0.0728312652937483,0.0597008380432664,0.835797656943632,"TreeMovement"
"TreeMovement","Nicole",2023-05-24 01:16:48.057605,0.0380351458455142,0.00960447389506053,0.0428517291409515,0.909508651118474,"TreeMovement"
"TreeMovement","Nicole",2023-05-24 01:16:50.1312,0.0543510037029819,0.00686350938738388,0.10061283267286,0.838172654236774,"TreeMovement"
"TreeMovement","Nicole",2023-05-24 01:16:52.118395,0.0444980402347387,0,0.0262781783927759,0.929223781372485,"TreeMovement"
"TreeMovement","Nicole",2023-05-24 01:16:54.192001,0.0519321553086901,0.000545702592087312,0.0206213863444423,0.92690075575478,"TreeMovement"
"TreeMovement","Nicole",2023-05-24 01:16:56.179196,0.136923168539813,0.00243292405638927,0.0966158860087919,0.764028021395006,"TreeMovement"
"TreeMovement","Nicole",2023-05-24 01:16:58.252802,0.0117212369258754,0.000170532060027285,0.0092671993763399,0.978841031637757,"TreeMovement"
"TreeMovement","Nicole",2023-05-24 01:17:00.239997,0.0979644427120553,0.00427250481820741,0.0587182485545378,0.8390448039152,"TreeMovement"
"TreeMovement","Nicole",2023-05-24 01:17:02.227202,0.00983888780614565,0.00184174624829468,0.0158887156499708,0.972430650295589,"TreeMovement"
"TreeMovement","Nicole",2023-05-24 01:17:04.300798,0.0610055436453799,0.00658740986162541,0.0555598865285086,0.876847159964486,"TreeMovement"
"TreeMovement","Nicole",2023-05-24 01:17:06.288003,0.0575072002425345,0.00925799605881461,0.068244764936443,0.864990038762207,"TreeMovement"
"TreeMovement","Nicole",2023-05-24 01:17:08.361598,0.0237277766950345,0.0566296368479179,0.126849325450963,0.792793261006085,"TreeMovement"
"TreeMovement","Nicole",2023-05-24 01:17:10.348804,0.0368213906754152,0.0744239805972412,0.149685463089283,0.739069165638061,"TreeMovement"
"TreeMovement","Nicole",2023-05-24 01:17:12.335999,0.019527274302172,0.0650674549037442,0.170025336191776,0.745379934602309,"TreeMovement"
"TreeMovement","Nicole",2023-05-24 01:17:14.409604,0.0373107906191126,0.0553384655362828,0.25324552285671,0.654105220987895,"TreeMovement"
"TreeMovement","Nicole",2023-05-24 01:17:16.396799,0.0332873167457069,0.0593911734771216,0.341856688104983,0.565464821672189,"TreeMovement"
"TreeMovement","Nicole",2023-05-24 01:17:18.470405,0.0156331882457394,0.0660251412979926,0.104386734229845,0.813954936226423,"TreeMovement"
"TreeMovement","Nicole",2023-05-24 01:17:20.4576,0.0446317590246649,0.0887578769570584,0.118489464908292,0.748120899109985,"TreeMovement"
"TreeMovement","Nicole",2023-05-24 01:17:22.444795,0.0518855973494445,0.00821314883388553,0.0672962818597198,0.87260497195695,"TreeMovement"
"TreeMovement","Nicole",2023-05-24 01:17:24.518401,0.038486108404253,0.00751153121548756,0.0799627536326036,0.874039606747656,"TreeMovement"
"TreeMovement","Nicole",2023-05-24 01:17:26.505596,0.0325353515667295,0.0515602330063449,0.0444596028497802,0.871444812577145,"TreeMovement"
"TreeMovement","Nicole",2023-05-24 05:10:19.8912,0.0619345373438143,0.000757920266787934,0.055654085190238,0.881653457199159,"TreeMovement"
"TreeMovement","Nicole",2023-05-24 05:10:21.878405,0.0436692002858442,0.0160960609800992,0.0394410879404058,0.900793650793651,"TreeMovement"
"TreeMovement","Nicole",2023-05-24 05:10:23.952,0.0503757119036792,0.02487494315598,0.04072034907642,0.88402899586392,"TreeMovement"
"TreeMovement","Nicole",2023-05-24 05:10:25.939195,0.137870568873297,0.00247082006972866,0.198178284501613,0.66148032655536,"TreeMovement"
"TreeMovement","Nicole",2023-05-24 05:10:28.012801,0.023616795513112,0.00135288767621646,0.0152980792134953,0.959732237597176,"TreeMovement"
"TreeMovement","Nicole",2023-05-24 05:10:29.999996,0.0339829792762944,0.0189095692847398,0.077310574070465,0.869796877368501,"TreeMovement"
"TreeMovement","Nicole",2023-05-24 05:10:31.987201,0.0335590852985123,0.011917213452002,0.0100359470755105,0.944487754173975,"TreeMovement"
"TreeMovement","Nicole",2023-05-24 05:10:34.060797,0.0148135516143702,0.0263279845817363,0.121346824314082,0.837511639489812,"TreeMovement"
"TreeMovement","Nicole",2023-05-24 05:10:36.048002,0.0714415643474307,0.0160982264665757,0.0408600229541567,0.871600186231837,"TreeMovement"
"TreeMovement","Dwayne",2023-05-16 12:52:30.4896,0.00957957080058035,0.00318705472184326,0.00398828471816194,0.983245089759414,"TreeMovement"
"TreeMovement","Dwayne",2023-05-16 12:52:32.476795,0.00258450810974685,0.0025141297992594,0.013336689837372,0.981564672253622,"TreeMovement"
"TreeMovement","Dwayne",2023-05-16 12:52:34.464,0.00663342644925182,0.00856287489984625,0.0155075900301003,0.969296108620802,"TreeMovement"
"TreeMovement","Dwayne",2023-05-16 12:52:36.451195,0.00846921760973603,0.00758678187054722,0.0141893501375084,0.969754650382208,"TreeMovement"
"TreeMovement","Dwayne",2023-05-16 12:52:39.907202,0.0163223543168973,0.00421024708200697,0.0247553000281513,0.954712098572945,"TreeMovement"
"TreeMovement","Dwayne",2023-05-16 12:52:42.3264,0.0474160332618723,0.0140269386517681,0.0265039303579549,0.912053097728404,"TreeMovement"
"TreeMovement","Dwayne",2023-05-16 12:52:44.313595,0.0348903181099634,0.0269814201260313,0.0117434331622599,0.926384828601746,"TreeMovement"
"TreeMovement","Dwayne",2023-05-16 12:52:46.3008,0.0130248597847506,0.0011985967647632,0.00641200545702592,0.97936453799346,"TreeMovement"
"TreeMovement","Dwayne",2023-05-16 12:52:48.287995,0.0139154160982265,0.0068180341713766,0.00461194482340458,0.974654604906992,"TreeMovement"
"TreeMovement","Dwayne",2023-05-16 12:52:50.2752,0.0232654453322939,0.00948320665237446,0.00890069079018602,0.958350657225145,"TreeMovement"
"TreeMovement","Dwayne",2023-05-16 12:52:53.817597,0.0121077762619372,0.00216007276034561,0.00889798393209035,0.976834167045627,"TreeMovement"
"TreeMovement","Dwayne",2023-05-16 12:52:55.804802,0.00555339006907902,0.00162573897226012,0.00619329132289569,0.986627579635765,"TreeMovement"
"TreeMovement","Dwayne",2023-05-16 12:52:57.791997,0.0162649689252691,0.00187585266030014,0.0103434461551788,0.971515732259252,"TreeMovement"
"TreeMovement","Dwayne",2023-05-16 12:52:59.779202,0.0524643236102991,0.025294506160809,0.0186751553736547,0.903566014855237,"TreeMovement"
"TreeMovement","Dwayne",2023-05-16 12:53:01.766397,0.0305073734814526,0.00696258039368544,0.0119843435327746,0.950545702592087,"TreeMovement"
"TreeMovement","Dwayne",2023-05-16 12:53:03.753602,0.0205483011758591,0.00868847311548539,0.056694601442214,0.914068624266441,"TreeMovement"
"Stationary","Dwayne",2023-05-16 12:53:05.740797,0.00350538123389419,0,0.978786353104225,0.0177082656618809,"Stationary"
"Stationary","Dwayne",2023-05-16 12:53:07.641602,0.00496816734879491,0,0.969289612161372,0.025742220489833,"Stationary"
"Stationary","Dwayne",2023-05-16 12:53:09.628797,0.0979184261244289,0.00589553693237186,0.721121613720522,0.175064423222677,"Stationary"
"TreeMovement","Dwayne",2023-05-16 12:53:11.616002,0.0189306827778861,0.000194893782888326,0.0295984105329262,0.951276012906299,"TreeMovement"
"TreeMovement","Dwayne",2023-05-16 12:53:13.603197,0.0224739600251196,0.00272851296043656,0.00913402195803287,0.965663505056411,"TreeMovement"
"TreeMovement","Dwayne",2023-05-16 12:53:15.590402,0.0130199874401784,0.00507535892938349,0.0182079516663418,0.963696701964097,"TreeMovement"
"TreeMovement","Dwayne",2023-05-16 12:53:17.577597,0.0180222612009788,0.030488966846402,0.0957821737153252,0.855706598237294,"TreeMovement"
"TreeMovement","Dwayne",2023-05-16 12:53:19.564802,0.0425842915610992,0.00727170358821109,0.245114662508933,0.705029342341757,"TreeMovement"
"TreeMovement","Dwayne",2023-05-16 12:53:21.984,0.00539639229953009,0.00939388033521731,0.00596970484419325,0.979240022521059,"TreeMovement"
"TreeMovement","Dwayne",2023-05-16 12:53:23.971195,0.027742588622534,0.00343662703826415,0.013272266614695,0.955548517724507,"TreeMovement"
"TreeMovement","Dwayne",2023-05-16 12:53:25.9584,0.0124147339699864,0.00159163256025466,0.0112908464886637,0.974702786981095,"TreeMovement"
"TreeMovement","Dwayne",2023-05-16 12:53:27.945595,0.0164793520864462,0.00196193074774248,0.00747688343186297,0.974081833733948,"TreeMovement"
"TreeMovement","Dwayne",2023-05-16 12:53:29.9328,0.0146468091556768,0.000844539725849412,0.0218540895212109,0.962654561597263,"TreeMovement"
"TreeMovement","Dwayne",2023-05-16 12:53:31.919995,0.103874596678144,0.00302680872257953,0.173407284696507,0.719691309902769,"TreeMovement"
"TreeMovement","Dwayne",2023-05-16 12:53:33.907201,0.153387903592542,0.00194189999783451,0.194421165464822,0.650249030944802,"TreeMovement"
"TreeMovement","Dwayne",2023-05-16 12:53:35.808005,0.159953658589402,0.00756566837740098,0.389610537257195,0.442870135776002,"TreeMovement"
"TreeMovement","Dwayne",2023-05-16 12:53:37.7952,0.113966846402044,0.0049270231057407,0.0470836310877238,0.834022499404491,"TreeMovement"
"TreeMovement","Dwayne",2023-05-16 12:53:39.782405,0.216495051863401,0.0014373416488014,0.0808419411420776,0.70122566534572,"TreeMovement"
"TreeMovement","Dwayne",2023-05-16 12:53:41.7696,0.145427033933173,0.0023733731782845,0.0623860412741723,0.78981355161437,"TreeMovement"
"TreeMovement","Dwayne",2023-05-16 12:53:43.756795,0.099628619069274,0.0104235691548106,0.314471404751077,0.575476407024838,"TreeMovement"
"TreeMovement","Dwayne",2023-05-16 12:53:45.744,0.0602828125338357,0.0125094740033349,0.136622707291193,0.790585006171636,"TreeMovement"
"Stationary","Dwayne",2023-05-16 12:53:47.990397,0.0880719591156154,0.00337653478854025,0.800655059659153,0.107896446436692,"Stationary"
"Stationary","Dwayne",2023-05-16 12:53:49.891201,0.01974111609173,0.000170532060027285,0.954619524026072,0.0254688278221703,"Stationary"
"Stationary","Dwayne",2023-05-16 12:53:51.878397,0.031255007687477,0.0043656207366985,0.920198033738279,0.0441813378375452,"Stationary"
"Stationary","Dwayne",2023-05-16 12:53:53.865602,0.00544890534658611,0.00175404404599493,0.960263864527166,0.0325331860802529,"Stationary"
"Stationary","Dwayne",2023-05-16 12:53:55.852797,0.013235994716213,0.00707789254856103,0.913652309491328,0.0660338032438987,"Stationary"
"Stationary","Dwayne",2023-05-16 12:53:57.840002,0.00945884492951342,0.00241668290781524,0.932362112648606,0.0557623595140649,"Stationary"
"Stationary","Dwayne",2023-05-16 12:53:59.827197,0.0282189956473722,0.0370227809177332,0.794601983585613,0.140156239849282,"Stationary"
"Stationary","Dwayne",2023-05-16 12:54:01.814402,0.0195581324844626,0.00147198943242599,0.839092444617683,0.139877433465428,"Stationary"
"Stationary","Dwayne",2023-05-16 12:54:03.715196,0.0220262456960956,0.00218281036834925,0.887750384373849,0.0880405595617055,"Stationary"
"Stationary","Dwayne",2023-05-16 12:54:05.702401,0.0450372463673964,0.000801229996318673,0.917920483336581,0.0362410402997033,"Stationary"
"Stationary","Dwayne",2023-05-16 12:54:07.689596,0.189301955434288,0.000272851296043656,0.72117304402434,0.089252149245328,"Stationary"
"Stationary","Dwayne",2023-05-16 12:54:09.676801,0.0401697741397605,0.00456051451958683,0.878014357175339,0.0772553541653132,"Stationary"
"Stationary","Dwayne",2023-05-16 12:54:11.663996,0.00220879620606769,0,0.985583273782455,0.0122079300114771,"Stationary"
"Stationary","Dwayne",2023-05-16 12:54:13.651201,0.00400181900864029,0.000272851296043656,0.971631044414128,0.0240942852811884,"Stationary"
"Stationary","Dwayne",2023-05-16 12:54:15.638396,0.010534008965114,0.00173942701227831,0.955806210615215,0.031920353407393,"Stationary"
"Stationary","Dwayne",2023-05-16 12:54:17.539201,0.00358117326057299,0.00127980250763334,0.967806253924945,0.0273327703068494,"Stationary"
"Stationary","Dwayne",2023-05-16 12:54:19.526396,0.0455672491825289,0.000422269862924706,0.878925485610342,0.0750849953442041,"Stationary"
"Stationary","Dwayne",2023-05-16 12:54:21.513601,0.085195110331536,0.00281242556140237,0.763182398925918,0.148810065181143,"Stationary"
"Stationary","Dwayne",2023-05-16 12:54:23.500796,0.195512029277377,0.000898135516143702,0.70497737066632,0.098612464540159,"Stationary"
"Stationary","Dwayne",2023-05-16 12:54:25.488001,0.362920916433877,0.0101166114467615,0.52047250914918,0.106489962970181,"Stationary"
"Stationary","Dwayne",2023-05-16 12:54:27.475196,0.0495030208536348,0.00358496286190693,0.805651378332142,0.141260637952316,"Stationary"
"Stationary","Dwayne",2023-05-16 12:54:29.462401,0.134380887416358,0.00668160852335477,0.749897680763983,0.109039823296304,"Stationary"
"Stationary","Dwayne",2023-05-16 12:54:31.363195,0.0101371835682886,0.00460923796530891,0.907598692046168,0.0776548864202343,"Stationary"
"Stationary","Dwayne",2023-05-16 12:54:33.3504,0.0186367179886962,0.000511596180081855,0.936692002858442,0.0441596829727798,"Stationary"
"Stationary","Dwayne",2023-05-16 12:54:35.337595,0.00225102319236016,0.00200848870698803,0.981946880616731,0.0137936074839213,"Stationary"
"Stationary","Dwayne",2023-05-16 12:54:37.3248,0.00704703436627038,0.000303168106715174,0.983803785270361,0.00884601225665346,"Stationary"
"Stationary","Dwayne",2023-05-16 12:54:39.311996,0.00262456960956279,0.000682128240109141,0.975897594144525,0.0207957080058035,"Stationary"
"Stationary","Dwayne",2023-05-16 12:54:41.299201,0.0135732692349336,0.00766528075532168,0.930649212845666,0.0481122371640789,"Stationary"
"Stationary","Dwayne",2023-05-16 12:54:43.286396,0.00866573550748176,0.00499577730137075,0.942924814309535,0.0434136728816129,"Stationary"
"Stationary","Dwayne",2023-05-16 12:54:45.1872,0.0071942874466749,0.00121646202819463,0.958130860347777,0.0334583901773533,"Stationary"
"Stationary","Dwayne",2023-05-16 12:54:47.174395,0.00614402650555447,0.000170532060027285,0.988614954849607,0.00507048658481128,"Stationary"
"Stationary","Dwayne",2023-05-16 12:54:49.1616,0.0056844020009095,0.00306957708049113,0.965236904220533,0.0260091166980662,"Stationary"
"Stationary","Dwayne",2023-05-16 12:54:51.148795,0.00163710777626194,0.000443383356070941,0.989036141969293,0.00888336689837372,"Stationary"
"Stationary","Dwayne",2023-05-16 12:54:53.136,0.00354381861885273,0.000389787565776652,0.982957621429654,0.0131087723857165,"Stationary"
"Stationary","Dwayne",2023-05-16 12:54:55.123195,0.043829446285108,0.0100992875549492,0.736740726304164,0.209330539855779,"Stationary"
"Stationary","Dwayne",2023-05-16 12:54:57.1104,0.0424565278589835,0.00266354836614045,0.865683535806319,0.0891963879685571,"Stationary"
"Stationary","Dwayne",2023-05-16 12:54:59.097595,0.103370038329111,0.00045475216007276,0.779068949089413,0.117106260421404,"Stationary"
"Stationary","Dwayne",2023-05-16 12:55:00.9984,0.172243877086988,0.00275774702786981,0.674312999415318,0.150685376469824,"Stationary"
"Stationary","Dwayne",2023-05-16 12:55:02.985605,0.180518200913835,0.00847733818402304,0.733232096840555,0.0777723640615865,"Stationary"
"Stationary","Dwayne",2023-05-16 12:55:04.9728,0.0292329846900106,0.00153478854024557,0.922894605773187,0.0463376209965569,"Stationary"
"Stationary","Dwayne",2023-05-16 12:55:06.960005,0.0177997574655146,0.00168258299226921,0.956769310725655,0.0237483488165616,"Stationary"
"Stationary","Dwayne",2023-05-16 12:55:08.9472,0,0.000545702592087312,0.984274778579008,0.0151795188289049,"Stationary"
"Stationary","Dwayne",2023-05-16 12:55:10.934405,0.014087030901492,0.00369486130059118,0.956998310920548,0.0252197968773685,"Stationary"
"Stationary","Dwayne",2023-05-16 12:55:12.9216,0.00135288767621646,0,0.970575911128435,0.0280712011953485,"Stationary"
"Stationary","Dwayne",2023-05-16 12:55:14.822404,0.00659336494943589,0.000852660300136426,0.973749972931419,0.0188040018190086,"Stationary"
"Stationary","Dwayne",2023-05-16 12:55:16.809599,0.0029331514324693,0.000545702592087312,0.990396067476559,0.00612507849888477,"Stationary"
"Stationary","Dwayne",2023-05-16 12:55:18.796804,0.0387253946599103,0.000500227376080036,0.925385997964443,0.0353883799995669,"Stationary"
"Stationary","Dwayne",2023-05-16 12:55:20.783999,0.0537148920504992,0.00688732973862578,0.793843521947205,0.14555425626367,"Stationary"
"Stationary","Dwayne",2023-05-16 12:55:22.771205,0.110369973364516,0.00236795946209316,0.819228978540029,0.0680330886333615,"Stationary"
"Stationary","Dwayne",2023-05-16 12:55:24.7584,0.0137172740856233,0.00221258580740163,0.951852573680677,0.0322175664262977,"Stationary"
"Stationary","Dwayne",2023-05-16 12:55:26.659204,0.0124017410511271,0.00159163256025466,0.950380584248252,0.0356260421403668,"Stationary"
"Stationary","Dwayne",2023-05-16 12:55:28.646399,0.0381537062301046,0.015801013447671,0.918465103185431,0.0275801771367938,"Stationary"
"Stationary","Dwayne",2023-05-16 12:55:30.633604,0.0203198423525845,0.000773078672123693,0.963972260118236,0.0149348188570562,"Stationary"
"Stationary","Angelina",2023-05-16 13:01:13.814402,0.266046254791139,0.000967972455012018,0.581611230212867,0.151374542540982,"Stationary"
"Stationary","Angelina",2023-05-16 13:01:15.801597,0.22366822581693,0.00353569804456571,0.673891812295632,0.0989042638428724,"Stationary"
"Stationary","Angelina",2023-05-16 13:01:17.788802,0.0148725611208558,0.0263512635613591,0.472659650490483,0.486116524827302,"TreeMovement"
"TreeMovement","Angelina",2023-05-16 13:01:24.873596,0.00460815522207064,0.00447768466185929,0.00159163256025466,0.989322527555815,"TreeMovement"
"TreeMovement","Angelina",2023-05-16 13:01:26.860801,0.00473700166742459,0.00335379718053661,0.00764903960674766,0.984260161545291,"TreeMovement"
"Stationary","Angelina",2023-05-16 13:01:28.847996,0.275899218259382,0.00184932545096256,0.568178717598909,0.154072738690747,"Stationary"
"Stationary","Angelina",2023-05-16 13:01:30.835201,0.150796899023366,0.000500227376080036,0.743957209987224,0.104745663613331,"Stationary"
"Stationary","Angelina",2023-05-16 13:01:33.3408,0.302578011650317,0.00155915026310661,0.572283938586803,0.123578899499773,"Stationary"
"Stationary","Angelina",2023-05-16 13:01:35.327995,0.157064358258083,0,0.774801316615778,0.0681343251261396,"Stationary"
"Stationary","Angelina",2023-05-16 13:01:37.3152,0.143443448320665,0.00159163256025466,0.766232486628121,0.0887324324909591,"Stationary"
"Stationary","Angelina",2023-05-16 13:01:39.302395,0.0342791095519608,0.0209121029039174,0.519727581801252,0.42508120574287,"Stationary"
"TreeMovement","Angelina",2023-05-16 13:01:41.376001,0.0106693518698976,0.00267870677147621,0.036731522986639,0.949920418371987,"TreeMovement"
"TreeMovement","Angelina",2023-05-16 13:01:43.363196,0.00587171658112995,0.00402455661664393,0.0257140691656381,0.964389657636588,"TreeMovement"
"TreeMovement","Angelina",2023-05-16 13:01:45.350401,0.00738051928365707,0.0158188787111024,0.0109367894497499,0.965863812555491,"TreeMovement"
"TreeMovement","Angelina",2023-05-16 13:01:47.423996,0.0061239957556465,0.0111235626583512,0.0129533987310249,0.969799042854977,"TreeMovement"
"Stationary","Angelina",2023-05-16 13:01:49.843205,0.143797505359579,0.00611966478269343,0.723968687065549,0.126114142792178,"Stationary"
"Stationary","Angelina",2023-05-16 13:01:51.8304,0.122848047813941,0.000272851296043656,0.777179562138635,0.0996995387513805,"Stationary"
"Stationary","Angelina",2023-05-16 13:01:53.817605,0.405191212455878,0.00230028800970138,0.542472227635938,0.050036271898482,"Stationary"
"Stationary","Angelina",2023-05-16 13:01:55.8048,0.14787403365166,0.00366400311830053,0.774468914441629,0.0739930487884103,"Stationary"
"Stationary","Angelina",2023-05-16 13:01:57.791995,0.37255516576799,0.00826891011065636,0.526210506940384,0.0929654171809697,"Stationary"
"Stationary","Angelina",2023-05-16 13:01:59.7792,0.200422811234544,0.00109140518417462,0.724707659325667,0.073778124255614,"Stationary"
"Stationary","Angelina",2023-05-16 13:02:01.766395,0.205436453799346,0.00114824920418372,0.724389332813617,0.0690259641828537,"Stationary"
"Stationary","Angelina",2023-05-16 13:02:03.7536,0.111597262825094,0.00172805820827649,0.827977002533619,0.0586976764330107,"Stationary"
"Stationary","Angelina",2023-05-16 13:02:05.740795,0.251772992052665,0.00353732215942311,0.680811624331406,0.0638780614565062,"Stationary"
"Stationary","Angelina",2023-05-16 13:02:07.728,0.0855995149310293,0.000920331752528205,0.858417245934299,0.0550629073821434,"Stationary"
"TreeMovement","Angelina",2023-05-16 13:02:09.110401,0.00668106715173564,0.019164555317352,0.142571840013859,0.831582537517054,"TreeMovement"
"TreeMovement","Angelina",2023-05-16 13:02:11.529599,0.00776543450486152,0.0104798718032006,0.0104879923774876,0.97126670131445,"TreeMovement"
"TreeMovement","Angelina",2023-05-16 13:02:13.516804,0.000303168106715174,0.00226888845579159,0.00413391368370905,0.993294029753784,"TreeMovement"
"TreeMovement","Angelina",2023-05-16 13:02:15.503999,0.0236871738235995,0.021644578704606,0.0406813703198423,0.913986877151952,"TreeMovement"
"TreeMovement","Angelina",2023-05-16 13:02:17.491204,0.0177434548171247,0.0413851534247169,0.0527642434872994,0.888107148270859,"TreeMovement"
"TreeMovement","Angelina",2023-05-16 13:02:19.5648,0.0215677039346889,0.0699928538946274,0.064118971827021,0.844320470343663,"TreeMovement"
"Stationary","Angelina",2023-05-16 13:02:21.552005,0.0266630936139804,0.0555761276770827,0.580461356893826,0.337299421815111,"Stationary"
"TreeMovement","Angelina",2023-05-16 13:02:23.712001,0.0109941748413781,0.0226282509365729,0.0133301933779424,0.953047380844107,"TreeMovement"
"TreeMovement","Angelina",2023-05-16 13:02:25.699196,0.0126182896987808,0.0459039823296303,0.0732389181229563,0.868238809848633,"TreeMovement"
"TreeMovement","Angelina",2023-05-16 13:02:27.686401,0.0052653803676996,0.340904956798545,0.103242274626995,0.550587388206761,"TreeMovement"
"TreeMovement","Angelina",2023-05-16 13:02:29.673596,0.0634249334112909,0.0182155308690097,0.0730624309751186,0.845297104744581,"TreeMovement"
"TreeMovement","Angelina",2023-05-16 13:02:31.660801,0.0520864462201433,0.00285681803417138,0.0276034561164166,0.917453279629269,"TreeMovement"
"TreeMovement","Angelina",2023-05-16 13:02:33.647996,0.102301912124559,0.015655925853743,0.0568342753199506,0.825207886701747,"TreeMovement"
"Stationary","Angelina",2023-05-16 13:02:35.635201,0.0194650165659715,0.00443708179042422,0.83230959960155,0.143788302042054,"Stationary"
"Stationary","Angelina",2023-05-16 13:02:37.622396,0.058989475735724,0.0292730461898265,0.748992507416791,0.162744970657658,"Stationary"
"Stationary","Angelina",2023-05-16 13:02:39.609602,0.0443307564044262,0.00891043547933043,0.784784750644232,0.161974057472011,"Stationary"
"Stationary","Angelina",2023-05-16 13:02:41.596797,0.0562885727278633,0.00703999653522164,0.775220338248987,0.161451092487928,"Stationary"
"Stationary","Angelina",2023-05-16 13:02:43.584002,0.0607056237683796,0.0130871175209511,0.65752235864787,0.268684900062799,"Stationary"
"TreeMovement","Angelina",2023-05-16 13:02:45.571197,0.011513891595747,0.00498982221356028,0.0161751012364928,0.9673211849542,"TreeMovement"
"TreeMovement","Angelina",2023-05-16 13:02:48.422398,0.0229005608609974,0.00876534788540246,0.00736806773641699,0.960966023517183,"TreeMovement"
"TreeMovement","Angelina",2023-05-16 13:02:50.409603,0.0158232096840555,0.340698152840035,0.07313659888694,0.570342038588969,"TreeMovement"
"TreeMovement","Angelina",2023-05-16 13:02:52.396798,0.0222882695597566,0.108439442170684,0.0288188354013729,0.840453452868187,"TreeMovement"
"TreeMovement","Angelina",2023-05-16 13:02:54.384003,0.0219407089802724,0.00449717404014812,0.0348935663396782,0.938668550639902,"TreeMovement"
"TreeMovement","Angelina",2023-05-16 13:02:56.371198,0.0416807423287641,0.0367006648043483,0.0469417917235107,0.874676801143377,"TreeMovement"
"TreeMovement","Angelina",2023-05-16 13:02:58.358404,0.0116086316290955,0.109303471274822,0.0210046774507893,0.858083219645294,"TreeMovement"
"TreeMovement","Angelina",2023-05-16 13:03:00.259198,0.0129339093527361,0.03427965092358,0.0605356330799714,0.892250806643713,"TreeMovement"
"TreeMovement","Angelina",2023-05-16 13:03:01.209595,0.0157788172112865,0.0722644492085147,0.0421165464821672,0.869840187098031,"TreeMovement"
"TreeMovement","Angelina",2023-05-16 13:03:02.160002,0.0113449836505771,0.0899700080123,0.0508862253405227,0.8477987829966,"TreeMovement"
"TreeMovement","Angelina",2023-05-16 13:03:03.1968,0.00295967864180688,0.105651919703761,0.0402580177136794,0.851130383940752,"TreeMovement"
"TreeMovement","Angelina",2023-05-16 13:03:04.233598,0.0313898092206414,0.121487580935057,0.123403495095173,0.723719114749128,"TreeMovement"
"Stationary","Angelina",2023-05-16 13:03:05.183995,0.0164235908096754,0.00868955585872366,0.93498614088655,0.0399007124450508,"Stationary"
"Stationary","Angelina",2023-05-16 13:03:06.220803,0.00364830334134563,0.00258775633946166,0.965765282920808,0.0279986573983845,"Stationary"
"Stationary","Angelina",2023-05-16 13:03:07.1712,0.00949674094285281,0.00282595985188072,0.955019056280994,0.0326582429242729,"Stationary"
"Stationary","Angelina",2023-05-16 13:03:08.207998,0.00563459581194915,0.00306199787782325,0.971445895320384,0.0198575109898439,"Stationary"
"Stationary","Angelina",2023-05-16 13:03:09.7632,0.0074552285670976,0.00418047164295459,0.946595855258884,0.0417684445310639,"Stationary"
"Stationary","Angelina",2023-05-16 13:03:11.750405,0.00676335563784404,0.000545702592087312,0.980680071027956,0.0120108707421122,"Stationary"
"Stationary","Angelina",2023-05-16 13:03:13.7376,0.0151291712683254,0.0114402650555447,0.918593949630785,0.0548366140453453,"Stationary"
"Stationary","Angelina",2023-05-16 13:03:15.724795,0.0115128088525087,0.00403592542064575,0.904349379588124,0.0801018861387211,"Stationary"
"Stationary","Angelina",2023-05-16 13:03:17.712,0.00683156846185496,0.000818553888130969,0.956361116524827,0.0359887611251868,"Stationary"
"Stationary","Angelina",2023-05-16 13:03:19.699195,0.00508023127395569,0.000151584053357587,0.972372723532342,0.0223954611403452,"Stationary"
"Stationary","Angelina",2023-05-16 13:03:21.6864,0.00668431538145044,0.000170532060027285,0.963271183871457,0.0298739686870656,"Stationary"
"Stationary","Angelina",2023-05-16 13:03:23.673595,0.0090917949717404,0.000170532060027285,0.9662205764525,0.0245170965157323,"Stationary"
"Stationary","Angelina",2023-05-16 13:03:25.6608,0.0132847181619351,0.00405866302864939,0.940158946707378,0.0424976721020377,"Stationary"
"Stationary","Angelina",2023-05-16 13:03:27.561605,0.00193269668030923,0.00204638472032742,0.971409082050283,0.0246118365490808,"Stationary"
"Stationary","Angelina",2023-05-16 13:03:29.5488,0.000970137941488555,0.000389787565776652,0.981089347972022,0.0175507265207129,"Stationary"
"Stationary","Angelina",2023-05-16 13:03:31.622395,0.00790781524069382,0.00566545399423981,0.954316897290976,0.0321098334740899,"Stationary"
"Stationary","Angelina",2023-05-16 13:03:33.5232,0.00273338530500877,0.000424435349401243,0.970525563567856,0.0263166157777345,"Stationary"
"Stationary","Angelina",2023-05-16 13:03:35.510405,0.00406136988674506,0.0022737608003638,0.981067151735638,0.0125977175772537,"Stationary"
"Stationary","Angelina",2023-05-16 13:03:37.4976,0.00744602524957232,0.00563892678490223,0.962318369821781,0.024596678143745,"Stationary"
"Stationary","Angelina",2023-05-16 13:03:39.484805,0.0126404859351653,0.000886766712141883,0.975447172957405,0.0110255743952879,"Stationary"
"Stationary","Angelina",2023-05-16 13:03:41.472,0.0283862794776847,0.0102432924056389,0.920303059832391,0.0410673682842851,"Stationary"
"Stationary","Angelina",2023-05-16 13:03:43.459205,0.00868684900062799,0.00610992009354902,0.951386994088222,0.0338162368176011,"Stationary"
"Stationary","Angelina",2023-05-16 13:03:45.4464,0.0236151713982546,0.0166829078152407,0.920408627298123,0.0392932934883822,"Stationary"
"Stationary","Angelina",2023-05-16 13:03:47.433595,0.0232670694471513,0.0101848242707724,0.837500270685809,0.129047835596267,"Stationary"
"Stationary","Angelina",2023-05-16 13:03:49.4208,0.00314536910716993,0.00250438511011499,0.928319690768531,0.0660305550141839,"Stationary"
"Stationary","Angelina",2023-05-16 13:03:51.407995,0.00100424435349401,0.00424002252105936,0.978693237185734,0.0160624959397129,"Stationary"
"Stationary","Angelina",2023-05-16 13:03:53.3952,0.0066393815370623,0.00120455185257368,0.951952186058598,0.0402038805517659,"Stationary"
"Stationary","Angelina",2023-05-16 13:03:55.382395,0.00831438532666364,0.000303168106715174,0.969247926546699,0.0221345200199225,"Stationary"
"Stationary","Angelina",2023-05-16 13:03:57.3696,0.00380854934060937,0.000170532060027285,0.981099092661167,0.014921825938197,"Stationary"
"Stationary","Angelina",2023-05-16 13:03:59.356795,0.00543537105610776,0.00367212369258754,0.973741852357132,0.0171506528941727,"Stationary"
"Stationary","Ferrel",2023-05-16 14:57:10.137604,0.0089889343641049,0.00292178262846749,0.973463587344897,0.0146256956625306,"Stationary"
"Stationary","Ferrel",2023-05-16 14:57:12.2112,0.0035275774702787,0.000909504320145521,0.980063448753763,0.0154994694558132,"Stationary"
"Stationary","Ferrel",2023-05-16 14:57:14.198405,0.00740271552004158,0,0.981199787782325,0.0113974966976331,"Stationary"
"Stationary","Ferrel",2023-05-16 14:57:16.1856,0.0190844323177202,0.0300564109227138,0.452112973429481,0.498746183330085,"TreeMovement"
"TreeMovement","Ferrel",2023-05-16 14:57:24.220801,0.0205217739665216,0.0125771454557266,0.0340679746204985,0.932833105957253,"TreeMovement"
"TreeMovement","Ferrel",2023-05-16 14:57:26.207996,0.0073193442906949,0.0235778167565344,0.0202402607245718,0.948862578228199,"TreeMovement"
"Stationary","Ferrel",2023-05-16 14:57:28.195201,0.0228150241451742,0.0146256956625306,0.451952727430217,0.510606552762078,"TreeMovement"
"TreeMovement","Ferrel",2023-05-16 14:57:30.268796,0.00160787370882869,0.022233591026224,0.0284371684098833,0.947721366855064,"TreeMovement"
"Stationary","Ferrel",2023-05-16 14:57:33.119998,0.0694298274107279,0.0144719461226965,0.665347885402456,0.25075034106412,"Stationary"
"Stationary","Ferrel",2023-05-16 14:57:35.107203,0.0671008467052124,0.00834361939409689,0.760314212087746,0.164241321812945,"Stationary"
"Stationary","Ferrel",2023-05-16 14:57:37.094398,0.098362350852119,0.0110266571385262,0.730171723077589,0.160439268931766,"Stationary"
"Stationary","Ferrel",2023-05-16 14:57:39.081603,0.186733688473116,0.0040700318326512,0.6502376621408,0.158958617553433,"Stationary"
"Stationary","Ferrel",2023-05-16 14:57:41.068798,0.23154085190238,0.0204237857034583,0.544493709261786,0.203541653132376,"Stationary"
"Stationary","Ferrel",2023-05-16 14:57:43.056003,0.0523046189826545,0.00175133718789926,0.818305939929405,0.127638103900041,"Stationary"
"Stationary","Ferrel",2023-05-16 14:57:45.043198,0.0960171289980295,0.00451341518872215,0.71124320578618,0.188226250027069,"Stationary"
"Stationary","Ferrel",2023-05-16 14:57:47.116804,0.0807071396089132,0.0056383854132831,0.794936009874618,0.118718465103186,"Stationary"
"Stationary","Ferrel",2023-05-16 14:57:49.017598,0.0898173412157042,0.00496437774746097,0.744132614391823,0.161085666645012,"Stationary"
"Stationary","Ferrel",2023-05-16 14:57:51.091204,0.114152536867407,0.0116357002100522,0.761479785183741,0.112731977738799,"Stationary"
"Stationary","Ferrel",2023-05-16 14:57:53.078399,0.142190714393989,0.0193648628164317,0.722189739925074,0.116254682864506,"Stationary"
"Stationary","Ferrel",2023-05-16 14:57:55.065604,0.145052946144351,0.0168610190779359,0.724166287706533,0.11391974707118,"Stationary"
"Stationary","Ferrel",2023-05-16 14:57:57.052799,0.0253616362415817,0.0459283440524914,0.643902531453691,0.284807488252236,"Stationary"
"TreeMovement","Ferrel",2023-05-16 14:57:59.558398,0.00821747980683861,0.00659769592238896,0.00650566274713614,0.978679161523636,"TreeMovement"
"TreeMovement","Ferrel",2023-05-16 14:58:01.545603,0.0157842309274779,0.00223586478702441,0.0121278070118452,0.969852097273652,"TreeMovement"
"TreeMovement","Ferrel",2023-05-16 14:58:03.532798,0.00485935165334892,0.00712011953485351,0.0331936594555967,0.954826869356201,"TreeMovement"
"TreeMovement","Ferrel",2023-05-16 14:58:05.520003,0.00806968535481496,0.00470668485675307,0.0395515277507092,0.947672102037723,"TreeMovement"
"TreeMovement","Ferrel",2023-05-16 14:58:07.507198,0.00704811710950865,0.00554797635288768,0.00841074947486953,0.978993157062734,"TreeMovement"
"TreeMovement","Ferrel",2023-05-16 14:58:09.494403,0.0152369042205331,0.0164457870460599,0.0217468979406224,0.946570410792785,"TreeMovement"
"TreeMovement","Ferrel",2023-05-16 14:58:11.481598,0.00278698109530306,0.00395309556291821,0.00301002620238637,0.990249897139392,"TreeMovement"
"TreeMovement","Ferrel",2023-05-16 14:58:13.468804,0.0132738907295524,0.00413986877151952,0.00451503930357955,0.978071201195349,"TreeMovement"
"TreeMovement","Ferrel",2023-05-16 14:58:15.455999,0.00406894908941294,0.000584681348664978,0.00535145845514195,0.98999491110678,"TreeMovement"
"TreeMovement","Ferrel",2023-05-16 14:58:17.443204,0.0182999848415947,0.00159163256025466,0.0258023127395569,0.954306069858594,"TreeMovement"
"TreeMovement","Ferrel",2023-05-16 14:58:19.430399,0.0246605599948028,0,0.0205916109053899,0.954747829099807,"TreeMovement"
"TreeMovement","Ferrel",2023-05-16 14:58:21.417604,0.00635137183568289,0.00136425648021828,0.00403592542064575,0.988248446263453,"TreeMovement"
"TreeMovement","Ferrel",2023-05-16 14:58:23.404799,0.0380059117780809,0,0.0199674094285281,0.942026678793391,"TreeMovement"
"TreeMovement","Ferrel",2023-05-16 14:58:25.392004,0.121195781632344,0.00284220100045475,0.099104571341952,0.77685744602525,"TreeMovement"
"TreeMovement","Ferrel",2023-05-16 14:58:27.379199,0.00457025920873124,0.00625338357261959,0.00353190844323177,0.985644448775417,"TreeMovement"
"TreeMovement","Ferrel",2023-05-16 14:58:29.366404,0.02920212650772,0.00427791853439875,0.0172583858463804,0.949261569111501,"TreeMovement"
"Stationary","Ferrel",2023-05-16 14:58:31.353599,0.101687455336841,0.0262067173390502,0.443353580631889,0.428752246692219,"Stationary"
"Stationary","Ferrel",2023-05-16 14:58:33.340804,0.0271389592671994,0.0110894562463457,0.864668464020443,0.0971031204660127,"Stationary"
"Stationary","Ferrel",2023-05-16 14:58:35.4144,0.017599449966435,0.00917408345784881,0.871590441542693,0.101636025033024,"Stationary"
"Stationary","Ferrel",2023-05-16 14:58:37.401605,0.00739730180385023,0.00718833235886442,0.921124861950237,0.0642895038870482,"Stationary"
"Stationary","Ferrel",2023-05-16 14:58:39.3888,0.0179123627622945,0.00111739102189307,0.935100911669807,0.0458693345460058,"Stationary"
"Stationary","Ferrel",2023-05-16 14:58:41.376005,0.0234668355746118,0.00381179757032417,0.912434764719894,0.0602866021351697,"Stationary"
"Stationary","Ferrel",2023-05-16 14:58:43.103998,0.00862296714957015,0.0147648281686481,0.918652417765651,0.0579597869161307,"Stationary"
"TreeMovement","Ferrel",2023-05-16 14:58:45.091203,0.0718714134130232,0.0112670261374218,0.219831525152126,0.69703003529743,"TreeMovement"
"TreeMovement","Ferrel",2023-05-16 14:58:47.078398,0.158011217219949,0.00191104181554386,0.124980510621711,0.715097230342797,"TreeMovement"
"TreeMovement","Ferrel",2023-05-16 14:58:49.065603,0.0446826479568635,0.00535524805647589,0.0729563221377683,0.877005781848892,"TreeMovement"
"TreeMovement","Ferrel",2023-05-16 14:58:51.052798,0.0827897962277226,0.0181164598627082,0.151152038805518,0.747941705104052,"TreeMovement"
"TreeMovement","Ferrel",2023-05-16 14:58:53.040003,0.0550704865848113,0.0138417895580242,0.109197362437472,0.821890361419693,"TreeMovement"
"TreeMovement","Ferrel",2023-05-16 14:58:55.027198,0.102238030273501,0.00294614435132853,0.0648200480737998,0.829995777301371,"TreeMovement"
"TreeMovement","Ferrel",2023-05-16 14:58:57.014403,0.103716516165357,0.024754217284913,0.111615128088525,0.759914138461205,"TreeMovement"
"TreeMovement","Ferrel",2023-05-16 14:58:59.001598,0.0810844756274497,0.0346109703544901,0.0865848112778536,0.797719742740207,"TreeMovement"
"Stationary","Ferrel",2023-05-16 14:59:00.988803,0.0157593278329977,0.00688949522510232,0.784747396002512,0.192603780939388,"Stationary"
"Stationary","Ferrel",2023-05-16 14:59:02.975998,0.0265347885402456,0.0125392494423872,0.819711340652677,0.14121462136469,"Stationary"
"Stationary","Ferrel",2023-05-16 14:59:04.963203,0.0433064813010243,0.0103012191688863,0.803363541869681,0.143028757660409,"Stationary"
"Stationary","Ferrel",2023-05-16 14:59:06.950398,0.0365734424738518,0.030355789428095,0.809190324606423,0.12388044349163,"Stationary"
"TreeMovement","Ferrel",2023-05-16 14:59:08.937603,0.0584589315489725,0.0279807921349531,0.159601225665346,0.753959050650729,"TreeMovement"
"TreeMovement","Ferrel",2023-05-16 14:59:11.011199,0.114025314536911,0.0602005240477273,0.167848480911237,0.657925680504125,"TreeMovement"
"TreeMovement","Ferrel",2023-05-16 14:59:12.998404,0.0518292947010546,0.0151746464843327,0.17867699603716,0.754319062777453,"TreeMovement"
"TreeMovement","Ferrel",2023-05-16 14:59:14.985599,0.0829944346997553,0.00563459581194915,0.0829137703285043,0.828457199159791,"TreeMovement"
"TreeMovement","Ferrel",2023-05-16 14:59:16.972804,0.0509268282119578,0.00727549318954503,0.139272179995236,0.802525498603261,"TreeMovement"
"TreeMovement","Ferrel",2023-05-16 14:59:18.959999,0.0431738452543364,0.025072543796964,0.142512830507374,0.789240780441326,"TreeMovement"
"TreeMovement","Ferrel",2023-05-16 14:59:20.947204,0.107168301608957,0.0420467095432989,0.172084172459343,0.678700816388402,"TreeMovement"
"TreeMovement","Ferrel",2023-05-16 14:59:23.0208,0.0504390523831179,0.022943329218909,0.072350527295957,0.854267091102016,"TreeMovement"
"TreeMovement","Ferrel",2023-05-16 14:59:25.007995,0.0657912687585266,0.00857099547413327,0.0825802854111176,0.843057450356222,"TreeMovement"
"TreeMovement","Ferrel",2023-05-16 14:59:26.9952,0.0126366963338314,0.0053411723943784,0.595601355594535,0.386420775677256,"Stationary"
"TreeMovement","Ferrel",2023-05-16 14:59:28.982395,0.04332163970636,0.0267605405054245,0.121126486065095,0.808791333723121,"TreeMovement"
"TreeMovement","Ferrel",2023-05-16 14:59:30.9696,0.013502349552827,0.0170905606444488,0.376306329716971,0.593100760085753,"TreeMovement"
"TreeMovement","Ferrel",2023-05-16 14:59:32.956795,0.0628776067043462,0.0281827237488902,0.278918989150913,0.630020680395851,"TreeMovement"
"TreeMovement","Ferrel",2023-05-16 14:59:34.944,0.0365225535416531,0.0211416444704303,0.332893198206977,0.60944260378094,"TreeMovement"
"TreeMovement","Ferrel",2023-05-16 14:59:36.931195,0.030839775655601,0.0261682799540917,0.339992745620304,0.602999198770004,"TreeMovement"
"TreeMovement","Ferrel",2023-05-16 14:59:38.9184,0.0272158340371164,0.0222947660191862,0.257306892743455,0.693182507200243,"TreeMovement"
"TreeMovement","Ferrel",2023-05-16 14:59:40.905595,0.0541571926633318,0.0117374780744494,0.165128629896706,0.768976699365512,"TreeMovement"
"TreeMovement","Ferrel",2023-05-16 14:59:42.892801,0.0375235496654323,0.135510729985491,0.171319755733125,0.655645964615951,"TreeMovement"
"TreeMovement","Ferrel",2023-05-16 14:59:44.879996,0.0590825916542151,0.0289092444617683,0.117589163905671,0.794418999978345,"TreeMovement"
"TreeMovement","Ferrel",2023-05-16 14:59:46.867201,0.0401578639641395,0.0240823751055675,0.405849520344746,0.529910240585548,"TreeMovement"
"TreeMovement","Ferrel",2023-05-16 14:59:48.854396,0.0339212629117131,0.0335525888390827,0.279013187812642,0.653512960436562,"TreeMovement"
"TreeMovement","Ferrel",2023-05-16 14:59:50.841601,0.0319636631369237,0.0222769007557548,0.0535578942809502,0.892201541826371,"TreeMovement"
"TreeMovement","Ferrel",2023-05-16 14:59:52.828796,0.0197286645444899,0.0144833149266983,0.548428939561272,0.417359080967539,"Stationary"
"TreeMovement","Ferrel",2023-05-16 14:59:54.816001,0.025447714329024,0.00892396976980879,0.466159401459538,0.499468914441629,"TreeMovement"
"Stationary","Ferrel",2023-05-16 14:59:56.889596,0.0176200220879621,0.00188505597782542,0.870093007644167,0.110401914290045,"Stationary"
"Stationary","Ferrel",2023-05-16 14:59:58.876801,0.0204378613655558,0.00576993871673271,0.872841551354512,0.1009506485632,"Stationary"
"Stationary","Ferrel",2023-05-16 15:00:00.863997,0.0149516013772494,0.00369431992897204,0.944893782888326,0.0364602958054527,"Stationary"
"Stationary","Ferrel",2023-05-16 15:00:02.851202,0.0139381537062301,0.000757920266787934,0.939412395244592,0.0458915307823903,"Stationary"
"Stationary","Murray",2023-05-17 12:24:26.208,0.0563751921869248,0.0234727906624223,0.806645877996492,0.113506139154161,"Stationary"
"Stationary","Murray",2023-05-17 12:24:28.195205,0.0755191753827498,0.00479005608609974,0.85100640983997,0.06868435869118,"Stationary"
"Stationary","Murray",2023-05-17 12:24:30.1824,0.048975724896598,0.00130578834535178,0.898880984863249,0.0508375018948007,"Stationary"
"TreeMovement","Murray",2023-05-17 12:24:33.206403,0.0177781026007493,0.0142429459278027,0.0526630069945213,0.915315944476927,"TreeMovement"
"TreeMovement","Murray",2023-05-17 12:24:42.1056,0.0147854002901752,0.01373189111934,0.00463359968816995,0.966849108902315,"TreeMovement"
"TreeMovement","Murray",2023-05-17 12:24:44.092795,0.00833712293466727,0.00333863877520085,0.00636490612616124,0.981959332163971,"TreeMovement"
"TreeMovement","Murray",2023-05-17 12:24:46.425603,0.0792551809263951,0.0323908053444206,0.0294939258104333,0.858860087918751,"TreeMovement"
"TreeMovement","Murray",2023-05-17 12:24:48.412798,0.00725871066935187,0.00766257389722601,0.0128196799410988,0.972259035492324,"TreeMovement"
"TreeMovement","Murray",2023-05-17 12:24:51.696003,0.025701617618398,0.00705948591351047,0.00584952034474545,0.961389376123346,"TreeMovement"
"TreeMovement","Murray",2023-05-17 12:24:53.769598,0.00150068212824011,0.00620411875527837,0.00589391281751445,0.986401286298967,"TreeMovement"
"TreeMovement","Murray",2023-05-17 12:24:55.756804,0.00635299595054029,0.00271497866995821,0.00764254314731805,0.983289482232184,"TreeMovement"
"Stationary","Murray",2023-05-17 12:24:57.9168,0.275795816280127,0.00544619848849044,0.544713506139154,0.174044479092228,"Stationary"
"Stationary","Murray",2023-05-17 12:24:59.904005,0.321915805885792,0.00263918664327941,0.586403993157062,0.0890410143138656,"Stationary"
"Stationary","Murray",2023-05-17 12:25:01.977601,0.234126984126984,0.000170532060027285,0.625464496849217,0.140237986963772,"Stationary"
"TreeMovement","Murray",2023-05-17 12:25:03.964796,0.0120016674245869,0.00657441694276619,0.0254975205179844,0.955926395114662,"TreeMovement"
"TreeMovement","Murray",2023-05-17 12:25:08.544,0.00310747309383053,0.00328937395785963,0.00468773685008337,0.988915416098226,"TreeMovement"
"TreeMovement","Murray",2023-05-17 12:25:10.531195,0.0177542822495074,0.00980748825223587,0.0119946295935382,0.960443599904719,"TreeMovement"
"TreeMovement","Murray",2023-05-17 12:25:12.604801,0.0233439442170684,0.000136425648021828,0.0176460079256805,0.958873622209229,"TreeMovement"
"Stationary","Murray",2023-05-17 12:25:14.591996,0.229007774096451,0.000617163645813032,0.606256631802335,0.164118430455402,"Stationary"
"Stationary","Murray",2023-05-17 12:25:16.665602,0.40459624504645,0.00254282249507352,0.533542302778319,0.0593186296801576,"Stationary"
"Stationary","Murray",2023-05-17 12:25:18.652797,0.213235994716213,0.00912102903917365,0.618822949825679,0.158820026418935,"Stationary"
"TreeMovement","Murray",2023-05-17 12:25:20.640002,0.0381629095476299,0.00768747699170619,0.0272336993005479,0.926915914160116,"TreeMovement"
"TreeMovement","Murray",2023-05-17 12:25:22.886399,0.0584941207042162,0.00792568050412525,0.0348800320491998,0.898700166742459,"TreeMovement"
"Stationary","Murray",2023-05-17 12:25:24.873604,0.436811645986271,0.000389787565776652,0.507573788951688,0.0552247774962646,"Stationary"
"Stationary","Murray",2023-05-17 12:25:26.9472,0.156600402780485,0.0186675761709868,0.413296086965937,0.411435934082592,"Stationary"
"TreeMovement","Murray",2023-05-17 12:25:29.020795,0.00368349249658936,0.000511596180081855,0.00353623941618485,0.992268671907144,"TreeMovement"
"Stationary","Murray",2023-05-17 12:25:31.008,0.086784036033695,0.01169958206111,0.481350830464064,0.420165551441131,"Stationary"
"Stationary","Murray",2023-05-17 12:25:33.167997,0.096600186231837,0.0395342038588969,0.439944022174582,0.423921587734684,"Stationary"
"Stationary","Murray",2023-05-17 12:25:35.155202,0.0442268130535525,0.012538166699149,0.700622577362004,0.242612442885294,"Stationary"
"Stationary","Murray",2023-05-17 12:25:37.142397,0.139038848827389,0.00392007189415102,0.637875982589489,0.219165096688971,"Stationary"
"Stationary","Murray",2023-05-17 12:25:39.216002,0.0307260876155828,0.0156526776240282,0.492223738062756,0.461397496697633,"Stationary"
"TreeMovement","Murray",2023-05-17 12:25:42.8448,0.00630373113319907,0.00360012126724269,0.0209813984711665,0.969114749128391,"TreeMovement"
"Stationary","Murray",2023-05-17 12:25:44.918396,0.315081530565842,0.00332726997119903,0.430237229043504,0.251353970419455,"Stationary"
"Stationary","Murray",2023-05-17 12:25:46.992001,0.414618657831482,0.000194893782888326,0.469542974079127,0.115643474306503,"Stationary"
"Stationary","Murray",2023-05-17 12:25:48.979196,0.340230407761104,0,0.579385651486606,0.0803839407522901,"Stationary"
"Stationary","Murray",2023-05-17 12:25:51.139203,0.445536391000238,0.000682128240109141,0.523644405465688,0.0301370752939648,"Stationary"
"Stationary","Murray",2023-05-17 12:25:53.126398,0.38607429784101,0.000498061889603499,0.53701844994478,0.0764091903246064,"Stationary"
"Stationary","Murray",2023-05-17 12:25:55.200003,0.336586435392711,0.00191916238983088,0.590292124125685,0.0712022780917733,"Stationary"
"Stationary","Murray",2023-05-17 12:25:57.187198,0.295441650966889,0.00045475216007276,0.547877823252994,0.156225773620044,"Stationary"
"TreeMovement","Murray",2023-05-17 12:25:59.606397,0.00670380475973928,0.000288009701379415,0.00598757010762468,0.987020615431257,"TreeMovement"
"TreeMovement","Murray",2023-05-17 12:26:01.593602,0.0183438359427445,0.00216656921977522,0.0217912904133914,0.957698304424089,"TreeMovement"
"TreeMovement","Murray",2023-05-17 12:26:03.667197,0.00126193724420191,0,0.000898135516143702,0.997839927239654,"TreeMovement"
"TreeMovement","Murray",2023-05-17 12:26:05.654402,0.0337777994326425,0,0.0204199961021243,0.945802204465233,"TreeMovement"
"TreeMovement","Murray",2023-05-17 12:26:07.641598,0.0038881309686221,0.000954979536152797,0.00169774139760497,0.99345914809762,"TreeMovement"
"TreeMovement","Murray",2023-05-17 12:26:09.715203,0.00786396413954395,0.000894345914809762,0.0352140583382057,0.956027631607441,"TreeMovement"
"Stationary","Murray",2023-05-17 12:26:11.702398,0.145144437947985,0.00250113688040018,0.602508716083068,0.249845709088547,"Stationary"
"Stationary","Murray",2023-05-17 12:26:13.862405,0.101891552437255,0.00562755798090041,0.769482881829403,0.122998007752442,"Stationary"
"Stationary","Murray",2023-05-17 12:26:15.936,0.161147924381212,0.000194893782888326,0.7330664371251,0.105590744710799,"Stationary"
"Stationary","Murray",2023-05-17 12:26:17.923195,0.397458801619784,0.00110656358951038,0.51235031074731,0.0890843240433964,"Stationary"
"Stationary","Murray",2023-05-17 12:26:19.9104,0.318153814504428,0,0.590904956798545,0.0909412286970268,"Stationary"
"Stationary","Murray",2023-05-17 12:26:21.983996,0.14892429459278,0.00108003638017281,0.746388509928756,0.103607159098291,"Stationary"
"Stationary","Murray",2023-05-17 12:26:23.971201,0.174053141038134,0.00523235669893242,0.541807423287642,0.278907078975292,"Stationary"
"TreeMovement","Murray",2023-05-17 12:26:26.131198,0.024032027544988,0.000682128240109141,0.0161756426081119,0.959110201606791,"TreeMovement"
"TreeMovement","Murray",2023-05-17 12:26:28.118403,0.00319788215422595,0,0.00738268477013361,0.989419433075641,"TreeMovement"
"TreeMovement","Murray",2023-05-17 12:26:30.105598,0.0217344463933823,0.0203209250958228,0.0167359622339158,0.941208666276879,"TreeMovement"
"TreeMovement","Murray",2023-05-17 12:26:32.179204,0.0238127720392386,0.0203999653522164,0.0218513826631153,0.933935879945429,"TreeMovement"
"Stationary","Murray",2023-05-17 12:26:34.166399,0.0261634076095195,0.000573853916282293,0.892263258190953,0.0809994802832456,"Stationary"
"Stationary","Murray",2023-05-17 12:26:36.240004,0.00705028259598519,0.00497953615279673,0.949065051213755,0.0389051300374629,"Stationary"
"Stationary","Murray",2023-05-17 12:26:38.227199,0.00202743671365772,0.000170532060027285,0.971002511964313,0.0267995192620022,"Stationary"
"Stationary","Murray",2023-05-17 12:26:40.214404,0.0136252409103705,0.0034691093354122,0.958233179583794,0.0246724701704238,"Stationary"
"Stationary","Murray",2023-05-17 12:26:41.942397,0.0484164880140324,0.0220284111825722,0.730158188787111,0.199396912016284,"Stationary"
"TreeMovement","Murray",2023-05-17 12:26:44.016003,0.0521595313887265,0.0171533597522683,0.122456094761688,0.808231014097317,"TreeMovement"
"TreeMovement","Murray",2023-05-17 12:26:46.003198,0.0174581519738409,0.141706186794864,0.156229021849759,0.684606639381537,"TreeMovement"
"TreeMovement","Murray",2023-05-17 12:26:47.990403,0.0278140496762598,0.215751207258711,0.0422681305355248,0.714166612529505,"TreeMovement"
"TreeMovement","Murray",2023-05-17 12:26:50.063999,0.00885250871608307,0.00389625154290911,0.00896024166829078,0.978290998072717,"TreeMovement"
"TreeMovement","Murray",2023-05-17 12:26:52.051204,0.00749366595205613,0.0356926308495203,0.011300049806189,0.945513653392234,"TreeMovement"
"TreeMovement","Murray",2023-05-17 12:26:54.038399,0.0335948158253752,0.0139776738344269,0.0443626973299552,0.908064813010243,"TreeMovement"
"Stationary","Murray",2023-05-17 12:26:56.8032,0.030856016804175,0.0056226856363282,0.902404772732194,0.0611165248273025,"Stationary"
"Stationary","Murray",2023-05-17 12:26:58.876796,0.108292730461898,0.022027869810953,0.793678944974989,0.0760004547521601,"Stationary"
"Stationary","Murray",2023-05-17 12:27:00.864001,0.0212769873752138,0.00699019034626129,0.891707269538102,0.0800255527404231,"Stationary"
"Stationary","Murray",2023-05-17 12:27:02.851196,0.00615810216765196,0.000477489768076398,0.969705926936486,0.0236584811277854,"Stationary"
"Stationary","Murray",2023-05-17 12:27:04.924801,0.00826782736741809,0,0.91944119621473,0.0722909764178523,"Stationary"
"Stationary","Murray",2023-05-17 12:27:06.911996,0.0603705147361355,0.00465146495160138,0.857340457783841,0.077637562528422,"Stationary"
"Stationary","Murray",2023-05-17 12:27:08.899201,0.02376188310704,0.00362502436172286,0.906339461660062,0.0662736308711752,"Stationary"
"Stationary","Murray",2023-05-17 12:27:10.972797,0.0168772602265099,0.00411280019056281,0.915754455488425,0.0632554840945018,"Stationary"
"Stationary","Murray",2023-05-17 12:27:12.960002,0.0118695727495182,0.000170532060027285,0.946744732454146,0.0412151627363087,"Stationary"
"Stationary","Murray",2023-05-17 12:27:14.947197,0.00217902076701531,0.000545702592087312,0.980095389679291,0.0171798869616059,"Stationary"
"Stationary","Murray",2023-05-17 12:27:17.020803,0.0540001948937829,0.0102016067909656,0.852548777582884,0.0832494207323675,"Stationary"
"Stationary","Murray",2023-05-17 12:27:19.007998,0.0208011217219948,0.00312263149916629,0.943362242577795,0.0327140042010438,"Stationary"
